Unnamed: 0,Unnamed: 1,Unnamed: 2,Unnamed: 3,Unnamed: 4,Unnamed: 5,Unnamed: 6,Unnamed: 7,Unnamed: 8,Start Time,00:00:00,00:15:00,00:30:00,00:45:00,01:00:00,01:15:00,01:30:00,01:45:00,02:00:00,02:15:00,02:30:00,02:45:00,03:00:00,03:15:00,03:30:00,03:45:00,04:00:00,04:15:00,04:30:00,04:45:00,05:00:00,05:15:00,05:30:00,05:45:00,06:00:00,06:15:00,06:30:00,06:45:00,07:00:00,07:15:00,07:30:00,07:45:00,08:00:00,08:15:00,08:30:00,08:45:00,09:00:00,09:15:00,09:30:00,09:45:00,10:00:00,10:15:00,10:30:00,10:45:00,11:00:00,11:15:00,11:30:00,11:45:00,12:00:00,12:15:00,12:30:00,12:45:00,13:00:00,13:15:00,13:30:00,13:45:00,14:00:00,14:15:00,14:30:00,14:45:00,15:00:00,15:15:00,15:30:00,15:45:00,16:00:00,16:15:00,16:30:00,16:45:00,17:00:00,17:15:00,17:30:00,17:45:00,18:00:00,18:15:00,18:30:00,18:45:00,19:00:00,19:15:00,19:30:00,19:45:00,20:00:00,20:15:00,20:30:00,20:45:00,21:00:00,21:15:00,21:30:00,21:45:00,22:00:00,22:15:00,22:30:00,22:45:00,23:00:00,23:15:00,23:30:00,23:45:00,SCATS Number,flow
3120,BURKE_RD N of CANTERBURY_RD,045 J10,-37.82264,145.05734,6379,496,1,1,2006-10-01 00:15:00,89,88,97,82,55,56,50,45,53,34,31,24,20,28,21,17,17,22,24,38,25,27,42,51,51,65,69,91,73,74,80,80,80,101,175,131,142,143,148,179,198,249,180,216,230,182,158,202,188,210,233,197,216,152,253,211,179,233,205,186,169,193,185,198,194,184,185,203,205,213,232,198,146,185,170,182,161,117,119,99,125,98,103,111,98,116,107,95,85,81,59,62,57,40,54,39,3120.0,154
3120,BURKE_RD N of CANTERBURY_RD,045 J10,-37.82264,145.05734,6379,496,1,1,2006-10-02 00:15:00,31,31,23,18,36,15,13,10,14,9,9,3,10,14,5,14,8,16,9,23,20,26,38,44,86,131,156,222,188,272,251,314,237,343,289,251,222,283,215,213,206,226,186,193,187,186,172,184,178,191,191,211,186,204,195,191,207,177,227,182,162,195,215,192,221,226,209,226,172,221,192,201,198,212,175,180,150,179,147,124,119,98,119,115,120,103,122,92,75,105,67,48,46,51,35,30,3120.0,523
3120,BURKE_RD N of CANTERBURY_RD,045 J10,-37.82264,145.05734,6379,496,1,1,2006-10-03 00:15:00,24,26,17,12,11,13,10,8,4,8,8,9,6,12,8,10,5,14,17,31,22,35,43,71,99,132,179,210,243,243,273,313,250,287,331,250,248,221,249,224,183,184,203,182,172,211,191,195,185,214,186,178,189,203,191,178,200,196,194,213,193,191,219,221,216,219,218,213,213,203,225,209,233,227,226,197,182,153,200,163,169,128,126,125,138,113,117,113,125,93,86,73,75,53,37,41,3120.0,516
3120,BURKE_RD N of CANTERBURY_RD,045 J10,-37.82264,145.05734,6379,496,1,1,2006-10-04 00:15:00,32,38,24,38,17,13,13,10,7,10,8,13,9,13,7,9,8,11,12,31,18,36,44,53,126,127,185,214,208,219,261,239,322,275,314,265,228,268,207,190,211,189,212,183,167,200,164,216,219,219,211,182,188,212,176,173,191,206,222,176,207,191,194,208,178,213,215,207,212,204,190,182,182,206,211,203,182,173,164,167,152,120,129,116,161,123,117,128,117,123,83,81,70,80,51,41,3120.0,480
3120,BURKE_RD N of CANTERBURY_RD,045 J10,-37.82264,145.05734,6379,496,1,1,2006-10-05 00:15:00,37,30,26,26,30,20,11,7,8,8,11,13,12,17,9,11,19,12,23,28,21,30,39,60,115,113,164,205,207,241,264,298,268,305,293,263,222,233,218,245,200,175,195,209,172,206,214,208,198,223,176,223,189,213,194,182,187,194,235,207,194,207,202,199,230,215,195,210,223,216,204,216,202,215,238,209,183,175,160,190,140,139,162,139,149,131,102,142,93,98,97,89,82,61,43,44,3120.0,505
3120,BURKE_RD N of CANTERBURY_RD,045 J10,-37.82264,145.05734,6379,496,1,1,2006-10-06 00:15:00,41,36,25,29,31,12,13,12,9,9,7,21,12,18,17,10,14,16,15,28,19,35,31,70,99,167,180,204,230,193,274,269,268,306,315,273,219,255,246,224,198,199,224,244,209,202,202,238,209,232,195,241,208,213,194,207,182,213,222,172,186,206,204,207,216,191,219,216,187,196,195,189,207,229,212,223,236,201,234,159,160,129,129,145,146,122,96,116,116,113,113,111,106,129,91,110,3120.0,467
3120,BURKE_RD N of CANTERBURY_RD,045 J10,-37.82264,145.05734,6379,496,1,1,2006-10-07 00:15:00,69,107,61,59,55,39,41,46,31,29,21,22,24,27,27,26,15,16,27,18,23,14,32,30,35,59,87,91,94,102,118,101,149,172,188,217,212,208,245,224,208,206,225,240,203,208,220,252,232,203,202,197,183,206,209,200,212,215,225,243,228,200,219,203,221,194,200,211,199,199,200,197,206,207,214,226,191,223,176,169,177,140,123,112,122,113,137,116,124,120,120,119,124,143,133,143,3120.0,220
3120,BURKE_RD N of CANTERBURY_RD,045 J10,-37.82264,145.05734,6379,496,1,1,2006-10-08 00:15:00,98,122,91,68,51,88,51,42,43,31,41,30,28,28,19,23,18,21,18,24,34,37,52,59,54,73,99,82,121,87,78,114,132,134,108,139,166,150,179,204,180,197,218,231,251,189,186,230,199,228,182,216,196,177,221,186,217,228,171,159,186,205,193,202,177,178,164,155,218,191,208,188,168,209,182,152,177,122,114,107,110,111,107,117,98,112,98,103,100,81,83,62,66,48,55,29,3120.0,165
3120,BURKE_RD N of CANTERBURY_RD,045 J10,-37.82264,145.05734,6379,496,1,1,2006-10-09 00:15:00,30,27,9,16,15,10,8,15,3,6,12,6,11,8,4,12,14,5,16,25,18,43,38,60,85,123,161,237,213,254,255,278,265,314,311,283,203,195,234,218,215,188,167,204,176,194,195,192,191,204,209,185,202,183,165,180,186,189,227,205,222,202,204,205,219,204,223,221,215,192,207,221,194,213,183,196,159,168,171,121,114,116,88,125,115,112,97,70,93,97,70,57,57,47,33,26,3120.0,509
3120,BURKE_RD N of CANTERBURY_RD,045 J10,-37.82264,145.05734,6379,496,1,1,2006-10-10 00:15:00,27,23,14,27,15,13,14,7,13,7,10,4,8,7,8,11,12,16,22,35,27,32,51,54,91,131,194,216,224,247,276,275,287,295,339,214,257,246,247,221,187,193,191,205,220,193,220,207,190,178,190,175,200,196,216,187,205,191,189,214,186,187,222,211,226,215,219,229,217,217,222,211,202,193,218,204,240,164,166,160,129,126,126,127,119,118,122,123,100,117,84,76,59,57,40,46,3120.0,523
3120,BURKE_RD N of CANTERBURY_RD,045 J10,-37.82264,145.05734,6379,496,1,1,2006-10-11 00:15:00,38,41,16,18,32,13,13,8,9,4,14,6,13,9,10,7,9,11,14,29,21,30,47,71,93,179,196,188,218,254,277,275,247,354,319,265,223,235,254,182,218,166,195,225,199,182,209,215,199,209,203,187,198,186,196,174,185,215,194,200,173,180,202,170,196,256,182,217,197,238,216,209,195,205,191,211,184,169,189,137,137,117,119,134,113,109,110,134,105,108,95,81,78,70,34,46,3120.0,531
3120,BURKE_RD N of CANTERBURY_RD,045 J10,-37.82264,145.05734,6379,496,1,1,2006-10-12 00:15:00,36,30,25,31,20,9,15,6,12,8,11,9,4,12,9,11,11,15,16,22,24,32,41,53,118,163,181,213,237,255,249,282,268,321,316,279,227,271,226,235,199,212,148,201,208,192,198,211,211,208,168,197,207,211,202,216,206,191,189,185,202,198,179,188,213,185,199,193,212,184,241,212,212,205,185,204,206,193,178,131,128,128,136,127,123,152,120,110,113,130,104,74,76,75,45,37,3120.0,504
3120,BURKE_RD N of CANTERBURY_RD,045 J10,-37.82264,145.05734,6379,496,1,1,2006-10-13 00:15:00,38,51,21,30,28,17,24,13,11,12,9,13,15,8,11,15,10,14,24,29,22,36,42,55,114,127,163,235,203,220,261,272,277,322,307,231,221,251,234,218,203,190,215,209,197,225,197,198,227,205,237,177,194,191,189,188,189,188,204,199,209,217,175,246,222,194,227,196,211,236,196,230,202,219,172,225,225,208,182,193,192,141,134,136,116,117,91,113,101,122,121,110,128,108,102,78,3120.0,481
3120,BURKE_RD N of CANTERBURY_RD,045 J10,-37.82264,145.05734,6379,496,1,1,2006-10-14 00:15:00,105,74,75,49,47,42,35,38,35,32,18,19,20,31,24,24,23,14,29,17,23,26,28,40,39,61,80,83,81,86,114,141,152,150,178,215,182,183,174,233,229,210,215,225,209,225,247,228,251,245,207,212,251,232,224,242,224,217,204,222,218,237,224,224,192,231,222,237,202,253,231,219,239,232,244,225,211,194,173,140,151,137,125,128,129,129,103,114,123,96,126,109,107,124,108,109,3120.0,200
3120,BURKE_RD N of CANTERBURY_RD,045 J10,-37.82264,145.05734,6379,496,1,1,2006-10-15 00:15:00,106,90,85,56,71,73,44,42,41,42,39,28,30,30,28,34,25,27,20,30,42,51,55,61,62,70,89,90,72,72,103,80,88,111,128,156,177,165,211,190,212,205,208,212,216,216,234,214,188,197,221,236,214,209,215,172,221,220,185,191,229,218,211,203,201,184,217,214,184,211,220,213,212,147,211,170,150,131,115,95,112,106,117,131,122,128,114,104,118,84,75,50,51,66,44,41,3120.0,175
3120,BURKE_RD N of CANTERBURY_RD,045 J10,-37.82264,145.05734,6379,496,1,1,2006-10-16 00:15:00,39,29,21,20,15,15,15,8,5,9,8,5,7,12,8,7,7,6,19,25,24,25,45,51,104,135,178,219,208,220,257,277,305,311,333,263,228,253,224,212,174,204,173,192,181,192,192,210,206,196,196,221,187,208,191,199,195,199,164,213,179,220,226,201,210,225,205,241,201,190,227,215,195,205,171,189,159,164,134,125,125,142,105,97,107,100,114,90,99,71,68,62,51,57,27,39,3120.0,477
3120,BURKE_RD N of CANTERBURY_RD,045 J10,-37.82264,145.05734,6379,496,1,1,2006-10-17 00:15:00,24,25,10,14,23,12,15,6,5,10,4,4,12,4,7,13,10,10,20,23,28,29,38,64,87,133,187,200,250,197,284,305,258,329,284,274,277,248,208,194,238,208,211,195,185,180,207,173,184,183,185,204,208,187,208,163,191,200,215,210,185,223,149,220,228,217,208,206,175,207,235,182,225,208,162,207,180,190,179,129,124,121,128,131,123,130,121,132,122,90,93,80,80,53,49,43,3120.0,481
3120,BURKE_RD N of CANTERBURY_RD,045 J10,-37.82264,145.05734,6379,496,1,1,2006-10-18 00:15:00,34,39,19,22,19,16,19,14,5,5,7,9,14,9,7,7,9,12,12,29,31,27,50,60,95,134,185,239,228,259,253,278,291,284,323,268,225,247,215,241,219,194,159,224,212,214,204,214,223,206,165,200,196,206,194,178,183,215,202,197,216,196,190,195,251,218,207,176,195,268,221,226,183,207,213,238,230,215,170,145,145,120,116,99,143,114,127,108,118,109,87,87,84,80,63,66,3120.0,512
3120,BURKE_RD N of CANTERBURY_RD,045 J10,-37.82264,145.05734,6379,496,1,1,2006-10-19 00:15:00,50,49,21,25,22,13,13,16,5,5,18,9,14,6,10,15,14,12,18,30,16,42,48,55,92,146,185,215,229,221,244,277,269,282,326,262,268,248,230,219,176,263,192,218,190,233,195,204,205,194,224,196,220,185,251,200,220,194,227,192,187,225,224,206,229,212,222,245,199,215,196,183,206,195,211,227,223,199,200,153,171,128,138,129,110,132,133,109,123,131,84,93,84,86,48,47,3120.0,465
3120,BURKE_RD N of CANTERBURY_RD,045 J10,-37.82264,145.05734,6379,496,1,1,2006-10-20 00:15:00,47,41,33,25,26,21,19,14,15,11,15,16,12,14,12,13,9,16,21,27,31,29,38,67,111,133,184,190,216,241,264,282,272,289,318,255,248,246,219,244,201,233,216,189,201,190,199,180,163,238,202,203,200,214,200,203,204,207,178,215,168,214,181,180,243,181,238,201,215,222,207,207,241,212,194,221,208,193,187,171,164,159,128,128,118,114,87,132,114,122,95,102,105,100,88,79,3120.0,505
3120,BURKE_RD N of CANTERBURY_RD,045 J10,-37.82264,145.05734,6379,496,1,1,2006-10-21 00:15:00,88,66,58,58,38,30,18,39,33,26,18,19,15,17,25,23,12,14,22,21,30,25,25,38,48,62,73,89,72,97,117,145,147,151,171,202,208,207,241,196,228,237,217,244,232,231,244,226,193,233,265,217,231,173,236,258,231,244,213,211,228,219,194,217,249,215,212,226,187,237,228,199,233,211,225,196,190,178,166,151,134,110,122,141,113,112,146,108,109,95,110,143,128,130,114,102,3120.0,214
3120,BURKE_RD N of CANTERBURY_RD,045 J10,-37.82264,145.05734,6379,496,1,1,2006-10-22 00:15:00,100,96,77,90,84,64,60,38,40,41,26,31,24,28,22,22,26,23,24,23,27,50,58,53,65,63,69,93,95,92,100,117,103,95,112,124,139,172,164,199,210,196,260,215,194,234,200,205,187,206,224,180,197,193,205,206,166,217,193,214,162,196,204,224,188,219,197,199,217,203,189,212,174,193,160,198,158,117,132,112,108,86,118,101,133,116,109,97,74,81,68,50,61,49,41,45,3120.0,192
3120,BURKE_RD N of CANTERBURY_RD,045 J10,-37.82264,145.05734,6379,496,1,1,2006-10-23 00:15:00,30,35,23,22,18,9,12,12,8,10,6,5,13,9,9,8,6,18,10,24,37,30,56,50,81,127,182,190,225,261,264,256,298,268,279,292,243,216,219,201,209,180,199,184,180,177,199,205,194,218,224,217,186,163,205,193,202,205,175,184,164,225,216,232,224,199,197,198,184,192,227,213,199,205,173,203,149,166,140,136,129,93,108,86,101,119,118,100,95,83,64,55,42,47,35,28,3120.0,525
3120,BURKE_RD N of CANTERBURY_RD,045 J10,-37.82264,145.05734,6379,496,1,1,2006-10-24 00:15:00,32,31,25,38,21,12,6,9,3,7,6,8,15,11,7,13,5,11,12,34,26,39,60,78,109,134,197,207,261,226,256,260,287,330,329,281,197,254,191,229,195,199,209,204,223,196,179,193,154,218,212,187,224,238,210,213,173,189,188,191,201,224,168,203,186,186,211,226,212,206,227,199,203,196,159,210,193,157,168,151,118,128,140,124,130,136,129,138,130,106,80,82,73,74,48,44,3120.0,482
3120,BURKE_RD N of CANTERBURY_RD,045 J10,-37.82264,145.05734,6379,496,1,1,2006-10-25 00:15:00,36,50,25,31,19,14,11,14,4,4,11,7,9,7,6,9,8,12,16,24,24,37,48,71,92,132,178,189,220,263,257,287,266,287,311,280,233,275,218,191,221,202,222,192,175,212,193,206,211,191,200,208,204,186,208,195,201,173,168,225,214,227,204,180,204,224,205,236,232,224,201,205,237,210,172,190,163,191,172,162,134,147,128,126,123,95,124,118,125,85,74,96,72,83,47,48,3120.0,520
3120,BURKE_RD N of CANTERBURY_RD,045 J10,-37.82264,145.05734,6379,496,1,1,2006-10-26 00:15:00,38,32,26,22,23,14,11,8,8,10,6,10,11,10,12,10,8,15,20,34,25,34,49,64,90,144,194,217,190,269,278,279,280,314,283,241,239,220,229,217,199,228,203,191,200,208,220,201,212,222,171,183,195,194,200,210,194,204,210,193,194,221,187,171,184,196,235,207,198,240,254,230,185,214,210,190,234,210,180,150,142,131,137,141,125,140,143,124,114,113,93,81,87,99,77,40,3120.0,547
3120,BURKE_RD N of CANTERBURY_RD,045 J10,-37.82264,145.05734,6379,496,1,1,2006-10-27 00:15:00,42,30,34,29,22,17,20,16,13,11,13,13,22,12,8,9,10,9,16,26,29,27,41,88,94,128,166,212,235,276,227,295,258,331,304,273,214,245,223,252,222,232,202,214,222,194,183,214,193,234,229,201,186,132,156,158,186,215,214,228,191,186,167,205,201,183,189,209,208,233,204,201,210,218,190,224,192,201,151,191,140,131,130,122,137,110,133,102,96,114,129,106,87,101,96,79,3120.0,503
3120,BURKE_RD N of CANTERBURY_RD,045 J10,-37.82264,145.05734,6379,496,1,1,2006-10-28 00:15:00,71,80,69,77,41,43,53,50,38,33,17,22,21,36,22,19,16,17,14,18,20,22,13,41,35,56,82,76,92,115,146,133,142,156,165,200,197,180,214,244,217,213,207,226,229,181,225,213,186,200,202,215,230,227,212,246,225,254,200,209,228,232,208,222,199,241,200,199,199,215,236,211,222,236,223,220,197,214,176,162,142,140,127,115,101,98,105,145,120,118,100,127,119,107,100,105,3120.0,261
3120,BURKE_RD N of CANTERBURY_RD,045 J10,-37.82264,145.05734,6379,496,1,1,2006-10-29 00:15:00,124,108,88,61,56,56,43,0,0,0,0,38,42,31,38,28,31,28,32,27,31,35,29,48,38,62,57,97,80,69,81,81,103,80,108,117,144,144,168,180,187,228,181,192,172,217,184,211,203,222,201,234,197,205,211,211,190,237,190,206,234,241,195,207,211,209,206,205,211,205,213,215,215,197,163,176,162,113,151,114,105,101,121,124,118,104,92,96,129,90,81,93,70,48,53,35,3120.0,150
3120,BURKE_RD N of CANTERBURY_RD,045 J10,-37.82264,145.05734,6379,496,1,1,2006-10-30 00:15:00,38,23,28,27,19,13,17,11,6,9,13,2,11,6,8,8,7,9,16,19,25,30,38,54,64,136,159,222,210,241,267,306,297,310,299,289,235,233,187,169,206,192,184,178,192,181,176,197,231,203,200,205,191,187,215,222,211,184,207,210,188,205,209,202,199,203,229,212,170,209,228,180,224,186,190,178,169,162,133,125,140,127,116,111,110,97,108,91,68,76,93,55,43,45,37,37,3120.0,508
3120,BURKE_RD N of CANTERBURY_RD,045 J10,-37.82264,145.05734,6379,496,1,1,2006-10-31 00:15:00,31,30,29,19,18,22,8,5,9,12,5,9,9,7,5,13,10,4,14,32,22,33,29,52,82,120,177,195,234,252,289,271,290,349,274,255,219,225,253,220,198,202,199,189,197,194,192,198,220,201,192,206,184,207,181,208,197,231,185,208,176,198,217,218,208,216,173,208,190,245,190,204,204,195,187,216,207,159,161,152,146,145,113,113,114,104,122,114,108,116,81,75,68,50,53,42,3120.0,541
3120,CANTERBURY_RD E of BURKE_RD,045 J10,-37.82295,145.05773,16154,496,3,1,2006-10-01 00:15:00,32,33,39,31,24,28,25,23,16,21,23,20,19,13,17,12,13,16,13,13,10,11,16,19,26,22,34,32,28,37,39,40,54,43,53,71,87,99,109,148,98,102,113,146,111,134,127,154,126,137,167,150,170,157,130,148,154,135,128,156,129,117,119,148,123,117,119,133,118,122,134,123,106,100,98,100,79,75,66,60,48,67,51,50,51,54,57,42,35,28,28,34,22,22,26,17,3120.0,76
3120,CANTERBURY_RD E of BURKE_RD,045 J10,-37.82295,145.05773,16154,496,3,1,2006-10-02 00:15:00,11,11,11,8,7,4,3,11,4,6,6,5,7,4,4,9,5,11,14,19,18,22,35,41,58,102,150,198,252,339,314,319,324,263,296,248,207,216,178,210,146,141,164,155,126,131,161,136,154,136,160,138,152,129,148,122,140,132,159,154,161,150,130,146,138,134,135,149,168,133,153,149,127,123,130,129,104,94,100,88,61,66,39,55,50,47,55,47,50,38,47,24,16,21,9,17,3120.0,653
3120,CANTERBURY_RD E of BURKE_RD,045 J10,-37.82295,145.05773,16154,496,3,1,2006-10-03 00:15:00,15,6,8,6,6,4,5,8,3,1,8,2,1,10,5,2,5,9,10,11,20,30,44,53,71,137,174,242,280,329,331,291,349,293,272,285,240,255,183,175,157,186,170,166,139,155,140,145,168,156,131,130,133,124,150,132,147,192,139,144,163,163,126,138,127,144,144,155,164,181,165,158,163,159,135,144,146,109,96,75,75,77,50,57,78,54,56,59,58,42,42,36,21,28,19,17,3120.0,660
3120,CANTERBURY_RD E of BURKE_RD,045 J10,-37.82295,145.05773,16154,496,3,1,2006-10-04 00:15:00,15,12,6,8,6,7,7,3,5,3,5,4,2,7,6,2,6,7,3,12,12,36,45,49,85,129,187,209,281,332,308,320,302,292,284,292,251,271,200,209,174,184,186,164,140,142,180,165,165,125,140,145,146,144,115,121,135,130,132,199,154,169,147,166,151,125,144,136,174,155,150,184,123,132,133,144,144,139,118,73,56,86,73,72,91,66,57,59,56,53,46,39,39,22,22,17,3120.0,640
3120,CANTERBURY_RD E of BURKE_RD,045 J10,-37.82295,145.05773,16154,496,3,1,2006-10-05 00:15:00,7,13,11,9,9,4,8,12,3,3,5,7,8,6,11,3,10,10,6,17,17,35,38,53,85,136,167,208,264,323,326,304,305,296,299,288,258,234,191,202,173,185,166,170,142,155,161,165,152,156,161,142,152,143,144,140,139,137,149,179,163,186,137,161,124,138,168,165,150,187,200,162,172,164,144,145,143,110,98,77,97,73,72,80,60,72,52,48,63,64,47,51,38,22,16,20,3120.0,649
3120,CANTERBURY_RD E of BURKE_RD,045 J10,-37.82295,145.05773,16154,496,3,1,2006-10-06 00:15:00,18,20,5,18,17,8,11,5,6,10,8,9,4,13,11,7,12,12,7,17,20,26,41,38,79,139,175,195,241,341,286,333,325,268,291,278,246,232,204,209,170,184,174,140,156,161,159,156,184,164,146,146,153,159,143,136,145,161,148,185,139,204,165,146,146,174,143,173,138,153,170,156,197,187,174,169,178,168,144,93,89,92,93,93,97,78,60,80,80,68,51,70,37,52,44,35,3120.0,627
3120,CANTERBURY_RD E of BURKE_RD,045 J10,-37.82295,145.05773,16154,496,3,1,2006-10-07 00:15:00,34,35,30,32,23,21,26,26,22,17,16,12,18,12,12,9,7,17,8,19,14,17,20,21,38,46,64,69,59,79,84,101,92,94,151,158,146,161,181,158,150,158,185,161,202,186,176,191,185,191,182,177,181,176,195,181,162,179,156,151,159,176,141,140,174,141,131,161,136,162,135,144,163,153,146,146,176,113,143,110,96,81,90,80,81,70,61,72,78,66,71,53,62,62,57,71,3120.0,163
3120,CANTERBURY_RD E of BURKE_RD,045 J10,-37.82295,145.05773,16154,496,3,1,2006-10-08 00:15:00,65,49,35,35,38,20,29,27,29,19,18,19,21,25,9,10,21,27,8,17,19,13,21,17,28,35,38,34,25,34,38,56,47,56,59,83,77,109,98,110,134,113,143,128,130,132,135,146,137,159,164,157,145,127,148,163,119,146,115,141,122,126,121,149,154,128,158,135,120,116,144,121,119,97,109,100,80,74,65,57,56,55,48,61,56,63,62,48,35,32,40,27,21,11,14,20,3120.0,72
3120,CANTERBURY_RD E of BURKE_RD,045 J10,-37.82295,145.05773,16154,496,3,1,2006-10-09 00:15:00,10,11,5,10,11,5,4,3,7,3,8,3,4,5,6,5,6,3,10,15,17,22,35,42,69,118,166,203,269,323,347,324,296,290,283,250,226,257,175,209,173,163,164,136,143,145,136,145,135,157,143,137,114,132,149,114,150,120,107,154,170,183,141,134,158,126,155,146,170,150,163,148,148,144,122,116,94,90,92,73,70,64,41,43,58,50,55,48,53,43,34,30,23,11,14,16,3120.0,670
3120,CANTERBURY_RD E of BURKE_RD,045 J10,-37.82295,145.05773,16154,496,3,1,2006-10-10 00:15:00,5,17,4,9,4,10,6,6,3,5,6,4,5,6,6,5,5,4,6,15,23,24,40,51,69,125,183,196,280,341,288,303,307,280,248,249,322,250,218,200,173,179,159,161,147,136,168,164,169,142,152,131,149,154,154,137,155,150,151,138,158,139,140,137,140,127,165,151,190,160,187,139,162,165,122,152,122,143,92,103,89,81,72,70,60,72,76,71,61,57,44,43,35,30,15,23,3120.0,629
3120,CANTERBURY_RD E of BURKE_RD,045 J10,-37.82295,145.05773,16154,496,3,1,2006-10-11 00:15:00,14,6,13,17,3,6,8,3,7,1,7,5,2,13,9,6,8,9,6,13,15,17,52,54,65,142,180,222,266,290,334,307,297,262,249,311,276,234,237,215,170,186,176,147,172,152,131,164,163,146,158,170,136,131,144,157,157,125,142,198,167,155,164,123,146,136,160,175,155,164,162,161,169,154,147,150,123,114,84,88,67,89,54,55,68,77,54,45,65,53,46,44,35,27,22,15,3120.0,624
3120,CANTERBURY_RD E of BURKE_RD,045 J10,-37.82295,145.05773,16154,496,3,1,2006-10-12 00:15:00,13,13,18,11,6,4,2,7,3,5,15,2,6,5,5,9,10,10,7,19,18,25,39,50,61,132,172,234,250,310,336,309,314,264,259,252,235,258,215,236,176,162,204,168,153,170,164,154,166,161,162,179,139,129,165,130,172,163,148,130,168,199,130,150,155,141,136,151,158,166,151,153,172,158,129,142,127,120,105,104,92,68,99,67,64,72,63,68,63,54,57,37,38,24,34,24,3120.0,646
3120,CANTERBURY_RD E of BURKE_RD,045 J10,-37.82295,145.05773,16154,496,3,1,2006-10-13 00:15:00,15,10,12,11,7,7,11,9,7,8,5,7,7,9,7,9,8,12,9,21,18,31,40,40,75,125,161,218,266,322,332,318,307,264,283,282,223,216,220,209,173,190,161,187,140,162,157,176,142,162,143,153,158,150,164,160,142,126,129,204,167,178,139,165,162,155,135,156,134,184,156,159,186,178,156,159,149,163,133,94,93,77,74,73,80,58,68,55,56,61,42,46,42,40,53,34,3120.0,654
3120,CANTERBURY_RD E of BURKE_RD,045 J10,-37.82295,145.05773,16154,496,3,1,2006-10-14 00:15:00,34,45,20,22,23,30,25,18,21,12,11,15,14,14,5,10,8,11,7,15,8,13,21,26,31,46,65,60,57,63,106,101,110,126,124,143,123,166,170,165,160,154,197,150,168,163,177,230,193,205,185,173,207,177,179,183,184,161,189,174,151,169,155,169,154,127,128,162,159,126,159,156,149,141,171,164,134,139,134,111,98,87,76,69,71,71,58,65,50,60,56,70,52,48,50,56,3120.0,169
3120,CANTERBURY_RD E of BURKE_RD,045 J10,-37.82295,145.05773,16154,496,3,1,2006-10-15 00:15:00,42,47,40,46,38,31,20,27,26,14,14,19,14,10,16,23,17,16,23,27,20,18,16,24,27,29,32,34,35,53,49,54,47,58,76,76,79,88,108,117,109,109,159,117,115,125,112,157,122,145,151,148,135,134,150,151,141,128,125,132,135,142,157,133,140,122,131,120,127,140,136,129,93,114,104,96,99,74,57,55,62,53,51,59,61,67,61,51,42,29,33,30,29,23,19,12,3120.0,102
3120,CANTERBURY_RD E of BURKE_RD,045 J10,-37.82295,145.05773,16154,496,3,1,2006-10-16 00:15:00,11,14,12,8,6,4,6,3,4,3,6,3,5,9,4,5,8,12,12,10,15,24,36,43,63,122,141,189,263,318,306,318,290,271,276,272,236,262,171,182,161,168,147,168,141,147,126,123,144,148,129,139,142,143,142,135,153,129,133,148,155,160,127,148,142,132,141,139,128,162,135,163,143,134,142,111,117,106,109,63,64,52,62,68,55,53,46,60,45,43,44,25,19,17,15,19,3120.0,624
3120,CANTERBURY_RD E of BURKE_RD,045 J10,-37.82295,145.05773,16154,496,3,1,2006-10-17 00:15:00,13,12,9,4,7,5,6,4,6,4,5,2,3,7,8,1,3,11,8,18,21,18,47,55,65,155,186,225,284,320,308,317,312,285,277,303,264,272,182,183,180,181,168,170,139,155,145,143,155,156,153,156,120,137,162,146,118,150,148,169,170,200,135,121,125,121,162,188,159,199,111,166,140,145,139,175,143,160,130,82,92,77,59,55,83,54,66,54,54,44,56,38,35,40,27,34,3120.0,628
3120,CANTERBURY_RD E of BURKE_RD,045 J10,-37.82295,145.05773,16154,496,3,1,2006-10-18 00:15:00,22,17,13,6,14,8,13,5,5,7,5,3,6,4,13,5,5,11,8,14,16,25,43,49,88,129,191,199,290,369,332,287,303,296,271,268,258,282,205,182,180,176,148,150,148,134,154,158,126,122,179,151,121,152,145,121,116,118,168,179,172,165,153,132,161,140,126,159,134,178,172,152,178,167,154,157,157,126,110,103,70,65,69,59,53,62,58,48,66,46,45,49,30,30,21,24,3120.0,701
3120,CANTERBURY_RD E of BURKE_RD,045 J10,-37.82295,145.05773,16154,496,3,1,2006-10-19 00:15:00,25,14,10,13,6,11,11,8,5,5,6,7,5,7,10,6,10,8,10,15,22,32,47,52,82,149,149,256,248,320,318,349,269,282,232,306,293,274,249,193,167,197,178,144,136,154,170,169,142,138,158,171,129,173,149,151,140,149,145,164,187,170,147,150,142,120,171,158,172,188,173,164,158,146,136,144,125,160,102,90,86,97,63,58,80,72,64,65,61,55,67,45,34,36,30,17,3120.0,638
3120,CANTERBURY_RD E of BURKE_RD,045 J10,-37.82295,145.05773,16154,496,3,1,2006-10-20 00:15:00,22,17,11,12,9,14,5,13,7,6,11,7,8,10,13,5,5,8,16,15,23,28,44,40,92,125,177,205,274,325,291,315,276,312,253,265,238,238,200,192,167,169,160,161,132,196,166,144,162,188,153,175,136,156,177,134,143,155,161,163,168,176,140,143,137,143,146,152,166,187,168,170,151,184,153,140,167,155,126,107,95,85,67,91,97,69,66,56,67,62,59,44,46,33,30,41,3120.0,616
3120,CANTERBURY_RD E of BURKE_RD,045 J10,-37.82295,145.05773,16154,496,3,1,2006-10-21 00:15:00,29,33,21,22,25,17,13,9,16,7,12,8,11,10,2,8,6,11,10,14,9,13,21,22,36,46,68,60,58,61,80,86,92,77,144,168,129,171,161,165,169,161,199,174,190,152,193,198,197,185,180,174,182,159,203,145,169,160,162,172,157,161,189,159,117,148,164,147,140,155,160,161,121,149,164,152,134,148,96,89,86,72,66,69,73,65,73,47,58,37,49,46,49,58,46,44,3120.0,141
3120,CANTERBURY_RD E of BURKE_RD,045 J10,-37.82295,145.05773,16154,496,3,1,2006-10-22 00:15:00,50,48,31,30,25,30,28,15,21,13,18,13,18,15,11,9,19,12,10,11,17,13,10,13,21,19,34,33,27,33,48,34,45,47,62,92,90,105,111,133,128,122,112,138,116,127,129,153,149,135,183,166,174,172,156,159,117,147,117,134,136,126,129,134,125,100,157,120,134,148,116,136,118,128,106,110,104,76,79,59,67,45,53,58,67,43,62,37,42,37,41,24,20,24,10,12,3120.0,81
3120,CANTERBURY_RD E of BURKE_RD,045 J10,-37.82295,145.05773,16154,496,3,1,2006-10-23 00:15:00,20,6,5,8,7,6,9,3,4,3,4,1,3,6,6,6,6,10,9,17,11,26,37,39,73,116,201,186,243,319,306,300,277,322,267,300,221,236,165,195,158,139,171,137,150,143,138,139,164,151,154,131,118,159,128,145,122,133,159,157,174,163,130,136,128,134,122,122,135,167,167,132,125,125,113,117,110,115,78,84,62,80,55,52,51,64,49,41,62,29,37,25,18,21,16,15,3120.0,625
3120,CANTERBURY_RD E of BURKE_RD,045 J10,-37.82295,145.05773,16154,496,3,1,2006-10-24 00:15:00,8,12,12,3,6,6,6,2,7,2,2,3,8,8,6,1,4,11,4,13,23,28,44,46,69,145,189,240,263,304,313,319,299,280,239,263,270,239,222,199,146,192,159,147,147,153,172,152,157,122,164,153,144,128,140,142,111,126,133,155,168,190,157,137,132,149,138,173,151,148,137,184,169,106,133,151,118,132,93,94,84,60,63,68,55,62,76,50,67,42,49,36,26,30,26,18,3120.0,617
3120,CANTERBURY_RD E of BURKE_RD,045 J10,-37.82295,145.05773,16154,496,3,1,2006-10-25 00:15:00,14,12,7,6,12,5,8,8,4,2,3,3,5,10,5,4,5,8,8,12,17,30,44,45,71,148,180,212,272,306,336,304,303,298,277,254,302,251,254,194,180,161,156,145,162,165,133,133,129,172,147,156,126,143,180,152,130,136,127,157,168,178,145,158,139,141,134,146,160,172,178,158,155,132,145,137,112,121,95,83,69,81,65,71,51,62,68,48,54,45,49,37,39,19,25,15,3120.0,642
3120,CANTERBURY_RD E of BURKE_RD,045 J10,-37.82295,145.05773,16154,496,3,1,2006-10-26 00:15:00,18,19,12,17,7,7,4,7,5,5,8,6,3,8,12,3,6,10,8,15,29,26,45,58,67,134,192,202,256,294,348,317,323,284,288,288,253,273,228,206,184,169,157,168,158,170,144,135,161,167,159,150,147,151,147,151,142,147,144,187,186,186,142,153,122,136,132,142,141,171,159,150,180,139,162,141,139,113,102,98,82,74,74,81,73,68,64,72,63,62,44,41,42,29,27,16,3120.0,642
3120,CANTERBURY_RD E of BURKE_RD,045 J10,-37.82295,145.05773,16154,496,3,1,2006-10-27 00:15:00,22,16,13,21,13,8,8,4,7,10,6,6,3,6,4,7,7,14,12,14,16,29,51,48,85,115,185,203,289,331,338,290,325,274,254,280,291,203,245,186,175,190,194,176,163,180,165,158,179,150,175,171,158,149,152,149,151,130,167,136,175,161,155,144,161,159,144,130,142,150,186,154,175,170,166,155,147,154,130,97,103,70,77,67,80,68,55,62,48,65,58,41,53,72,43,40,3120.0,669
3120,CANTERBURY_RD E of BURKE_RD,045 J10,-37.82295,145.05773,16154,496,3,1,2006-10-28 00:15:00,37,32,26,32,27,21,19,15,18,10,6,8,5,9,5,13,8,17,8,7,2,18,25,25,39,49,71,59,50,51,76,95,99,101,127,152,135,156,160,162,177,165,158,177,167,189,196,219,191,200,190,171,188,183,172,189,184,138,169,156,133,150,166,123,146,153,142,136,133,148,144,141,137,178,153,140,155,125,127,113,88,86,81,80,79,78,51,67,79,64,45,66,63,57,56,50,3120.0,127
3120,CANTERBURY_RD E of BURKE_RD,045 J10,-37.82295,145.05773,16154,496,3,1,2006-10-29 00:15:00,34,43,31,27,27,25,29,0,0,0,0,18,20,19,16,21,18,16,13,13,10,14,18,14,19,23,28,29,28,42,42,40,40,53,61,93,69,93,86,119,99,105,112,122,131,120,138,138,151,159,148,153,156,142,154,123,142,138,131,131,125,139,163,147,145,136,132,136,142,128,146,129,144,113,86,108,94,65,65,61,62,58,88,53,71,63,60,53,34,28,35,38,21,20,20,15,3120.0,84
3120,CANTERBURY_RD E of BURKE_RD,045 J10,-37.82295,145.05773,16154,496,3,1,2006-10-30 00:15:00,17,10,11,7,8,11,4,6,7,5,7,4,2,4,6,6,6,10,11,11,17,18,46,35,57,98,161,184,225,264,314,325,286,265,285,245,267,220,197,172,139,174,137,151,137,132,122,151,123,146,170,143,152,144,143,142,124,133,136,147,150,174,149,131,124,144,126,124,137,137,142,162,132,140,118,119,104,106,62,71,81,65,66,54,55,41,53,44,33,29,41,24,30,27,21,15,3120.0,578
3120,CANTERBURY_RD E of BURKE_RD,045 J10,-37.82295,145.05773,16154,496,3,1,2006-10-31 00:15:00,5,12,8,9,4,9,4,4,4,5,7,2,2,13,4,5,5,5,12,17,11,34,40,43,63,118,172,230,272,294,290,309,309,278,259,260,267,258,217,235,162,161,157,163,166,160,147,149,165,127,139,144,138,141,158,129,142,164,156,151,150,184,152,122,123,116,121,127,112,116,183,142,118,111,169,115,115,156,103,91,78,90,69,67,70,58,70,51,70,49,64,35,40,21,26,21,3120.0,584
3120,BURKE_RD S of CANTERBURY_RD,045 J10,-37.82315,145.05724,16620,496,5,1,2006-10-01 00:15:00,105,114,89,93,60,43,47,38,45,37,21,41,28,22,30,22,19,17,15,14,23,16,18,15,23,22,38,34,30,39,41,66,56,67,82,114,81,122,133,107,134,119,159,137,142,183,160,155,173,202,206,202,194,177,161,170,173,167,169,144,149,171,173,176,166,155,160,168,211,169,207,166,151,155,159,157,139,126,104,115,127,90,80,84,119,111,105,114,98,90,75,55,68,42,41,39,3120.0,80
3120,BURKE_RD S of CANTERBURY_RD,045 J10,-37.82315,145.05724,16620,496,5,1,2006-10-02 00:15:00,30,35,32,35,19,14,6,8,9,9,9,12,9,2,8,8,11,6,15,14,22,19,23,37,43,71,105,134,147,153,153,177,165,181,123,129,129,145,189,149,153,168,140,145,158,161,158,158,148,148,156,164,147,154,165,162,164,178,181,176,176,167,161,172,191,178,227,201,212,244,230,227,246,181,200,143,146,147,120,131,90,86,96,97,116,113,98,110,103,80,64,59,53,61,47,17,3120.0,306
3120,BURKE_RD S of CANTERBURY_RD,045 J10,-37.82315,145.05724,16620,496,5,1,2006-10-03 00:15:00,34,12,12,11,15,14,12,5,8,8,10,9,9,4,7,5,9,8,13,15,24,19,35,34,57,91,130,127,131,153,157,188,218,155,141,144,126,152,158,162,152,155,164,184,157,168,154,160,169,162,155,153,170,174,181,161,137,200,165,192,180,185,183,159,166,189,162,188,241,220,192,209,254,190,189,163,150,170,134,120,104,105,123,124,126,128,123,117,126,119,108,89,82,66,66,46,3120.0,310
3120,BURKE_RD S of CANTERBURY_RD,045 J10,-37.82315,145.05724,16620,496,5,1,2006-10-04 00:15:00,31,40,23,29,13,12,13,7,17,9,7,7,14,8,11,6,8,9,10,14,17,31,33,70,58,95,124,118,136,153,145,153,208,146,164,136,114,160,118,132,145,170,176,181,180,133,159,143,153,185,180,170,156,136,166,183,171,181,161,178,182,196,162,157,201,200,200,199,191,199,255,217,172,223,190,81,106,154,183,142,123,102,128,111,149,125,131,107,122,116,100,91,81,54,51,43,3120.0,298
3120,BURKE_RD S of CANTERBURY_RD,045 J10,-37.82315,145.05724,16620,496,5,1,2006-10-05 00:15:00,54,25,28,17,23,23,15,15,8,5,13,8,15,11,10,7,9,9,11,13,23,28,28,47,57,99,125,111,141,146,174,155,189,177,160,131,129,149,212,136,137,159,163,140,162,155,154,164,165,162,164,151,155,174,201,178,185,171,169,191,190,184,194,153,191,184,186,201,197,239,195,200,203,215,232,208,176,168,153,164,123,140,105,146,156,149,160,120,118,86,91,117,101,90,75,45,3120.0,320
3120,BURKE_RD S of CANTERBURY_RD,045 J10,-37.82315,145.05724,16620,496,5,1,2006-10-06 00:15:00,46,31,38,26,22,21,24,22,13,20,14,12,13,11,5,10,8,8,16,16,20,27,33,52,70,94,126,114,136,122,199,180,190,202,135,129,142,137,165,124,146,175,167,167,204,162,193,165,146,195,164,190,168,171,206,180,180,191,218,167,184,201,171,169,197,159,187,195,173,227,186,234,229,229,196,175,148,172,166,131,163,125,145,136,120,130,119,119,117,132,145,121,134,106,108,109,3120.0,321
3120,BURKE_RD S of CANTERBURY_RD,045 J10,-37.82315,145.05724,16620,496,5,1,2006-10-07 00:15:00,69,82,63,56,43,43,39,40,32,23,21,25,17,19,15,18,17,16,20,14,12,24,31,26,36,52,67,79,59,78,81,79,85,95,110,101,124,149,121,156,173,163,156,166,142,152,173,183,182,174,185,181,186,181,182,198,180,186,195,176,192,198,208,205,175,180,202,194,206,215,222,200,181,150,185,175,161,111,125,124,115,113,99,106,131,120,119,99,105,94,124,132,144,152,164,111,3120.0,159
3120,BURKE_RD S of CANTERBURY_RD,045 J10,-37.82315,145.05724,16620,496,5,1,2006-10-08 00:15:00,115,109,85,92,63,73,49,45,45,45,36,34,35,33,20,14,19,21,19,21,21,18,23,21,20,20,32,55,43,36,41,66,60,78,67,109,98,102,118,160,125,173,142,161,146,187,155,181,192,185,180,209,180,197,199,196,169,172,180,169,181,175,190,183,171,156,208,174,208,184,181,182,142,185,143,160,159,126,129,120,121,112,92,81,93,118,81,102,88,92,93,64,52,48,46,40,3120.0,77
3120,BURKE_RD S of CANTERBURY_RD,045 J10,-37.82315,145.05724,16620,496,5,1,2006-10-09 00:15:00,18,29,19,17,15,6,9,7,10,7,13,7,6,11,9,6,6,11,9,15,23,26,27,42,51,99,111,150,114,139,167,155,226,179,128,128,131,130,154,159,128,164,154,139,147,174,175,148,180,172,182,134,167,161,137,187,141,179,182,168,194,150,198,163,180,193,199,196,226,197,245,231,201,217,165,177,138,134,124,136,130,95,100,95,114,117,108,81,110,90,79,62,70,59,38,31,3120.0,306
3120,BURKE_RD S of CANTERBURY_RD,045 J10,-37.82315,145.05724,16620,496,5,1,2006-10-10 00:15:00,39,18,21,14,11,13,13,11,12,15,6,8,5,6,8,5,7,11,9,16,20,27,40,48,64,94,130,126,140,142,177,176,195,157,163,140,151,136,139,161,130,180,130,172,160,154,152,150,154,149,165,165,145,156,180,164,142,183,164,180,190,184,218,142,202,171,199,204,212,199,205,197,193,252,205,183,169,153,138,115,97,106,116,133,128,150,122,121,144,115,102,102,81,67,57,46,3120.0,319
3120,BURKE_RD S of CANTERBURY_RD,045 J10,-37.82315,145.05724,16620,496,5,1,2006-10-11 00:15:00,39,44,21,26,18,10,13,11,12,10,6,8,12,10,8,5,12,13,10,16,14,30,38,57,69,93,115,132,139,151,180,157,193,170,188,121,139,149,144,159,128,157,167,155,156,129,144,182,187,152,130,144,174,159,158,173,157,201,193,157,180,202,143,182,170,193,187,213,240,201,223,203,213,168,209,148,151,177,157,139,121,104,142,115,125,121,118,120,112,123,150,93,78,83,64,57,3120.0,331
3120,BURKE_RD S of CANTERBURY_RD,045 J10,-37.82315,145.05724,16620,496,5,1,2006-10-12 00:15:00,36,42,27,18,20,13,15,15,19,13,6,12,11,3,9,10,7,10,5,17,26,22,29,58,77,81,124,139,149,136,172,175,162,204,131,145,143,146,138,154,127,168,140,164,163,170,153,157,166,143,187,143,146,171,171,150,184,157,186,171,158,189,208,174,206,182,218,215,200,195,237,199,213,200,195,187,150,159,124,145,125,118,133,117,145,131,142,116,119,120,108,112,80,79,53,56,3120.0,308
3120,BURKE_RD S of CANTERBURY_RD,045 J10,-37.82315,145.05724,16620,496,5,1,2006-10-13 00:15:00,50,48,33,36,26,17,9,15,15,14,11,17,14,17,13,13,12,9,12,14,15,31,27,40,72,105,93,120,112,132,206,187,176,208,130,146,119,137,131,159,128,159,163,156,171,137,198,150,190,155,169,178,167,136,142,176,148,188,158,178,189,186,200,187,199,187,176,209,199,199,186,233,190,220,155,179,145,172,159,165,77,118,138,119,129,130,126,115,114,99,126,133,99,98,57,92,3120.0,338
3120,BURKE_RD S of CANTERBURY_RD,045 J10,-37.82315,145.05724,16620,496,5,1,2006-10-14 00:15:00,101,88,56,51,52,42,25,32,33,33,21,18,23,19,14,9,17,10,13,18,15,16,28,30,37,37,49,65,57,79,73,84,112,101,129,165,137,107,132,140,165,157,146,186,160,183,186,174,189,194,179,179,172,182,176,174,161,212,185,192,181,183,204,167,202,188,185,211,216,249,234,186,204,187,165,167,133,159,141,114,142,122,116,106,123,124,115,109,141,140,124,140,142,130,124,92,3120.0,152
3120,BURKE_RD S of CANTERBURY_RD,045 J10,-37.82315,145.05724,16620,496,5,1,2006-10-15 00:15:00,127,131,105,69,81,75,65,39,42,27,29,34,24,25,19,22,19,24,16,20,25,22,22,16,32,22,41,24,34,27,50,54,62,73,87,109,96,140,142,122,135,142,137,149,135,184,179,197,180,178,205,200,175,191,167,165,167,196,173,186,154,191,159,183,169,164,183,216,183,169,175,185,197,165,158,160,124,109,100,108,129,99,116,103,127,109,112,117,89,73,88,100,61,51,41,64,3120.0,77
3120,BURKE_RD S of CANTERBURY_RD,045 J10,-37.82315,145.05724,16620,496,5,1,2006-10-16 00:15:00,45,26,20,27,17,13,10,17,5,18,9,9,11,4,2,7,8,14,7,8,17,23,41,35,74,88,111,127,140,130,156,177,222,185,149,125,102,140,137,150,143,139,160,164,160,159,163,149,186,167,180,166,166,168,180,157,156,169,140,201,190,203,214,175,176,197,194,229,199,221,221,228,197,197,172,144,141,152,162,129,126,110,92,116,135,146,112,116,117,100,71,60,58,66,45,30,3120.0,286
3120,BURKE_RD S of CANTERBURY_RD,045 J10,-37.82315,145.05724,16620,496,5,1,2006-10-17 00:15:00,37,31,21,23,24,9,11,6,7,11,8,6,13,2,4,6,5,5,18,24,15,23,32,58,77,74,118,98,147,139,179,156,198,181,141,116,150,129,147,160,151,176,152,172,139,149,151,159,171,168,165,159,169,156,158,141,164,149,185,171,174,170,181,171,186,184,180,207,201,161,176,200,227,199,190,181,169,128,168,130,126,113,125,122,141,152,110,121,137,92,120,113,97,64,69,50,3120.0,318
3120,BURKE_RD S of CANTERBURY_RD,045 J10,-37.82315,145.05724,16620,496,5,1,2006-10-18 00:15:00,52,39,38,27,19,16,20,17,13,15,14,20,8,7,7,3,12,10,20,19,23,25,33,50,67,96,117,131,128,163,170,175,191,160,135,152,100,125,181,157,143,173,142,128,152,167,157,190,172,171,187,169,185,166,171,158,159,177,162,171,183,160,189,186,172,193,196,196,186,249,221,208,200,214,201,173,185,162,158,156,141,108,105,117,154,146,148,121,118,112,120,98,121,79,54,49,3120.0,333
3120,BURKE_RD S of CANTERBURY_RD,045 J10,-37.82315,145.05724,16620,496,5,1,2006-10-19 00:15:00,48,69,22,24,25,13,19,12,7,16,16,12,13,8,6,2,14,11,14,14,23,20,31,39,57,91,120,149,134,152,160,164,210,177,165,132,138,172,146,138,155,193,164,159,152,153,151,168,171,172,187,157,204,159,203,180,168,174,177,192,155,188,169,193,176,186,193,181,202,204,211,205,203,216,191,188,191,187,153,135,144,132,146,110,154,152,103,129,114,117,155,137,90,82,67,54,3120.0,312
3120,BURKE_RD S of CANTERBURY_RD,045 J10,-37.82315,145.05724,16620,496,5,1,2006-10-20 00:15:00,58,41,30,26,27,24,25,17,16,19,9,12,9,10,10,13,10,11,11,22,18,30,38,54,82,87,106,140,106,135,161,178,195,176,147,145,136,151,166,162,154,153,162,138,151,164,177,194,163,174,185,180,157,176,155,189,176,145,192,157,181,176,194,183,168,194,199,183,198,217,205,209,192,178,192,169,153,163,148,131,133,126,104,123,116,129,125,113,121,134,108,122,115,114,124,105,3120.0,296
3120,BURKE_RD S of CANTERBURY_RD,045 J10,-37.82315,145.05724,16620,496,5,1,2006-10-21 00:15:00,107,70,75,52,42,48,27,37,21,28,28,21,19,13,13,18,16,20,16,14,24,18,25,35,42,39,50,53,44,79,74,84,111,95,118,113,103,148,157,145,169,167,175,172,165,174,181,176,179,239,198,173,182,160,168,204,201,158,183,180,174,194,173,208,182,178,176,201,192,224,176,188,229,183,174,149,158,148,137,116,124,108,116,132,125,122,115,105,119,100,113,164,164,154,138,135,3120.0,153
3120,BURKE_RD S of CANTERBURY_RD,045 J10,-37.82315,145.05724,16620,496,5,1,2006-10-22 00:15:00,149,99,98,69,74,61,55,50,50,42,34,34,33,28,22,21,14,24,18,12,16,21,23,21,15,27,27,32,47,44,50,55,60,85,92,78,104,108,125,133,125,160,180,132,151,172,194,192,178,177,200,183,206,165,185,176,187,181,190,161,173,173,172,186,161,205,171,192,210,181,189,148,191,161,181,142,168,141,111,97,111,126,99,96,124,92,96,85,97,94,70,83,61,67,43,45,3120.0,94
3120,BURKE_RD S of CANTERBURY_RD,045 J10,-37.82315,145.05724,16620,496,5,1,2006-10-23 00:15:00,34,25,32,26,16,8,9,5,15,11,6,10,7,9,5,13,4,8,16,11,19,36,36,65,71,83,98,140,128,153,152,176,194,156,156,100,164,128,132,139,139,161,108,168,147,154,152,201,159,170,167,175,177,160,174,145,164,159,145,190,202,158,189,191,180,189,192,177,194,229,222,213,209,171,187,154,130,161,137,118,100,109,100,85,133,95,104,114,85,83,94,60,50,41,42,20,3120.0,305
3120,BURKE_RD S of CANTERBURY_RD,045 J10,-37.82315,145.05724,16620,496,5,1,2006-10-24 00:15:00,34,33,34,27,9,14,12,7,7,7,3,8,7,7,6,10,6,8,14,20,18,22,37,64,82,110,136,123,130,143,173,160,196,160,166,144,130,130,146,160,139,169,166,133,160,148,160,185,149,172,146,192,172,145,186,181,171,198,168,141,170,159,178,172,178,175,191,218,202,203,258,205,205,202,178,167,162,157,161,132,122,108,140,129,131,151,116,116,105,106,114,81,75,77,58,53,3120.0,316
3120,BURKE_RD S of CANTERBURY_RD,045 J10,-37.82315,145.05724,16620,496,5,1,2006-10-25 00:15:00,43,46,38,33,14,15,9,13,7,8,11,11,6,8,4,14,11,4,11,17,19,24,35,63,58,77,132,138,110,146,180,207,188,157,187,141,116,123,129,139,146,144,153,156,139,160,159,171,155,151,152,154,160,175,168,167,165,176,160,185,193,192,163,154,213,195,182,209,209,216,190,180,203,224,204,187,143,142,144,137,120,128,123,111,129,112,122,113,96,101,88,74,82,77,52,66,3120.0,326
3120,BURKE_RD S of CANTERBURY_RD,045 J10,-37.82315,145.05724,16620,496,5,1,2006-10-26 00:15:00,42,41,27,14,23,19,9,15,14,9,12,7,11,9,5,7,10,6,12,9,26,20,36,54,66,84,125,128,127,162,156,195,200,178,166,123,136,114,174,134,154,184,141,141,147,147,171,155,164,162,173,181,164,148,173,182,183,159,212,168,186,209,137,176,200,179,192,209,196,203,192,209,189,197,201,189,193,164,160,143,143,135,164,118,138,148,133,111,107,114,119,96,81,93,88,58,3120.0,318
3120,BURKE_RD S of CANTERBURY_RD,045 J10,-37.82315,145.05724,16620,496,5,1,2006-10-27 00:15:00,41,39,36,32,18,22,20,14,15,19,15,7,16,10,11,14,4,9,8,17,34,28,42,62,64,93,109,128,133,163,166,209,161,171,169,125,137,138,145,183,161,151,158,148,145,161,154,158,156,173,181,171,161,177,147,145,162,215,181,194,179,207,175,164,188,190,197,193,188,205,200,174,219,191,176,165,186,157,148,151,133,159,149,126,125,144,139,103,98,125,120,131,132,88,114,83,3120.0,329
3120,BURKE_RD S of CANTERBURY_RD,045 J10,-37.82315,145.05724,16620,496,5,1,2006-10-28 00:15:00,107,68,59,69,40,42,40,40,35,30,30,22,28,19,19,21,14,17,17,12,25,14,25,23,30,45,54,76,64,81,89,90,86,110,114,143,146,120,153,151,162,152,163,175,168,176,170,169,214,183,175,160,171,182,185,169,174,182,169,157,188,162,180,163,157,171,155,192,192,229,195,187,176,157,171,137,148,133,127,125,133,101,117,123,113,117,140,142,155,137,129,136,143,118,130,94,3120.0,170
3120,BURKE_RD S of CANTERBURY_RD,045 J10,-37.82315,145.05724,16620,496,5,1,2006-10-29 00:15:00,116,102,86,71,68,66,54,0,0,0,0,40,44,25,44,30,28,22,15,16,20,16,15,26,22,26,34,39,44,34,35,49,56,70,80,84,99,101,103,103,131,131,121,119,156,155,192,177,172,192,181,193,213,182,188,150,129,176,163,144,171,181,177,159,176,186,192,185,180,186,175,181,180,168,154,139,132,135,117,119,104,116,112,88,108,98,87,105,122,105,75,99,65,72,55,29,3120.0,69
3120,BURKE_RD S of CANTERBURY_RD,045 J10,-37.82315,145.05724,16620,496,5,1,2006-10-30 00:15:00,35,29,25,18,16,18,15,11,14,10,11,14,6,10,11,8,12,14,13,16,22,21,27,38,66,77,99,113,125,143,160,166,171,146,159,147,146,133,142,152,140,160,135,143,134,121,168,148,154,172,149,144,167,151,182,177,173,156,150,184,188,170,147,149,164,198,218,193,207,239,207,257,232,181,182,139,161,132,137,121,124,107,101,109,101,120,119,116,88,82,83,65,64,51,48,44,3120.0,303
3120,BURKE_RD S of CANTERBURY_RD,045 J10,-37.82315,145.05724,16620,496,5,1,2006-10-31 00:15:00,52,26,28,20,17,14,9,8,6,12,11,10,12,5,6,9,8,8,10,13,20,19,33,38,72,91,113,144,124,161,147,174,173,158,141,155,127,117,140,148,151,165,139,143,167,150,165,158,150,149,169,174,166,175,170,173,158,186,185,174,179,182,160,174,205,162,174,162,179,166,182,241,162,177,214,182,167,161,149,121,126,112,139,115,119,124,119,115,93,101,84,99,78,71,51,45,3120.0,308
3120,RATHMINES_RD W of BURKE_RD,045 J10,-37.82284,145.05684,4175,496,7,1,2006-10-01 00:15:00,98,94,95,90,96,103,101,96,98,90,91,93,92,94,89,92,100,99,95,91,91,92,94,94,102,102,95,97,101,100,99,91,88,101,95,102,97,95,104,112,110,110,120,122,110,111,108,126,125,98,117,108,100,103,101,100,116,97,111,126,125,110,95,91,103,104,106,107,117,128,104,102,124,104,104,124,106,102,100,99,90,91,95,107,100,107,100,94,91,91,98,92,97,99,92,97,3120.0,199
3120,RATHMINES_RD W of BURKE_RD,045 J10,-37.82284,145.05684,4175,496,7,1,2006-10-02 00:15:00,89,88,92,93,93,91,92,93,95,91,92,100,91,91,91,91,92,90,91,94,95,95,97,97,103,94,96,104,105,112,111,126,150,177,144,140,135,130,133,120,120,126,140,126,129,126,120,132,125,123,140,129,116,110,116,131,110,126,125,148,148,170,200,192,199,200,194,206,221,218,211,204,186,203,180,159,164,153,163,122,106,108,125,121,124,116,103,106,100,106,100,99,95,95,92,98,3120.0,223
3120,RATHMINES_RD W of BURKE_RD,045 J10,-37.82284,145.05684,4175,496,7,1,2006-10-03 00:15:00,93,95,94,95,93,92,91,95,93,92,92,93,92,93,93,93,93,91,93,92,92,95,95,101,97,98,108,108,111,109,124,144,155,159,165,146,126,136,123,134,120,119,120,124,108,126,119,117,138,114,141,135,126,107,110,113,117,171,122,127,127,157,207,176,182,169,223,193,194,202,227,230,225,180,188,203,182,160,139,137,127,126,120,130,132,134,101,116,105,111,98,103,94,98,105,97,3120.0,233
3120,RATHMINES_RD W of BURKE_RD,045 J10,-37.82284,145.05684,4175,496,7,1,2006-10-04 00:15:00,98,96,96,94,98,96,94,93,98,86,90,87,89,87,91,91,88,89,89,85,88,90,92,90,92,90,97,97,94,106,118,133,141,174,165,175,146,114,132,120,126,115,104,110,114,109,116,108,126,126,136,133,128,127,126,122,117,138,142,144,156,184,186,188,201,195,184,204,216,235,211,210,216,197,183,170,160,159,119,128,118,110,110,109,139,120,130,114,114,101,105,106,101,95,96,93,3120.0,224
3120,RATHMINES_RD W of BURKE_RD,045 J10,-37.82284,145.05684,4175,496,7,1,2006-10-05 00:15:00,94,94,92,90,92,94,96,92,93,93,92,91,90,88,93,90,94,94,91,95,93,94,92,96,90,92,109,109,112,113,128,142,137,178,168,132,137,117,127,145,125,102,134,143,122,126,136,130,127,148,142,123,153,117,143,145,121,156,143,166,157,179,200,207,215,205,221,205,235,210,248,216,242,194,186,165,154,155,144,135,135,119,128,125,120,124,133,113,122,110,113,99,104,103,96,102,3120.0,241
3120,RATHMINES_RD W of BURKE_RD,045 J10,-37.82284,145.05684,4175,496,7,1,2006-10-06 00:15:00,99,101,94,95,88,88,87,88,84,84,86,88,87,87,88,84,81,85,85,83,86,85,87,87,88,84,101,103,91,109,111,120,167,164,152,141,144,134,125,135,142,115,141,133,118,142,133,131,141,128,124,125,137,116,103,132,135,140,142,122,148,193,195,215,185,195,180,213,205,215,194,198,204,203,179,144,149,142,135,106,120,120,121,111,109,111,106,95,107,113,108,113,99,108,102,88,3120.0,220
3120,RATHMINES_RD W of BURKE_RD,045 J10,-37.82284,145.05684,4175,496,7,1,2006-10-07 00:15:00,106,102,104,99,101,95,104,98,94,93,94,101,102,87,91,90,88,84,86,87,84,83,88,89,90,85,93,85,98,96,86,97,109,117,120,144,130,134,135,116,124,151,150,148,150,137,140,150,142,150,132,138,138,118,137,146,144,152,141,146,166,146,127,134,126,121,130,115,122,127,106,112,128,115,104,108,125,120,112,109,101,99,95,115,96,99,98,104,106,97,108,105,99,110,101,93,3120.0,182
3120,RATHMINES_RD W of BURKE_RD,045 J10,-37.82284,145.05684,4175,496,7,1,2006-10-08 00:15:00,105,99,97,98,108,107,94,97,94,95,99,94,91,90,85,89,92,92,91,89,90,91,91,93,85,85,83,86,87,97,99,91,86,88,96,99,105,90,107,106,117,103,107,115,117,128,120,138,116,123,131,126,124,128,123,120,122,126,110,128,121,154,114,150,142,124,119,133,119,136,146,142,110,124,119,103,120,106,110,101,92,84,86,95,88,87,92,97,83,83,86,83,88,90,92,87,3120.0,196
3120,RATHMINES_RD W of BURKE_RD,045 J10,-37.82284,145.05684,4175,496,7,1,2006-10-09 00:15:00,86,85,84,85,87,85,87,84,85,86,83,86,84,86,83,82,83,83,83,85,82,85,85,86,90,94,85,92,94,101,106,139,157,177,176,141,130,126,107,132,122,132,120,133,115,139,116,135,134,131,114,142,135,123,161,115,116,115,149,143,178,189,180,191,207,227,189,188,214,234,214,206,213,191,191,169,171,139,126,116,112,106,110,115,110,126,101,97,91,107,103,101,99,96,97,92,3120.0,207
3120,RATHMINES_RD W of BURKE_RD,045 J10,-37.82284,145.05684,4175,496,7,1,2006-10-10 00:15:00,95,94,91,84,87,85,86,85,87,85,85,86,86,86,85,85,87,86,86,84,86,89,90,98,97,98,101,99,91,90,102,110,162,181,138,172,135,143,124,127,131,129,137,107,119,127,108,121,124,122,124,108,121,116,114,125,119,117,121,135,163,177,183,205,196,173,205,186,192,226,208,195,201,185,192,180,153,156,151,135,132,125,127,124,122,116,110,124,104,118,94,88,107,99,97,100,3120.0,192
3120,RATHMINES_RD W of BURKE_RD,045 J10,-37.82284,145.05684,4175,496,7,1,2006-10-11 00:15:00,92,91,93,92,94,91,89,95,91,91,92,90,91,90,92,90,90,93,93,90,93,94,97,98,98,97,94,118,122,104,118,118,160,147,158,171,158,120,130,128,106,98,125,117,105,125,108,145,120,113,93,115,121,114,125,152,130,124,154,126,147,184,139,187,215,182,202,207,189,210,194,211,184,196,179,141,165,143,144,124,113,110,103,99,100,108,126,104,115,98,114,98,102,96,96,88,3120.0,222
3120,RATHMINES_RD W of BURKE_RD,045 J10,-37.82284,145.05684,4175,496,7,1,2006-10-12 00:15:00,96,89,86,92,88,90,84,87,88,88,87,88,88,86,90,87,89,88,88,90,90,92,91,91,98,97,97,99,104,98,122,135,152,161,144,151,139,108,120,110,109,83,91,113,130,102,119,115,136,116,118,119,114,125,115,122,141,147,126,127,146,192,204,218,184,216,196,189,196,234,204,189,196,199,188,153,139,132,115,114,102,88,104,93,95,96,96,96,96,93,97,105,95,85,106,93,3120.0,220
3120,RATHMINES_RD W of BURKE_RD,045 J10,-37.82284,145.05684,4175,496,7,1,2006-10-13 00:15:00,94,87,94,88,97,90,91,93,95,93,89,87,94,90,92,88,92,91,89,92,91,96,91,93,94,101,107,98,114,108,137,120,168,180,165,149,142,134,127,132,122,107,124,125,105,115,103,127,134,160,132,129,123,143,119,149,152,132,123,125,163,167,195,173,177,206,206,205,201,224,204,200,213,193,168,154,155,172,139,119,125,111,115,116,127,114,98,110,104,107,106,105,109,108,97,101,3120.0,245
3120,RATHMINES_RD W of BURKE_RD,045 J10,-37.82284,145.05684,4175,496,7,1,2006-10-14 00:15:00,94,95,95,102,92,101,92,89,86,92,89,91,84,89,87,87,88,92,90,84,86,88,88,90,89,97,92,95,93,95,103,100,101,120,114,117,104,134,131,134,132,137,153,151,162,162,174,183,149,173,160,182,171,156,172,145,152,123,131,124,153,166,143,157,139,136,158,154,149,112,148,139,146,138,126,111,131,117,113,112,88,93,93,111,96,97,109,100,105,103,98,86,101,109,104,102,3120.0,198
3120,RATHMINES_RD W of BURKE_RD,045 J10,-37.82284,145.05684,4175,496,7,1,2006-10-15 00:15:00,97,118,105,98,98,108,95,97,106,102,99,95,87,86,89,88,86,86,87,85,88,89,86,88,93,91,88,86,84,102,95,95,96,98,101,93,93,106,107,98,110,117,109,106,111,118,108,119,125,137,136,117,126,134,132,122,122,126,126,127,142,141,131,119,140,135,132,128,137,145,123,123,130,132,124,136,103,110,101,92,92,109,110,108,84,96,86,105,96,82,80,91,92,85,87,91,3120.0,197
3120,RATHMINES_RD W of BURKE_RD,045 J10,-37.82284,145.05684,4175,496,7,1,2006-10-16 00:15:00,84,83,83,86,84,86,82,85,86,85,85,85,86,87,82,87,85,86,87,85,85,87,92,95,100,97,95,92,99,101,102,118,148,171,146,160,142,125,115,130,113,114,107,125,120,108,114,111,117,122,95,108,109,123,125,106,110,105,143,123,136,161,174,205,198,188,178,188,214,220,197,198,210,202,166,161,156,153,134,115,119,118,104,112,109,115,92,102,100,104,104,96,98,88,89,88,3120.0,203
3120,RATHMINES_RD W of BURKE_RD,045 J10,-37.82284,145.05684,4175,496,7,1,2006-10-17 00:15:00,90,92,88,93,92,87,86,89,92,91,91,88,82,83,85,83,82,86,82,84,82,86,88,87,84,90,89,103,103,99,121,135,153,162,158,163,127,118,137,126,101,112,87,88,98,108,93,112,110,110,121,111,101,118,115,114,107,137,132,157,153,162,202,180,211,187,189,191,233,211,212,202,176,211,158,164,134,138,121,136,120,126,114,110,138,100,120,89,109,93,96,91,84,98,88,96,3120.0,220
3120,RATHMINES_RD W of BURKE_RD,045 J10,-37.82284,145.05684,4175,496,7,1,2006-10-18 00:15:00,96,90,84,86,86,79,83,88,84,88,85,83,84,83,83,85,82,83,84,83,81,81,93,88,89,90,102,104,109,111,125,140,131,143,161,160,160,118,129,129,118,117,112,127,111,125,139,114,121,119,106,119,133,108,120,119,116,118,123,134,134,169,193,160,204,169,205,207,237,179,194,204,218,190,167,180,182,143,156,131,102,121,113,102,122,132,113,103,126,100,97,100,101,90,100,96,3120.0,236
3120,RATHMINES_RD W of BURKE_RD,045 J10,-37.82284,145.05684,4175,496,7,1,2006-10-19 00:15:00,94,93,89,87,86,87,86,91,89,88,92,89,86,86,89,86,85,85,87,85,88,86,90,93,95,91,91,99,116,93,120,128,164,159,148,144,149,111,138,137,119,112,126,114,129,134,114,117,125,128,116,144,114,130,112,131,113,132,128,146,149,189,222,216,197,211,185,198,220,185,213,190,198,204,184,158,173,140,126,133,131,130,123,112,129,136,115,129,125,126,88,98,104,90,91,98,3120.0,213
3120,RATHMINES_RD W of BURKE_RD,045 J10,-37.82284,145.05684,4175,496,7,1,2006-10-20 00:15:00,95,92,92,96,89,94,93,86,88,91,89,91,93,90,94,88,92,90,92,90,94,95,94,97,94,98,100,109,108,107,118,127,154,153,133,122,109,150,123,111,134,130,123,139,146,121,128,130,153,156,146,138,146,161,150,169,147,161,167,150,175,173,234,219,196,218,195,209,223,237,235,191,204,240,172,186,135,142,143,135,115,104,93,96,97,96,99,92,98,93,89,92,105,94,94,91,3120.0,225
3120,RATHMINES_RD W of BURKE_RD,045 J10,-37.82284,145.05684,4175,496,7,1,2006-10-21 00:15:00,88,93,92,90,98,90,87,90,91,86,84,91,89,89,87,85,88,87,89,88,87,88,90,92,91,88,97,87,89,90,95,106,95,91,113,122,131,131,133,135,125,135,150,136,153,159,146,167,151,164,129,178,149,132,166,139,151,139,151,149,158,129,151,144,130,143,141,139,148,140,138,144,132,136,122,122,108,107,103,95,104,96,88,108,104,96,76,82,96,87,96,96,105,100,107,92,3120.0,185
3120,RATHMINES_RD W of BURKE_RD,045 J10,-37.82284,145.05684,4175,496,7,1,2006-10-22 00:15:00,95,92,91,84,96,92,97,91,94,92,90,89,88,92,93,92,101,97,91,92,90,92,95,97,91,100,93,97,96,92,88,91,93,89,86,106,93,105,110,105,113,106,120,117,116,128,118,126,127,137,123,116,110,123,101,101,104,99,109,108,109,129,134,116,125,95,126,114,136,138,109,140,128,117,115,119,108,103,105,89,100,102,96,98,91,104,99,101,101,98,114,96,96,103,98,101,3120.0,180
3120,RATHMINES_RD W of BURKE_RD,045 J10,-37.82284,145.05684,4175,496,7,1,2006-10-23 00:15:00,97,94,83,90,88,85,85,89,86,85,85,86,86,86,85,88,84,85,87,86,85,91,94,93,99,101,100,98,98,103,105,131,136,173,153,165,123,141,120,89,104,104,124,119,110,109,106,104,127,126,109,100,102,130,114,99,131,147,115,145,165,191,162,190,204,188,210,177,193,236,204,200,197,175,193,167,146,148,138,119,108,116,103,96,110,115,100,91,98,95,91,99,95,94,87,89,3120.0,208
3120,RATHMINES_RD W of BURKE_RD,045 J10,-37.82284,145.05684,4175,496,7,1,2006-10-24 00:15:00,87,93,89,89,87,91,89,88,89,88,91,89,88,88,88,89,88,90,90,88,90,99,93,89,93,97,102,109,114,106,115,144,139,146,166,166,135,127,108,95,99,110,117,98,110,105,112,106,137,142,121,151,121,116,123,124,133,103,139,141,158,142,216,175,196,193,204,183,218,233,200,197,187,188,185,171,138,132,116,120,104,101,115,127,125,104,108,104,100,99,92,95,102,88,91,91,3120.0,221
3120,RATHMINES_RD W of BURKE_RD,045 J10,-37.82284,145.05684,4175,496,7,1,2006-10-25 00:15:00,90,92,93,82,90,90,88,88,87,83,86,90,86,88,87,88,84,84,88,86,86,89,92,98,94,92,98,113,116,107,126,145,128,173,133,148,130,134,153,117,100,125,127,144,117,146,123,138,141,135,137,143,133,136,138,138,131,132,165,165,176,178,197,241,183,192,236,207,220,201,247,227,196,219,200,177,177,162,134,140,120,128,107,120,116,136,113,130,112,106,113,95,98,103,96,101,3120.0,233
3120,RATHMINES_RD W of BURKE_RD,045 J10,-37.82284,145.05684,4175,496,7,1,2006-10-26 00:15:00,91,92,91,97,88,90,90,92,94,96,91,91,90,91,93,90,90,89,91,89,88,92,94,94,98,90,95,99,117,98,130,134,144,178,181,135,139,132,146,107,116,132,133,116,119,119,126,133,140,119,139,129,122,160,130,120,126,139,132,143,169,200,210,213,209,209,208,233,240,234,250,209,229,184,186,181,176,165,143,149,122,118,112,125,141,116,118,118,113,114,112,108,111,111,95,100,3120.0,228
3120,RATHMINES_RD W of BURKE_RD,045 J10,-37.82284,145.05684,4175,496,7,1,2006-10-27 00:15:00,102,103,102,99,100,92,95,95,95,97,95,83,85,93,91,92,93,94,92,92,92,99,93,91,95,98,101,122,99,100,136,120,165,158,167,143,139,146,122,152,120,144,133,135,118,117,121,130,146,133,152,156,154,140,141,152,162,140,175,143,202,182,231,227,208,211,220,189,232,210,200,208,202,189,178,158,146,166,136,121,128,101,96,110,106,100,84,84,106,105,97,101,95,87,83,95,3120.0,236
3120,RATHMINES_RD W of BURKE_RD,045 J10,-37.82284,145.05684,4175,496,7,1,2006-10-28 00:15:00,109,92,90,91,91,88,93,95,87,87,92,95,95,87,86,91,90,94,90,94,91,93,92,90,93,93,95,94,97,95,104,91,106,101,83,114,120,125,118,131,122,141,131,147,147,140,143,167,166,150,159,171,160,159,171,159,148,141,155,140,152,125,116,139,130,128,157,154,158,135,137,137,147,131,128,143,121,107,113,97,103,108,95,109,106,95,93,95,86,108,93,101,92,100,97,91,3120.0,199
3120,RATHMINES_RD W of BURKE_RD,045 J10,-37.82284,145.05684,4175,496,7,1,2006-10-29 00:15:00,108,92,92,88,85,92,85,94,94,93,94,95,91,88,90,88,94,92,92,89,91,86,90,85,86,85,92,90,91,86,91,93,90,94,91,76,110,101,100,120,115,101,121,113,112,117,124,119,138,139,133,110,123,135,114,116,140,120,121,145,117,128,102,137,132,143,148,139,147,149,129,118,124,119,111,122,114,97,101,119,92,103,100,104,104,92,89,109,88,86,98,99,98,97,93,91,3120.0,177
3120,RATHMINES_RD W of BURKE_RD,045 J10,-37.82284,145.05684,4175,496,7,1,2006-10-30 00:15:00,87,81,86,83,80,81,88,91,83,82,85,83,83,83,84,84,84,83,85,84,84,84,86,89,87,84,85,97,85,105,92,109,153,131,154,140,129,135,116,121,120,132,116,120,125,130,124,125,125,134,116,129,131,104,107,124,128,118,111,137,153,140,174,178,216,183,187,190,209,217,183,199,167,201,201,168,150,133,129,126,114,100,115,98,114,119,106,106,86,109,95,86,104,90,99,96,3120.0,197
3120,RATHMINES_RD W of BURKE_RD,045 J10,-37.82284,145.05684,4175,496,7,1,2006-10-31 00:15:00,94,89,96,86,88,87,89,87,89,90,91,91,87,92,91,83,83,85,85,82,83,88,84,90,92,84,93,103,92,95,121,124,120,149,157,139,138,124,140,137,112,122,134,122,135,125,132,138,140,134,120,123,140,122,144,129,130,149,120,128,156,178,159,196,180,197,203,205,216,226,211,208,213,197,189,199,138,150,152,132,137,125,112,99,122,134,111,106,130,106,97,93,100,92,102,95,3120.0,216
3122,CANTERBURY_RD E of STANHOPE_GV,046 A10,-37.82379,145.06466,16153,498,3,1,2006-10-01 00:15:00,46,45,40,49,34,28,33,29,22,25,28,24,23,21,15,13,14,18,17,21,16,15,27,37,39,47,56,54,58,58,56,82,66,86,105,134,140,157,174,227,183,199,207,192,173,187,194,216,194,180,213,190,219,202,173,202,200,187,210,205,206,187,172,207,189,187,175,183,163,172,156,168,162,132,131,142,118,126,107,82,68,76,57,85,80,62,80,58,43,42,40,39,27,23,27,28,3122.0,114
3122,CANTERBURY_RD E of STANHOPE_GV,046 A10,-37.82379,145.06466,16153,498,3,1,2006-10-02 00:15:00,17,12,17,8,11,9,5,12,5,5,8,4,5,2,6,10,5,15,17,24,28,27,45,55,70,135,246,265,385,504,429,428,396,398,374,329,355,301,268,263,203,201,252,230,203,188,200,217,217,219,218,195,193,192,195,183,231,205,200,196,221,200,184,188,186,171,175,204,176,214,185,199,174,173,171,177,156,151,140,117,94,94,61,78,73,62,81,69,76,51,60,46,22,25,19,19,3122.0,933
3122,CANTERBURY_RD E of STANHOPE_GV,046 A10,-37.82379,145.06466,16153,498,3,1,2006-10-03 00:15:00,11,6,7,9,5,9,6,6,2,1,8,0,3,9,5,5,6,9,13,14,27,39,61,66,107,204,252,315,404,489,467,344,410,347,386,345,396,363,287,286,240,250,245,269,202,222,188,221,226,218,216,194,189,198,197,183,211,253,212,183,195,238,193,201,159,194,182,212,182,193,234,181,233,166,184,201,178,149,146,126,133,93,95,83,101,71,83,94,82,58,71,48,29,43,27,24,3122.0,956
3122,CANTERBURY_RD E of STANHOPE_GV,046 A10,-37.82379,145.06466,16153,498,3,1,2006-10-04 00:15:00,19,16,8,7,7,10,8,5,2,4,5,6,2,8,5,5,7,7,10,17,21,37,58,56,108,184,256,295,434,482,445,396,403,406,363,363,369,362,285,283,233,241,279,226,197,206,212,257,209,214,194,209,182,201,200,203,202,189,194,248,187,228,211,207,193,175,221,180,196,220,205,239,182,191,184,210,167,185,143,145,108,115,107,120,95,90,96,97,87,74,67,67,37,40,28,24,3122.0,927
3122,CANTERBURY_RD E of STANHOPE_GV,046 A10,-37.82379,145.06466,16153,498,3,1,2006-10-05 00:15:00,9,22,9,11,12,6,7,15,5,3,6,7,9,3,18,3,14,12,12,23,20,41,43,72,109,181,222,313,388,469,426,419,299,435,428,350,382,356,442,292,268,268,234,231,210,239,223,271,199,220,223,228,211,224,215,191,219,206,210,227,230,229,199,196,183,195,225,215,184,246,232,225,218,227,176,234,174,159,122,139,153,117,116,107,82,105,97,77,84,86,66,63,46,35,22,27,3122.0,895
3122,CANTERBURY_RD E of STANHOPE_GV,046 A10,-37.82379,145.06466,16153,498,3,1,2006-10-06 00:15:00,21,24,9,20,16,9,8,8,8,11,10,9,6,12,12,10,12,12,15,28,22,34,51,55,104,166,261,290,348,487,484,421,401,400,360,345,358,377,294,287,295,262,241,232,228,229,216,266,234,226,216,196,226,229,205,193,207,208,203,253,213,228,212,205,211,210,200,192,204,198,232,221,217,245,225,239,237,218,191,164,132,132,135,126,124,106,92,105,101,80,74,96,61,64,70,35,3122.0,971
3122,CANTERBURY_RD E of STANHOPE_GV,046 A10,-37.82379,145.06466,16153,498,3,1,2006-10-07 00:15:00,52,48,34,38,21,25,25,27,24,22,16,10,16,10,14,9,9,19,16,28,18,19,18,32,43,62,82,105,77,111,114,144,143,175,236,247,231,250,264,249,228,222,266,259,237,254,253,261,298,260,251,270,251,254,268,251,237,210,220,221,219,209,198,200,212,193,196,187,208,208,209,183,223,197,209,216,210,174,194,164,139,122,125,111,108,100,96,92,107,87,93,77,92,83,84,73,3122.0,225
3122,CANTERBURY_RD E of STANHOPE_GV,046 A10,-37.82379,145.06466,16153,498,3,1,2006-10-08 00:15:00,88,64,45,45,43,21,28,29,32,27,23,19,27,20,10,23,20,31,14,22,20,22,33,40,42,59,75,77,39,68,70,93,84,89,99,153,130,157,178,227,184,198,209,189,173,205,182,233,202,203,208,215,206,199,179,202,198,207,186,173,178,196,204,182,212,167,197,210,166,164,204,201,177,167,154,132,126,111,90,83,76,78,82,71,83,78,72,63,47,48,48,33,29,27,23,22,3122.0,138
3122,CANTERBURY_RD E of STANHOPE_GV,046 A10,-37.82379,145.06466,16153,498,3,1,2006-10-09 00:15:00,15,15,7,12,10,4,3,6,6,3,10,6,5,4,10,6,6,7,16,20,21,30,49,51,93,158,254,314,383,498,458,401,370,377,352,316,348,359,260,287,221,206,228,204,183,211,192,205,193,205,187,205,179,189,202,164,187,185,175,209,217,248,199,187,195,191,186,201,198,188,184,239,188,198,167,160,138,135,110,99,91,114,72,80,78,66,76,71,73,47,57,55,34,20,15,16,3122.0,956
3122,CANTERBURY_RD E of STANHOPE_GV,046 A10,-37.82379,145.06466,16153,498,3,1,2006-10-10 00:15:00,8,16,7,11,9,7,5,5,4,5,6,7,6,5,9,6,8,5,13,24,24,39,54,68,94,166,289,280,406,534,365,432,320,378,341,322,444,369,282,303,229,228,235,230,200,209,233,211,217,208,203,183,200,198,204,179,199,176,217,202,193,204,199,209,195,199,189,199,219,186,214,222,219,202,172,199,169,168,138,158,126,118,112,109,96,98,90,92,99,82,59,56,44,32,20,25,3122.0,899
3122,CANTERBURY_RD E of STANHOPE_GV,046 A10,-37.82379,145.06466,16153,498,3,1,2006-10-11 00:15:00,17,13,15,18,2,5,11,3,5,5,11,5,4,10,12,7,9,12,12,22,25,24,60,67,100,187,259,328,365,465,414,383,312,395,309,424,355,378,315,309,255,252,232,222,217,225,205,245,219,221,226,227,205,211,215,189,232,177,202,234,234,219,200,185,182,198,191,211,203,256,196,229,206,205,217,219,162,186,124,120,118,121,77,88,98,111,91,74,98,73,65,57,36,31,25,20,3122.0,879
3122,CANTERBURY_RD E of STANHOPE_GV,046 A10,-37.82379,145.06466,16153,498,3,1,2006-10-12 00:15:00,22,16,23,14,5,4,4,7,2,7,13,5,8,5,6,11,11,10,18,24,20,30,56,66,96,165,252,307,386,505,443,419,379,382,352,332,335,356,346,318,240,218,262,237,208,238,225,232,214,230,214,216,176,206,199,203,222,204,185,201,206,244,204,196,235,185,185,178,211,206,213,210,229,219,176,202,191,179,160,139,141,110,137,109,95,103,89,108,93,75,77,60,51,31,44,32,3122.0,948
3122,CANTERBURY_RD E of STANHOPE_GV,046 A10,-37.82379,145.06466,16153,498,3,1,2006-10-13 00:15:00,19,12,18,16,11,8,12,12,10,9,6,11,5,8,8,8,10,9,13,32,19,32,60,56,90,167,256,311,385,461,464,401,399,413,385,356,362,326,320,287,253,263,245,249,204,220,238,233,228,193,216,203,203,214,193,201,193,176,217,249,218,229,214,228,207,185,204,224,177,182,237,224,236,278,250,233,197,221,175,151,125,118,108,101,105,93,89,80,92,87,70,73,59,55,71,47,3122.0,925
3122,CANTERBURY_RD E of STANHOPE_GV,046 A10,-37.82379,145.06466,16153,498,3,1,2006-10-14 00:15:00,37,51,34,30,33,29,26,17,23,17,12,15,13,15,7,13,12,12,8,18,11,16,27,32,41,57,85,82,74,89,149,156,162,186,166,247,197,259,234,250,243,246,267,276,268,266,252,283,276,262,265,270,243,296,251,227,260,248,241,237,220,212,215,209,223,202,205,215,200,189,214,233,194,222,194,242,201,208,159,138,125,135,120,106,106,100,90,76,84,74,73,87,70,55,65,63,3122.0,238
3122,CANTERBURY_RD E of STANHOPE_GV,046 A10,-37.82379,145.06466,16153,498,3,1,2006-10-15 00:15:00,63,62,59,53,37,31,21,35,34,17,19,20,18,12,16,28,21,21,29,41,30,28,26,41,47,54,69,71,63,63,70,93,63,97,125,147,133,149,193,209,169,192,224,185,195,187,177,215,182,214,217,209,204,208,196,206,206,196,188,219,192,190,203,197,195,168,188,184,184,173,180,174,149,160,160,141,128,107,103,84,95,63,73,96,73,68,70,71,59,49,42,39,29,31,33,12,3122.0,133
3122,CANTERBURY_RD E of STANHOPE_GV,046 A10,-37.82379,145.06466,16153,498,3,1,2006-10-16 00:15:00,20,15,15,8,3,8,11,2,6,5,7,4,8,9,2,7,11,13,17,19,21,30,51,64,83,153,237,279,369,425,405,398,330,381,397,344,346,376,277,284,214,225,200,232,192,208,179,188,217,202,185,207,176,221,175,209,202,186,190,209,170,244,183,195,189,179,198,170,191,210,209,196,217,179,201,175,164,155,129,98,104,82,76,96,88,70,70,92,63,70,52,27,34,26,14,24,3122.0,830
3122,CANTERBURY_RD E of STANHOPE_GV,046 A10,-37.82379,145.06466,16153,498,3,1,2006-10-17 00:15:00,16,14,15,4,6,4,8,6,5,6,5,4,3,7,7,6,3,12,16,24,21,31,50,68,98,210,260,323,432,457,470,349,396,349,347,398,370,393,287,258,234,251,226,245,194,220,205,204,217,228,190,223,170,207,214,207,170,204,236,220,212,220,214,158,175,167,230,199,230,227,170,220,201,187,197,230,184,204,165,142,127,125,89,99,106,83,99,79,77,57,67,48,48,47,34,37,3122.0,927
3122,CANTERBURY_RD E of STANHOPE_GV,046 A10,-37.82379,145.06466,16153,498,3,1,2006-10-18 00:15:00,23,20,18,8,11,7,12,7,7,9,7,6,8,4,12,7,6,12,13,15,23,39,54,63,108,174,269,307,408,467,455,389,381,388,383,380,332,387,321,289,257,233,245,227,231,219,258,221,205,208,210,233,197,202,217,203,179,178,245,219,225,219,225,217,194,221,162,217,177,216,208,278,232,236,210,250,205,194,130,134,106,109,106,91,85,87,76,83,93,70,58,61,45,36,27,28,3122.0,922
3122,CANTERBURY_RD E of STANHOPE_GV,046 A10,-37.82379,145.06466,16153,498,3,1,2006-10-19 00:15:00,29,14,14,13,8,8,11,9,4,4,7,7,6,8,9,9,11,10,18,25,24,43,55,77,107,183,217,352,374,451,478,444,399,348,363,379,374,369,326,301,255,234,244,205,210,201,253,201,204,226,220,223,208,232,204,232,205,213,205,208,214,231,211,197,196,181,202,190,194,232,236,223,202,187,198,202,221,204,135,139,126,115,117,88,106,101,94,91,87,84,88,59,48,48,33,27,3122.0,929
3122,CANTERBURY_RD E of STANHOPE_GV,046 A10,-37.82379,145.06466,16153,498,3,1,2006-10-20 00:15:00,22,22,10,20,10,11,8,13,9,7,12,8,13,9,16,5,9,9,22,19,20,34,50,54,114,165,230,311,406,450,418,434,330,416,368,341,353,323,296,300,277,236,248,265,207,252,214,217,264,248,198,241,187,197,253,178,195,208,195,204,235,250,201,194,213,203,233,192,215,233,246,218,205,242,234,206,251,221,181,166,136,112,102,130,119,85,105,80,84,93,90,67,69,59,49,62,3122.0,868
3122,CANTERBURY_RD E of STANHOPE_GV,046 A10,-37.82379,145.06466,16153,498,3,1,2006-10-21 00:15:00,30,36,29,28,28,19,15,18,19,12,16,12,9,13,3,11,8,15,15,14,12,22,22,31,47,70,86,83,69,94,135,152,126,138,191,267,194,247,240,283,236,259,266,283,247,261,295,265,243,262,269,252,243,221,268,242,227,220,232,241,195,257,213,209,198,198,203,195,217,181,226,206,168,215,211,220,207,195,157,139,126,114,100,98,113,96,97,67,78,56,75,62,63,68,66,67,3122.0,229
3122,CANTERBURY_RD E of STANHOPE_GV,046 A10,-37.82379,145.06466,16153,498,3,1,2006-10-22 00:15:00,62,56,39,39,35,38,31,14,25,15,21,15,16,15,13,14,18,16,17,16,23,24,25,31,37,40,56,58,49,60,77,85,69,83,104,156,139,160,192,227,218,187,216,197,181,188,183,214,208,211,204,242,215,226,198,210,175,217,198,200,201,212,188,188,189,174,211,164,194,194,179,184,177,164,158,147,135,123,105,90,83,87,92,87,90,68,78,50,78,52,53,30,28,29,16,13,3122.0,137
3122,CANTERBURY_RD E of STANHOPE_GV,046 A10,-37.82379,145.06466,16153,498,3,1,2006-10-23 00:15:00,22,8,9,11,7,5,11,3,5,3,6,5,3,4,8,8,10,13,13,23,18,33,44,56,91,160,264,281,377,423,438,365,357,408,351,387,344,331,277,251,230,224,202,212,199,230,207,215,210,190,204,196,177,193,190,196,171,180,220,210,203,218,229,195,169,189,156,167,183,201,186,197,194,153,152,153,153,166,134,122,103,117,70,81,77,90,70,72,81,42,52,25,35,26,18,13,3122.0,861
3122,CANTERBURY_RD E of STANHOPE_GV,046 A10,-37.82379,145.06466,16153,498,3,1,2006-10-24 00:15:00,11,12,11,8,8,7,6,5,7,4,2,4,7,9,4,6,7,14,6,23,28,38,48,74,97,183,252,346,390,466,405,404,391,404,298,339,356,383,298,288,224,268,214,205,195,211,234,188,195,192,232,223,208,191,219,212,168,198,212,205,204,225,216,185,187,204,191,199,200,190,215,212,202,161,190,186,192,174,135,143,130,91,101,102,97,69,110,78,94,59,56,54,35,43,34,27,3122.0,871
3122,CANTERBURY_RD E of STANHOPE_GV,046 A10,-37.82379,145.06466,16153,498,3,1,2006-10-25 00:15:00,19,12,12,5,16,4,9,8,4,5,5,3,6,11,7,6,6,11,13,17,18,36,62,60,102,188,254,307,379,472,469,408,382,357,391,330,433,382,328,289,252,226,231,228,208,242,206,212,220,212,205,224,197,180,260,214,186,180,214,196,191,222,190,212,187,179,203,171,220,216,222,211,222,195,195,190,166,170,138,108,120,114,99,104,76,82,86,82,87,77,67,48,46,23,27,22,3122.0,941
3122,CANTERBURY_RD E of STANHOPE_GV,046 A10,-37.82379,145.06466,16153,498,3,1,2006-10-26 00:15:00,23,16,10,18,9,9,6,7,3,6,7,4,5,8,12,10,6,10,14,15,27,32,59,84,90,186,267,318,374,452,454,373,379,397,347,373,369,384,312,292,254,234,236,257,248,209,226,199,239,211,198,210,236,186,239,220,215,202,243,228,220,240,180,215,197,210,201,190,204,214,214,251,216,217,193,224,190,151,146,145,96,103,116,126,107,88,95,82,96,81,58,61,43,38,29,20,3122.0,906
3122,CANTERBURY_RD E of STANHOPE_GV,046 A10,-37.82379,145.06466,16153,498,3,1,2006-10-27 00:15:00,21,22,19,20,9,14,9,8,7,10,3,7,5,7,5,8,7,15,23,16,16,37,62,61,111,143,247,323,403,451,480,417,395,382,336,380,384,330,360,272,257,254,278,260,220,245,215,217,241,241,251,239,228,222,218,220,208,199,220,194,208,203,207,214,227,207,215,176,185,256,222,219,205,229,206,260,209,193,175,157,134,98,103,90,111,102,74,79,92,84,73,55,71,93,63,47,3122.0,931
3122,CANTERBURY_RD E of STANHOPE_GV,046 A10,-37.82379,145.06466,16153,498,3,1,2006-10-28 00:15:00,45,38,39,28,38,27,23,16,25,16,7,10,5,10,5,13,10,19,9,11,9,21,26,43,43,70,81,103,59,80,128,159,146,165,195,216,204,222,223,257,228,228,232,232,261,242,263,267,276,260,266,219,254,238,240,245,245,211,203,209,214,200,189,186,205,230,187,217,207,198,234,207,200,236,205,191,206,196,153,171,116,125,116,117,101,105,86,91,89,86,69,92,90,56,70,82,3122.0,208
3122,CANTERBURY_RD E of STANHOPE_GV,046 A10,-37.82379,145.06466,16153,498,3,1,2006-10-29 00:15:00,48,70,47,40,33,31,33,0,0,0,0,19,24,27,20,22,18,19,19,22,14,24,28,32,29,44,55,53,55,55,62,59,81,84,100,152,114,148,168,189,175,174,211,207,173,198,183,208,206,223,185,205,188,180,200,204,223,198,181,176,186,196,208,173,192,181,185,192,208,185,188,166,190,172,145,152,132,101,104,87,89,95,111,70,87,79,79,73,51,52,49,44,25,28,30,22,3122.0,117
3122,CANTERBURY_RD E of STANHOPE_GV,046 A10,-37.82379,145.06466,16153,498,3,1,2006-10-30 00:15:00,20,15,10,9,9,11,4,8,7,9,7,7,5,3,8,6,7,10,16,14,24,26,59,47,80,129,216,280,372,485,434,391,367,363,385,306,393,337,287,252,196,234,220,191,206,193,198,222,228,203,223,209,174,194,196,190,171,183,208,204,219,201,195,205,191,168,181,154,178,219,198,203,168,179,166,168,127,139,113,120,105,98,88,75,79,66,72,62,69,49,62,39,38,27,27,18,3122.0,919
3122,CANTERBURY_RD E of STANHOPE_GV,046 A10,-37.82379,145.06466,16153,498,3,1,2006-10-31 00:15:00,11,13,12,13,3,7,5,4,5,7,6,2,9,9,4,8,5,8,14,19,22,36,44,53,94,127,262,329,400,477,414,410,371,369,360,376,335,395,316,304,257,231,209,235,239,218,202,205,247,189,206,203,213,194,212,214,197,207,215,199,210,210,213,180,172,179,191,142,203,160,214,159,164,144,204,156,129,121,155,126,111,115,91,104,100,92,90,79,82,75,73,54,52,32,33,25,3122.0,891
3122,STANHOPE_GV S of CANTERBURY_RD,046 A10,-37.82404,145.06435,17054,498,5,1,2006-10-01 00:15:00,37,23,23,17,8,16,11,7,8,11,7,9,3,5,5,4,5,4,3,1,3,8,5,5,10,11,15,19,14,12,19,19,19,35,51,64,56,71,75,81,93,95,102,119,113,113,142,144,150,184,180,176,146,136,139,145,105,133,133,146,113,140,139,152,123,147,135,149,174,152,166,137,126,131,102,98,78,59,62,57,42,54,36,37,62,59,49,45,31,32,36,26,27,22,14,9,3122.0,31
3122,STANHOPE_GV S of CANTERBURY_RD,046 A10,-37.82404,145.06435,17054,498,5,1,2006-10-02 00:15:00,9,12,5,6,5,2,2,3,2,0,3,2,3,2,2,0,2,3,4,4,4,3,6,13,17,26,22,47,54,88,108,115,142,128,159,131,118,146,138,128,123,121,115,128,129,132,140,113,148,146,135,119,162,142,166,144,135,121,176,205,227,209,192,189,217,229,286,225,313,290,317,293,315,246,211,170,172,133,113,100,70,62,52,62,60,56,49,55,32,51,49,23,19,16,13,12,3122.0,196
3122,STANHOPE_GV S of CANTERBURY_RD,046 A10,-37.82404,145.06435,17054,498,5,1,2006-10-03 00:15:00,15,3,8,2,3,5,3,3,2,1,6,0,3,0,1,1,2,3,5,3,11,4,7,17,18,22,35,68,66,89,95,132,115,140,127,156,174,141,130,126,127,132,130,136,148,131,114,141,135,146,138,145,174,134,142,158,150,198,168,186,172,197,209,214,273,248,272,273,287,307,280,329,266,304,243,195,209,135,120,100,71,79,62,54,62,77,62,62,65,61,58,29,34,23,24,18,3122.0,184
3122,STANHOPE_GV S of CANTERBURY_RD,046 A10,-37.82404,145.06435,17054,498,5,1,2006-10-04 00:15:00,16,9,3,5,2,1,4,3,4,4,3,0,0,3,1,0,0,2,4,1,12,7,7,19,15,19,37,57,55,89,124,134,129,149,155,120,166,149,137,147,116,149,130,123,152,124,132,137,120,160,140,157,141,166,124,134,145,158,184,180,229,257,213,204,249,251,271,253,277,303,314,293,273,266,257,106,160,130,119,59,81,66,69,76,93,75,82,52,46,54,48,40,38,31,27,12,3122.0,213
3122,STANHOPE_GV S of CANTERBURY_RD,046 A10,-37.82404,145.06435,17054,498,5,1,2006-10-05 00:15:00,12,17,4,7,3,4,4,2,6,3,3,1,1,4,1,1,2,2,3,2,10,5,10,20,16,21,33,55,49,94,126,96,138,128,113,173,154,159,137,149,128,151,129,162,133,134,161,149,145,163,156,149,168,140,125,144,180,188,169,221,200,229,248,243,256,257,280,294,317,322,307,283,297,278,248,197,186,142,141,99,89,77,65,88,72,80,74,60,75,44,79,42,27,36,25,16,3122.0,220
3122,STANHOPE_GV S of CANTERBURY_RD,046 A10,-37.82404,145.06435,17054,498,5,1,2006-10-06 00:15:00,11,16,3,9,9,6,5,4,10,4,5,3,3,5,3,0,2,6,1,3,4,7,1,13,14,23,32,47,50,78,118,106,146,142,145,122,133,169,148,143,130,138,151,157,152,162,156,154,188,201,150,176,162,165,173,138,172,178,190,197,234,237,252,235,221,302,246,250,314,319,324,286,288,277,223,201,218,153,129,110,110,77,80,78,67,78,61,60,62,62,69,67,56,51,57,34,3122.0,196
3122,STANHOPE_GV S of CANTERBURY_RD,046 A10,-37.82404,145.06435,17054,498,5,1,2006-10-07 00:15:00,27,30,19,19,19,12,15,8,11,6,8,6,5,3,5,6,5,3,5,7,4,6,3,8,13,12,22,22,22,28,29,55,58,79,90,112,123,136,153,160,165,178,193,162,200,190,201,184,160,202,189,195,171,201,154,209,182,190,204,181,188,191,197,175,181,178,189,190,202,204,139,169,164,156,140,131,137,117,94,64,71,61,59,51,53,69,54,54,47,41,61,59,68,50,72,57,3122.0,57
3122,STANHOPE_GV S of CANTERBURY_RD,046 A10,-37.82404,145.06435,17054,498,5,1,2006-10-08 00:15:00,54,40,38,20,23,16,16,16,10,6,9,7,6,8,5,2,6,6,9,2,6,5,7,3,7,8,13,20,12,13,20,32,36,40,48,62,65,67,85,84,90,93,111,118,101,123,156,142,162,196,215,188,162,143,151,158,136,162,122,162,148,135,122,159,145,163,170,155,146,162,160,117,110,109,106,101,82,63,54,61,42,50,47,55,46,52,37,49,28,37,24,35,23,13,16,12,3122.0,33
3122,STANHOPE_GV S of CANTERBURY_RD,046 A10,-37.82404,145.06435,17054,498,5,1,2006-10-09 00:15:00,12,10,8,5,7,4,2,0,2,2,3,0,0,1,1,3,1,2,2,5,5,6,7,15,17,26,29,56,63,94,96,110,131,134,136,147,147,143,113,147,127,120,118,125,139,135,131,116,136,134,130,128,145,144,167,144,132,151,147,199,213,196,209,215,217,254,271,260,292,301,316,300,291,254,221,211,140,104,107,83,81,71,52,66,61,60,51,52,46,39,40,17,32,16,11,10,3122.0,190
3122,STANHOPE_GV S of CANTERBURY_RD,046 A10,-37.82404,145.06435,17054,498,5,1,2006-10-10 00:15:00,16,6,7,10,5,2,1,1,3,3,0,2,1,1,3,2,1,3,3,5,7,6,4,19,20,25,44,63,74,87,123,105,125,110,106,113,183,152,132,135,153,157,145,145,133,147,140,165,169,154,159,119,160,187,161,140,178,158,174,201,231,210,218,218,222,254,314,265,274,299,317,289,302,290,252,197,159,145,113,109,101,82,82,66,68,84,65,65,65,55,56,60,34,31,17,13,3122.0,210
3122,STANHOPE_GV S of CANTERBURY_RD,046 A10,-37.82404,145.06435,17054,498,5,1,2006-10-11 00:15:00,14,8,8,11,4,9,3,5,3,2,4,2,1,3,2,1,1,4,1,2,8,5,6,18,16,23,37,61,73,100,126,111,125,124,153,106,136,167,150,156,143,130,134,128,166,137,158,126,145,140,167,143,147,132,149,182,132,143,174,190,208,234,226,237,238,275,278,244,287,291,311,283,310,266,235,222,191,127,98,100,67,90,61,70,107,79,59,66,58,49,56,57,33,25,29,25,3122.0,226
3122,STANHOPE_GV S of CANTERBURY_RD,046 A10,-37.82404,145.06435,17054,498,5,1,2006-10-12 00:15:00,20,12,11,6,4,6,5,4,3,2,0,1,1,2,3,4,3,3,0,3,9,5,6,22,21,21,34,58,64,88,128,112,156,140,153,135,145,166,125,166,130,139,138,133,121,132,155,159,158,145,171,150,154,148,150,167,177,189,190,205,226,215,218,218,220,230,265,287,282,308,295,293,293,270,218,201,171,154,158,118,85,71,85,82,90,71,71,87,74,51,58,49,44,27,13,20,3122.0,216
3122,STANHOPE_GV S of CANTERBURY_RD,046 A10,-37.82404,145.06435,17054,498,5,1,2006-10-13 00:15:00,17,15,14,3,7,6,2,4,7,5,0,3,2,3,5,1,1,6,0,5,1,11,7,11,21,23,34,48,55,92,117,150,124,131,169,149,172,143,133,147,125,119,127,119,148,150,141,170,160,199,165,166,189,145,149,155,191,188,196,190,232,250,221,234,245,224,282,266,263,281,290,293,282,254,209,225,168,185,145,112,110,71,71,64,84,86,81,58,55,57,67,57,60,52,44,39,3122.0,209
3122,STANHOPE_GV S of CANTERBURY_RD,046 A10,-37.82404,145.06435,17054,498,5,1,2006-10-14 00:15:00,48,39,20,19,17,17,15,11,9,11,4,4,9,1,2,4,3,3,4,2,3,4,7,11,12,9,19,18,25,30,31,71,57,70,87,122,105,121,136,142,154,155,171,160,172,171,195,174,211,195,194,195,210,202,159,165,178,179,162,184,169,177,210,208,194,185,205,194,220,218,170,159,204,171,147,156,121,119,99,86,70,62,71,59,66,61,62,57,69,71,60,61,62,67,59,46,3122.0,61
3122,STANHOPE_GV S of CANTERBURY_RD,046 A10,-37.82404,145.06435,17054,498,5,1,2006-10-15 00:15:00,46,51,27,28,26,25,13,11,11,13,11,11,11,9,6,7,4,6,2,8,3,12,12,3,7,7,13,21,11,19,29,26,33,25,54,69,69,74,68,100,105,125,138,152,103,122,148,194,174,192,188,168,153,175,145,149,138,131,120,129,152,142,205,143,156,177,155,153,172,162,136,145,143,113,106,99,96,64,82,69,63,47,58,40,66,56,38,44,29,35,26,15,16,11,10,18,3122.0,48
3122,STANHOPE_GV S of CANTERBURY_RD,046 A10,-37.82404,145.06435,17054,498,5,1,2006-10-16 00:15:00,10,12,9,2,6,5,1,4,2,0,1,0,0,2,2,4,3,3,2,4,7,9,8,8,17,24,44,60,61,91,106,114,149,150,117,139,136,116,122,127,145,120,123,73,115,142,130,130,129,156,145,139,142,130,160,125,150,149,159,181,227,199,227,218,219,269,243,299,315,296,309,293,238,283,214,208,156,134,100,88,86,65,65,60,61,61,67,59,55,38,41,25,41,20,14,16,3122.0,197
3122,STANHOPE_GV S of CANTERBURY_RD,046 A10,-37.82404,145.06435,17054,498,5,1,2006-10-17 00:15:00,11,10,8,10,2,2,3,4,5,2,2,2,1,3,2,2,0,2,1,4,5,8,10,16,19,22,48,55,65,102,108,124,122,170,127,137,135,150,110,156,152,145,140,145,121,117,144,160,132,160,150,138,141,141,153,173,145,155,151,180,226,206,199,254,275,255,244,295,258,308,322,298,316,273,233,226,189,165,128,111,85,56,76,70,86,84,70,55,65,61,61,48,44,40,24,23,3122.0,210
3122,STANHOPE_GV S of CANTERBURY_RD,046 A10,-37.82404,145.06435,17054,498,5,1,2006-10-18 00:15:00,18,20,9,10,6,4,4,3,1,4,0,2,2,6,3,4,0,2,0,3,12,3,8,15,19,22,39,56,66,113,112,115,118,133,121,132,170,137,138,131,120,150,111,142,143,137,122,145,144,158,156,144,137,144,154,149,173,154,179,204,210,227,205,231,249,263,274,265,300,311,310,248,297,294,259,253,164,147,115,112,75,96,93,67,85,78,74,58,70,63,67,89,74,45,34,32,3122.0,225
3122,STANHOPE_GV S of CANTERBURY_RD,046 A10,-37.82404,145.06435,17054,498,5,1,2006-10-19 00:15:00,15,14,8,3,10,3,5,4,6,3,4,1,1,3,4,0,0,4,2,2,10,12,10,26,17,20,41,58,57,94,121,120,123,149,141,128,192,130,160,145,154,161,149,124,154,136,172,170,158,140,169,124,170,169,143,165,147,158,203,191,235,248,216,226,219,251,268,281,295,285,298,327,291,296,226,225,191,174,127,119,109,93,89,74,96,84,78,75,69,55,56,57,47,29,25,19,3122.0,215
3122,STANHOPE_GV S of CANTERBURY_RD,046 A10,-37.82404,145.06435,17054,498,5,1,2006-10-20 00:15:00,20,11,11,9,10,8,3,4,4,1,7,3,2,3,1,1,0,2,5,1,9,6,6,11,17,21,34,67,68,98,95,114,165,170,128,157,138,144,145,145,131,137,152,148,170,158,134,169,175,182,156,175,162,173,171,150,192,118,216,203,242,225,184,252,247,240,246,274,306,310,309,262,277,244,235,233,180,190,158,98,91,75,67,62,65,77,69,64,73,67,70,55,54,52,43,33,3122.0,193
3122,STANHOPE_GV S of CANTERBURY_RD,046 A10,-37.82404,145.06435,17054,498,5,1,2006-10-21 00:15:00,30,31,20,13,16,10,6,8,7,8,3,7,5,9,4,4,3,1,3,1,3,7,3,16,16,17,14,27,29,30,40,62,64,70,86,95,101,128,117,142,166,179,179,161,158,175,205,196,208,213,196,167,173,215,165,196,188,164,182,173,192,201,170,170,184,155,186,168,226,225,176,179,152,188,153,135,146,96,97,74,75,67,53,44,61,48,42,55,49,55,62,73,67,54,61,60,3122.0,70
3122,STANHOPE_GV S of CANTERBURY_RD,046 A10,-37.82404,145.06435,17054,498,5,1,2006-10-22 00:15:00,50,49,24,29,26,27,12,10,7,12,9,8,10,1,2,6,6,3,3,7,2,3,5,4,13,9,13,26,19,14,27,26,30,44,45,79,67,70,93,79,97,106,108,126,115,139,153,151,169,159,184,187,174,157,138,117,124,130,126,173,160,135,150,168,111,143,151,157,163,161,143,141,145,106,124,110,85,77,79,56,49,62,45,61,41,54,43,46,43,40,47,28,26,16,8,13,3122.0,41
3122,STANHOPE_GV S of CANTERBURY_RD,046 A10,-37.82404,145.06435,17054,498,5,1,2006-10-23 00:15:00,14,7,5,6,7,5,4,2,1,3,2,1,1,4,0,2,3,5,3,2,5,10,5,13,16,31,38,45,63,95,97,114,111,137,137,143,109,142,115,135,143,126,132,129,118,142,127,130,132,132,133,130,147,135,129,168,127,151,160,167,213,202,207,218,253,251,239,276,295,278,300,286,283,253,223,180,164,148,89,109,74,72,74,56,59,58,58,42,55,42,46,23,23,15,16,8,3122.0,192
3122,STANHOPE_GV S of CANTERBURY_RD,046 A10,-37.82404,145.06435,17054,498,5,1,2006-10-24 00:15:00,8,10,8,5,5,2,4,3,2,3,4,0,5,3,1,2,0,5,3,3,9,10,7,16,17,29,43,52,61,89,125,127,121,112,124,134,154,151,166,148,153,117,125,129,131,130,140,151,168,142,170,169,156,121,126,150,152,135,191,208,199,241,215,234,235,242,243,278,255,325,285,306,293,246,232,212,153,148,124,96,78,80,69,83,68,56,59,62,61,54,46,39,36,21,22,14,3122.0,214
3122,STANHOPE_GV S of CANTERBURY_RD,046 A10,-37.82404,145.06435,17054,498,5,1,2006-10-25 00:15:00,10,7,2,4,7,1,3,2,5,2,3,0,3,7,1,0,1,3,3,1,13,8,5,14,8,22,32,60,58,106,114,120,104,148,139,132,103,175,141,138,128,111,135,146,166,152,133,149,142,152,124,160,148,166,152,171,131,166,180,190,210,214,223,239,243,263,257,290,287,333,310,310,264,310,245,172,170,147,108,107,83,87,71,64,64,77,79,50,57,58,39,28,48,27,23,19,3122.0,220
3122,STANHOPE_GV S of CANTERBURY_RD,046 A10,-37.82404,145.06435,17054,498,5,1,2006-10-26 00:15:00,12,7,13,7,7,3,3,4,3,1,3,1,0,2,3,0,0,3,4,3,14,12,6,20,22,11,35,47,55,96,96,159,139,118,99,190,148,119,164,128,136,133,125,141,134,159,136,160,180,156,175,157,159,155,154,172,148,176,165,220,240,224,225,213,227,254,273,265,287,301,314,286,330,305,244,200,166,181,117,111,79,81,92,80,88,87,80,71,57,47,61,49,31,30,26,12,3122.0,192
3122,STANHOPE_GV S of CANTERBURY_RD,046 A10,-37.82404,145.06435,17054,498,5,1,2006-10-27 00:15:00,22,12,9,7,8,6,4,4,3,1,4,2,2,5,4,2,4,2,1,2,11,8,6,9,16,21,35,52,60,82,103,138,128,168,158,144,176,137,142,131,153,146,134,128,151,145,166,169,177,170,169,169,179,155,179,146,174,167,205,219,196,229,228,217,248,261,270,232,277,301,299,321,312,257,236,198,165,176,128,92,92,89,79,69,70,81,86,66,62,54,38,57,68,39,53,37,3122.0,185
3122,STANHOPE_GV S of CANTERBURY_RD,046 A10,-37.82404,145.06435,17054,498,5,1,2006-10-28 00:15:00,38,24,22,12,12,9,13,10,4,8,6,5,4,5,7,3,4,4,1,2,2,8,4,9,10,10,14,22,25,24,29,55,70,86,112,109,102,119,124,133,154,176,173,178,150,215,204,223,194,208,185,210,219,217,190,187,196,175,200,169,188,202,199,167,176,198,169,173,187,189,145,171,159,138,137,114,121,96,104,73,57,46,67,57,61,79,65,52,54,48,57,69,73,72,48,44,3122.0,53
3122,STANHOPE_GV S of CANTERBURY_RD,046 A10,-37.82404,145.06435,17054,498,5,1,2006-10-29 00:15:00,49,43,30,19,13,16,18,0,0,0,0,15,12,7,6,10,12,6,2,4,1,3,8,2,7,5,12,15,13,15,16,24,20,40,42,57,71,57,66,76,79,111,76,116,113,109,113,129,154,168,173,178,174,152,132,137,122,130,129,141,147,138,174,142,141,153,168,160,159,180,156,161,103,133,106,97,84,87,70,62,42,54,75,49,45,59,50,47,44,43,28,25,20,26,16,11,3122.0,31
3122,STANHOPE_GV S of CANTERBURY_RD,046 A10,-37.82404,145.06435,17054,498,5,1,2006-10-30 00:15:00,10,7,10,8,1,8,6,2,3,5,1,4,0,4,1,3,6,3,1,5,9,3,5,14,18,25,34,49,58,85,98,101,127,163,122,93,140,124,130,121,138,123,118,127,112,121,137,144,134,146,126,68,140,150,156,144,155,170,159,200,205,209,186,235,208,244,248,261,291,286,304,295,303,239,204,173,176,127,106,90,62,75,77,68,57,42,68,68,46,51,51,25,24,20,14,10,3122.0,183
3122,STANHOPE_GV S of CANTERBURY_RD,046 A10,-37.82404,145.06435,17054,498,5,1,2006-10-31 00:15:00,13,8,7,6,2,6,1,3,3,3,0,3,1,2,2,1,3,4,1,6,2,9,10,14,14,32,35,50,68,75,104,99,127,150,112,127,164,123,119,139,138,138,133,121,127,136,156,151,123,158,129,171,158,135,169,130,158,179,178,199,230,208,200,237,238,254,273,225,229,301,314,300,302,290,190,173,133,135,129,99,98,98,96,36,40,80,54,74,64,58,65,44,35,21,21,22,3122.0,179
3122,CANTERBURY_RD W of STANHOPE_GV,046 A10,-37.82374,145.06417,5895,498,7,1,2006-10-01 00:15:00,53,53,57,57,45,34,42,37,37,30,23,28,21,24,15,11,13,10,13,9,8,16,9,11,12,19,14,24,17,32,34,35,32,33,31,45,47,63,71,93,105,113,141,138,153,122,137,155,150,160,185,161,164,147,179,187,151,157,136,148,170,145,161,127,161,154,155,138,163,180,159,149,131,142,97,133,107,76,72,87,59,54,72,67,83,91,61,68,52,52,41,28,29,23,24,31,3122.0,66
3122,CANTERBURY_RD W of STANHOPE_GV,046 A10,-37.82374,145.06417,5895,498,7,1,2006-10-02 00:15:00,15,9,11,5,9,6,7,10,10,5,6,2,1,3,4,2,3,4,6,4,13,6,10,13,17,28,56,59,86,100,108,157,169,210,168,157,155,161,133,119,129,126,142,140,134,152,154,192,149,149,180,162,158,146,144,160,170,163,160,195,214,218,291,293,266,287,266,303,257,317,284,297,270,229,207,167,174,154,157,116,88,104,95,107,89,88,88,66,72,76,52,43,38,30,26,17,3122.0,208
3122,CANTERBURY_RD W of STANHOPE_GV,046 A10,-37.82374,145.06417,5895,498,7,1,2006-10-03 00:15:00,19,11,6,6,7,13,7,7,3,4,10,1,1,4,4,3,4,3,9,6,5,10,10,19,26,28,54,61,90,108,125,174,180,196,156,180,144,150,151,128,134,138,157,170,136,145,153,155,169,173,198,166,160,169,164,159,171,243,190,200,234,227,287,278,278,287,283,281,278,284,283,291,300,223,224,223,177,174,146,134,125,110,103,110,115,110,85,98,97,76,61,58,52,38,40,23,3122.0,233
3122,CANTERBURY_RD W of STANHOPE_GV,046 A10,-37.82374,145.06417,5895,498,7,1,2006-10-04 00:15:00,25,23,15,14,11,10,9,10,5,7,9,5,6,5,6,4,2,7,5,7,9,5,9,20,21,30,54,71,82,111,123,166,168,193,183,149,158,147,152,149,143,167,155,187,151,154,162,161,176,179,179,183,172,163,172,193,165,206,202,188,218,248,292,301,265,290,273,284,301,281,277,290,271,272,243,204,209,179,145,136,139,107,108,98,107,109,121,94,92,93,73,66,65,36,39,22,3122.0,234
3122,CANTERBURY_RD W of STANHOPE_GV,046 A10,-37.82374,145.06417,5895,498,7,1,2006-10-05 00:15:00,30,18,13,18,12,13,15,9,8,4,8,4,5,6,5,2,12,10,6,10,8,6,9,19,22,30,42,76,71,94,143,160,177,180,191,179,137,134,154,176,128,126,139,170,152,171,168,185,173,182,204,198,182,173,156,178,195,206,207,208,246,267,258,260,286,265,298,286,273,280,275,304,279,251,243,208,195,170,162,138,132,129,120,99,133,125,100,121,105,81,90,62,64,52,42,31,3122.0,237
3122,CANTERBURY_RD W of STANHOPE_GV,046 A10,-37.82374,145.06417,5895,498,7,1,2006-10-06 00:15:00,25,26,20,19,26,16,15,27,12,10,8,8,11,13,7,15,8,5,8,8,9,8,5,17,25,31,49,78,67,98,130,141,169,227,178,174,149,144,160,159,148,153,171,189,177,182,193,190,218,200,179,201,216,177,189,204,224,224,188,218,236,258,289,308,326,254,288,290,271,297,267,286,257,240,245,220,185,179,147,105,109,94,121,101,105,93,91,90,91,106,90,96,93,90,87,79,3122.0,228
3122,CANTERBURY_RD W of STANHOPE_GV,046 A10,-37.82374,145.06417,5895,498,7,1,2006-10-07 00:15:00,70,60,49,42,33,34,38,35,25,17,24,20,17,11,12,13,10,14,12,7,10,16,10,16,9,17,23,25,37,31,38,65,80,82,100,136,134,134,145,156,166,170,170,239,194,176,227,258,221,227,243,209,224,200,221,216,235,207,202,221,185,221,182,187,164,169,210,181,166,187,161,169,153,151,140,158,140,130,96,91,78,84,78,64,81,80,90,81,94,68,90,98,96,99,94,97,3122.0,69
3122,CANTERBURY_RD W of STANHOPE_GV,046 A10,-37.82374,145.06417,5895,498,7,1,2006-10-08 00:15:00,76,72,60,58,50,58,38,40,32,33,22,23,19,31,23,23,19,17,14,13,21,18,13,19,16,23,22,24,36,20,29,24,37,34,49,55,62,67,98,122,102,139,145,140,153,149,130,152,149,169,174,157,153,139,150,150,153,155,152,135,130,152,150,155,169,144,129,137,159,171,174,169,137,161,110,102,122,83,85,67,69,66,57,88,68,70,52,57,52,42,33,38,43,23,35,23,3122.0,49
3122,CANTERBURY_RD W of STANHOPE_GV,046 A10,-37.82374,145.06417,5895,498,7,1,2006-10-09 00:15:00,21,11,8,16,3,8,9,11,6,4,2,4,2,8,1,3,4,2,3,8,4,8,8,16,16,29,46,66,91,96,125,150,166,196,209,166,137,119,139,132,124,154,124,167,137,141,148,179,158,156,146,163,165,142,164,168,144,149,182,179,234,232,282,314,283,308,275,275,256,312,288,284,308,283,212,189,196,159,132,111,92,103,108,96,94,90,81,43,74,64,47,49,34,32,28,9,3122.0,221
3122,CANTERBURY_RD W of STANHOPE_GV,046 A10,-37.82374,145.06417,5895,498,7,1,2006-10-10 00:15:00,20,16,19,10,9,9,9,2,11,5,1,5,1,6,6,5,4,6,3,5,12,9,10,18,25,25,50,64,92,96,126,138,187,190,199,156,148,155,157,139,145,166,149,139,167,146,176,164,175,143,161,145,183,167,165,188,185,195,188,209,217,224,282,294,275,299,253,290,284,278,249,270,279,268,236,218,222,179,177,139,142,133,119,121,107,114,105,119,104,97,75,64,65,45,33,36,3122.0,222
3122,CANTERBURY_RD W of STANHOPE_GV,046 A10,-37.82374,145.06417,5895,498,7,1,2006-10-11 00:15:00,29,18,13,13,9,10,6,13,10,8,15,4,6,2,4,7,6,8,7,5,7,7,14,17,29,23,43,63,91,112,119,129,164,198,181,189,174,133,137,167,135,123,173,164,175,156,145,175,189,170,167,183,194,169,188,171,151,196,208,201,234,268,279,304,304,284,264,284,258,279,262,270,255,269,246,204,223,183,163,121,120,96,100,95,95,115,117,100,89,81,85,62,46,42,28,24,3122.0,231
3122,CANTERBURY_RD W of STANHOPE_GV,046 A10,-37.82374,145.06417,5895,498,7,1,2006-10-12 00:15:00,23,16,16,13,18,14,7,8,11,10,7,4,3,4,5,7,7,4,4,10,8,10,8,19,18,25,50,69,80,108,122,158,188,191,182,172,161,152,166,177,147,150,133,184,182,147,189,183,180,176,176,173,168,169,181,191,202,208,202,176,236,244,290,297,277,279,275,250,271,303,273,277,272,277,264,201,173,178,151,138,126,100,121,104,105,120,108,104,102,100,68,74,58,55,51,29,3122.0,230
3122,CANTERBURY_RD W of STANHOPE_GV,046 A10,-37.82374,145.06417,5895,498,7,1,2006-10-13 00:15:00,28,23,22,25,16,15,15,21,11,13,3,8,9,12,6,10,6,4,5,9,12,14,8,15,18,27,51,73,78,95,129,117,185,206,191,169,128,171,142,103,151,157,165,149,147,161,164,192,193,186,182,186,195,187,161,184,198,199,182,193,228,242,287,289,293,291,276,291,284,299,278,286,287,270,241,217,206,197,142,118,118,91,115,94,84,113,83,92,98,77,90,82,79,84,70,76,3122.0,224
3122,CANTERBURY_RD W of STANHOPE_GV,046 A10,-37.82374,145.06417,5895,498,7,1,2006-10-14 00:15:00,89,57,42,47,39,39,30,30,26,27,17,13,18,20,11,7,17,14,11,3,10,13,7,14,13,18,26,27,40,36,46,64,82,83,97,117,109,134,127,166,155,178,186,212,227,231,234,225,207,223,211,235,247,205,196,194,219,187,185,203,220,221,217,188,196,176,209,221,204,198,188,169,176,177,150,121,142,113,106,80,79,71,67,63,61,81,72,88,96,83,87,81,108,90,69,84,3122.0,82
3122,CANTERBURY_RD W of STANHOPE_GV,046 A10,-37.82374,145.06417,5895,498,7,1,2006-10-15 00:15:00,66,91,60,57,56,56,47,30,31,24,21,18,16,17,26,22,18,17,17,13,18,15,23,14,22,9,14,20,13,24,35,24,34,33,56,46,78,89,109,105,110,117,143,114,147,151,155,171,137,191,175,166,168,166,169,154,154,160,151,153,191,197,153,159,159,177,177,177,154,187,149,152,128,137,136,115,115,88,81,80,64,81,68,91,83,76,67,76,74,44,47,34,41,33,34,20,3122.0,59
3122,CANTERBURY_RD W of STANHOPE_GV,046 A10,-37.82374,145.06417,5895,498,7,1,2006-10-16 00:15:00,22,17,11,7,12,10,5,9,4,12,9,2,5,3,6,3,6,1,4,7,10,8,17,8,24,26,67,65,82,112,119,150,187,180,170,171,152,143,127,144,119,130,134,170,141,147,155,152,140,160,152,172,142,168,168,159,172,188,175,198,245,253,274,281,297,280,255,258,287,305,271,288,283,268,232,199,184,168,139,97,99,99,101,93,99,86,77,93,82,70,59,43,32,21,24,18,3122.0,231
3122,CANTERBURY_RD W of STANHOPE_GV,046 A10,-37.82374,145.06417,5895,498,7,1,2006-10-17 00:15:00,15,18,10,13,13,5,9,5,5,4,5,2,2,1,4,3,6,3,7,5,13,5,14,15,27,35,48,79,91,109,151,167,164,189,159,166,178,133,188,167,151,161,155,137,133,147,144,173,159,172,179,166,174,162,171,191,189,194,189,214,214,225,261,275,291,292,301,270,290,266,272,290,249,278,213,218,201,162,125,123,132,119,112,92,136,106,116,120,116,88,82,75,65,47,51,57,3122.0,260
3122,CANTERBURY_RD W of STANHOPE_GV,046 A10,-37.82374,145.06417,5895,498,7,1,2006-10-18 00:15:00,38,21,18,18,20,16,13,16,10,12,13,4,11,8,7,6,6,3,10,14,6,5,13,12,23,34,60,78,90,104,132,157,171,174,171,176,150,148,151,155,158,139,143,165,137,161,181,153,181,162,157,173,176,155,180,160,172,201,173,216,236,241,277,283,305,284,300,278,288,285,280,297,299,285,246,227,268,209,185,116,121,120,101,90,106,106,111,90,113,85,69,63,65,54,73,40,3122.0,236
3122,CANTERBURY_RD W of STANHOPE_GV,046 A10,-37.82374,145.06417,5895,498,7,1,2006-10-19 00:15:00,36,28,16,14,13,8,11,19,5,8,10,6,9,5,8,3,3,4,3,9,9,9,13,26,16,28,64,58,97,85,131,161,182,173,186,157,158,158,164,160,158,144,160,149,155,177,150,176,191,173,172,210,191,195,183,173,178,181,221,222,202,239,288,295,318,259,304,274,312,293,248,272,301,283,241,185,219,177,164,144,139,99,106,117,107,124,108,109,115,94,69,73,62,63,43,34,3122.0,216
3122,CANTERBURY_RD W of STANHOPE_GV,046 A10,-37.82374,145.06417,5895,498,7,1,2006-10-20 00:15:00,53,38,23,21,33,17,13,15,17,13,9,9,12,5,13,3,2,8,10,10,10,11,12,13,24,31,48,78,77,101,114,143,173,183,180,155,134,155,162,140,139,171,157,178,187,143,170,182,200,182,192,194,207,194,180,226,175,211,202,212,221,241,296,272,273,288,292,293,263,281,285,285,272,251,202,214,153,163,124,130,105,98,91,83,81,113,78,82,99,65,93,74,82,96,68,71,3122.0,215
3122,CANTERBURY_RD W of STANHOPE_GV,046 A10,-37.82374,145.06417,5895,498,7,1,2006-10-21 00:15:00,56,53,43,37,39,32,16,25,14,22,21,19,9,11,8,8,9,5,8,9,11,11,17,19,18,17,17,28,28,29,48,55,73,68,96,121,110,143,167,185,180,185,166,179,210,227,224,212,203,238,223,217,215,184,210,226,198,211,197,186,204,182,182,187,168,155,185,192,175,191,200,179,168,160,118,143,115,103,101,70,92,73,70,70,73,55,70,74,82,64,82,86,101,102,92,78,3122.0,77
3122,CANTERBURY_RD W of STANHOPE_GV,046 A10,-37.82374,145.06417,5895,498,7,1,2006-10-22 00:15:00,82,72,55,53,55,45,39,31,27,31,29,27,19,25,19,13,22,13,10,7,10,14,12,10,14,23,21,26,19,21,30,37,29,48,45,60,67,88,87,99,126,121,135,158,152,146,160,176,169,164,175,159,183,159,160,160,137,141,143,155,148,164,174,156,170,143,159,138,165,179,131,166,152,148,115,105,112,83,83,67,64,96,80,79,76,78,66,68,66,54,54,31,37,36,23,24,3122.0,51
3122,CANTERBURY_RD W of STANHOPE_GV,046 A10,-37.82374,145.06417,5895,498,7,1,2006-10-23 00:15:00,30,11,17,16,12,10,5,9,8,7,1,5,2,2,2,4,6,4,12,5,11,9,13,15,18,28,50,65,74,111,111,147,155,203,162,157,170,154,143,114,121,121,137,158,149,140,156,155,161,161,186,178,139,164,156,148,177,182,157,191,218,253,276,276,287,270,257,244,262,307,284,289,276,273,225,194,168,161,130,111,101,85,94,69,81,89,71,57,71,63,44,36,43,37,21,11,3122.0,222
3122,CANTERBURY_RD W of STANHOPE_GV,046 A10,-37.82374,145.06417,5895,498,7,1,2006-10-24 00:15:00,21,17,7,11,8,11,8,4,3,4,4,5,3,4,1,3,6,4,11,6,7,10,10,16,24,28,60,67,91,112,119,160,176,161,159,181,149,166,164,140,151,151,171,153,168,164,172,175,155,233,171,160,178,198,182,169,140,179,178,165,232,228,275,279,283,268,286,268,281,284,277,256,273,278,217,209,194,170,160,137,115,109,137,99,111,94,100,114,101,99,80,58,54,31,39,33,3122.0,231
3122,CANTERBURY_RD W of STANHOPE_GV,046 A10,-37.82374,145.06417,5895,498,7,1,2006-10-25 00:15:00,23,21,26,21,24,12,7,12,7,5,5,7,2,8,4,10,4,1,9,10,7,10,10,18,27,27,46,75,94,90,133,149,150,182,163,149,150,158,174,147,149,145,148,176,140,170,158,181,164,170,170,181,157,163,181,172,186,175,187,224,244,261,290,287,290,288,271,295,281,276,294,281,334,252,280,218,200,188,155,152,114,117,105,103,96,111,103,103,101,83,67,73,61,50,27,35,3122.0,223
3122,CANTERBURY_RD W of STANHOPE_GV,046 A10,-37.82374,145.06417,5895,498,7,1,2006-10-26 00:15:00,24,19,20,19,11,12,6,7,7,4,6,5,3,4,8,6,3,4,6,7,5,9,10,22,27,22,56,61,79,109,125,153,182,183,166,179,148,154,161,159,132,158,160,176,132,147,167,154,171,195,154,181,154,184,180,217,189,195,207,184,264,270,266,296,308,305,285,301,270,325,277,277,287,242,244,213,208,196,170,139,138,116,114,94,131,103,117,91,89,94,92,76,73,57,40,31,3122.0,234
3122,CANTERBURY_RD W of STANHOPE_GV,046 A10,-37.82374,145.06417,5895,498,7,1,2006-10-27 00:15:00,23,30,34,17,17,17,9,12,10,16,11,8,9,12,6,8,6,9,4,11,9,8,10,16,21,29,51,89,82,106,126,160,183,204,244,162,140,176,158,177,131,168,156,171,168,154,175,198,176,194,227,229,178,209,237,207,217,196,216,225,271,236,287,261,299,269,281,265,263,289,282,296,277,258,216,182,198,171,147,127,114,103,98,82,94,96,85,81,70,95,93,82,81,76,74,58,3122.0,232
3122,CANTERBURY_RD W of STANHOPE_GV,046 A10,-37.82374,145.06417,5895,498,7,1,2006-10-28 00:15:00,75,49,51,48,25,28,37,30,28,27,8,17,14,13,13,17,8,17,15,11,12,12,7,17,5,15,23,30,35,39,52,55,85,84,94,124,119,127,132,152,165,135,190,207,189,194,228,231,195,227,190,209,212,220,223,212,194,213,217,187,203,181,188,182,162,141,175,182,200,185,179,166,178,158,129,146,121,98,98,83,79,72,68,85,55,76,77,70,71,87,72,75,86,91,89,69,3122.0,91
3122,CANTERBURY_RD W of STANHOPE_GV,046 A10,-37.82374,145.06417,5895,498,7,1,2006-10-29 00:15:00,100,84,70,46,48,50,41,0,0,0,0,36,40,26,30,17,28,19,24,15,15,14,12,19,15,12,16,33,21,23,30,38,27,40,45,46,65,66,75,106,92,124,113,112,128,121,140,136,160,174,170,168,146,186,174,154,160,158,154,166,171,168,137,173,169,171,171,192,168,158,163,158,136,125,106,122,108,83,91,89,78,69,66,95,71,67,53,68,55,62,61,58,42,38,31,20,3122.0,53
3122,CANTERBURY_RD W of STANHOPE_GV,046 A10,-37.82374,145.06417,5895,498,7,1,2006-10-30 00:15:00,19,22,17,14,10,10,6,11,5,5,7,2,3,1,10,3,4,8,6,4,9,11,9,11,14,27,52,56,75,112,106,146,171,201,170,163,156,125,137,124,127,159,132,141,139,128,160,144,164,166,175,183,149,162,176,182,182,185,176,177,218,238,277,280,285,253,275,262,252,278,269,263,283,245,237,211,165,163,119,124,119,96,92,88,96,79,84,86,68,75,52,29,36,23,30,27,3122.0,218
3122,CANTERBURY_RD W of STANHOPE_GV,046 A10,-37.82374,145.06417,5895,498,7,1,2006-10-31 00:15:00,21,13,22,10,7,10,7,2,4,12,5,6,4,2,1,5,2,5,4,5,7,7,11,20,23,19,52,69,71,105,139,150,144,178,179,159,168,133,181,141,131,129,158,148,161,170,175,175,191,161,170,163,159,190,164,162,195,198,193,197,221,230,278,269,252,287,285,285,281,295,277,290,289,274,244,169,214,179,180,129,142,124,121,114,103,107,108,80,101,110,66,66,58,29,35,26,3122.0,244
3126,CANTERBURY_RD E of WARRIGAL_RD,046 H11,-37.82778,145.09885,16149,942,3,1,2006-10-01 00:15:00,61,50,50,42,36,45,27,21,19,19,22,20,14,20,8,9,18,11,9,15,14,21,23,30,53,42,41,52,54,52,52,62,53,91,89,113,123,140,175,203,173,199,185,233,187,196,220,189,178,206,198,197,215,208,188,216,196,204,210,209,214,196,196,204,214,171,162,213,205,232,166,197,157,154,129,131,124,112,90,83,78,81,51,75,78,90,80,51,70,57,50,43,34,21,34,20,3126.0,104
3126,CANTERBURY_RD E of WARRIGAL_RD,046 H11,-37.82778,145.09885,16149,942,3,1,2006-10-02 00:15:00,16,9,8,10,13,10,10,15,3,4,13,3,6,7,8,8,9,12,14,27,28,34,47,59,78,147,274,306,400,457,466,403,423,309,388,320,278,262,257,233,181,233,205,194,212,181,193,203,204,215,189,198,171,191,173,188,196,216,179,182,205,178,191,177,157,183,159,181,172,225,192,186,188,185,190,172,124,123,153,100,97,87,76,90,74,69,88,86,75,59,56,39,44,40,21,19,3126.0,923
3126,CANTERBURY_RD E of WARRIGAL_RD,046 H11,-37.82778,145.09885,16149,942,3,1,2006-10-03 00:15:00,22,12,6,8,11,7,6,2,5,9,10,7,6,8,6,3,7,10,10,16,28,40,63,70,131,219,264,360,404,450,455,440,404,330,333,360,336,274,297,234,258,198,215,215,205,186,198,191,207,208,212,166,171,169,176,212,177,250,183,181,212,206,170,175,173,170,194,168,198,187,231,221,200,193,190,202,158,181,152,130,118,77,95,96,99,86,83,97,88,93,70,45,38,46,32,25,3126.0,905
3126,CANTERBURY_RD E of WARRIGAL_RD,046 H11,-37.82778,145.09885,16149,942,3,1,2006-10-04 00:15:00,18,18,9,10,9,8,9,3,1,4,9,5,4,4,10,6,8,5,11,20,27,38,60,69,106,199,268,374,403,446,427,436,395,390,332,355,338,338,258,236,223,210,256,216,190,210,203,230,191,179,187,203,179,170,152,184,167,210,188,187,207,199,176,210,142,167,180,166,214,223,216,221,195,241,186,166,171,150,147,118,111,101,104,104,98,102,100,94,100,77,72,61,45,45,32,19,3126.0,873
3126,CANTERBURY_RD E of WARRIGAL_RD,046 H11,-37.82778,145.09885,16149,942,3,1,2006-10-05 00:15:00,25,18,15,11,10,7,10,9,4,12,13,4,5,7,10,8,11,9,16,28,28,36,51,77,104,199,278,290,417,463,452,427,369,381,380,374,309,368,406,260,194,246,271,240,189,213,224,234,224,180,209,175,200,188,186,213,216,187,202,192,194,190,217,178,175,186,189,194,177,213,185,216,230,230,228,183,172,161,138,146,127,101,117,109,80,110,82,93,90,77,91,70,45,40,29,26,3126.0,915
3126,CANTERBURY_RD E of WARRIGAL_RD,046 H11,-37.82778,145.09885,16149,942,3,1,2006-10-06 00:15:00,22,15,11,12,14,9,10,11,8,11,6,7,5,7,9,6,11,11,18,27,22,41,47,66,99,198,259,323,386,465,480,376,386,392,373,338,318,314,271,289,231,261,243,220,205,245,242,223,198,197,216,192,179,212,199,173,202,203,217,218,201,197,191,182,184,172,198,168,196,180,239,230,210,229,210,191,233,189,186,148,132,139,115,141,117,109,101,115,110,93,89,71,74,58,62,45,3126.0,945
3126,CANTERBURY_RD E of WARRIGAL_RD,046 H11,-37.82778,145.09885,16149,942,3,1,2006-10-07 00:15:00,53,48,35,32,17,23,31,23,20,17,25,9,18,11,11,15,11,14,16,27,15,18,16,36,43,62,91,93,83,107,120,135,133,152,198,212,210,223,240,210,239,244,249,241,226,242,252,251,218,240,234,238,233,237,204,233,222,233,247,224,208,211,213,190,203,202,195,208,206,206,210,213,242,205,183,189,211,201,183,157,118,124,108,92,111,88,94,100,102,93,100,70,85,78,81,79,3126.0,227
3126,CANTERBURY_RD E of WARRIGAL_RD,046 H11,-37.82778,145.09885,16149,942,3,1,2006-10-08 00:15:00,68,67,46,54,48,31,37,28,37,17,17,25,18,15,11,23,16,20,18,22,15,22,34,34,36,56,72,62,42,64,80,85,66,100,113,129,118,175,177,208,186,204,184,206,192,205,218,205,265,225,214,216,200,199,203,216,186,186,191,216,192,205,201,232,230,206,199,228,199,205,216,227,157,174,133,137,133,110,106,95,75,103,85,82,71,98,84,70,53,75,53,41,34,26,29,22,3126.0,144
3126,CANTERBURY_RD E of WARRIGAL_RD,046 H11,-37.82778,145.09885,16149,942,3,1,2006-10-09 00:15:00,14,13,14,21,9,4,6,4,4,3,13,7,6,4,7,8,7,8,18,23,24,33,46,53,98,188,286,337,424,434,464,410,414,321,331,292,422,290,238,233,207,207,200,213,196,193,209,190,186,196,208,154,161,222,176,183,185,212,159,184,189,208,181,185,163,185,157,184,175,200,230,189,201,241,157,183,131,126,126,112,82,103,69,97,78,77,69,81,85,53,57,51,33,32,14,23,3126.0,898
3126,CANTERBURY_RD E of WARRIGAL_RD,046 H11,-37.82778,145.09885,16149,942,3,1,2006-10-10 00:15:00,11,20,9,10,7,9,4,3,4,7,4,1,7,8,7,12,4,11,14,22,21,39,45,70,102,195,314,314,438,458,451,420,422,355,349,333,374,325,298,259,215,215,211,226,213,219,214,221,215,177,209,188,162,197,182,191,188,190,182,217,189,206,176,149,187,169,175,218,187,210,231,227,238,174,200,182,168,171,166,134,119,103,98,128,93,120,103,102,113,82,69,54,39,42,22,24,3126.0,909
3126,CANTERBURY_RD E of WARRIGAL_RD,046 H11,-37.82778,145.09885,16149,942,3,1,2006-10-11 00:15:00,20,14,17,16,3,4,8,7,8,2,12,7,10,13,7,8,10,9,15,27,12,36,65,77,87,194,317,369,407,513,427,423,382,395,355,345,345,328,296,257,206,233,203,256,218,192,223,220,213,226,212,180,181,233,205,214,181,193,211,230,179,195,229,192,154,217,166,193,217,182,199,227,228,216,199,232,162,159,150,133,114,113,99,122,102,115,89,92,113,86,70,69,45,33,38,21,3126.0,940
3126,CANTERBURY_RD E of WARRIGAL_RD,046 H11,-37.82778,145.09885,16149,942,3,1,2006-10-12 00:15:00,28,18,20,11,8,9,10,6,2,4,13,2,9,5,8,13,13,5,19,22,30,43,47,69,110,202,285,343,397,419,422,358,409,311,310,269,332,286,295,255,236,248,266,209,233,222,231,246,209,232,198,176,183,196,208,208,195,208,184,205,214,212,165,185,196,155,166,163,230,164,233,247,243,184,218,192,173,174,160,168,117,123,128,96,104,93,107,99,85,81,77,60,43,41,27,24,3126.0,841
3126,CANTERBURY_RD E of WARRIGAL_RD,046 H11,-37.82778,145.09885,16149,942,3,1,2006-10-13 00:15:00,20,19,16,18,12,10,14,11,10,6,11,10,10,7,4,13,11,8,14,24,27,39,54,63,91,203,282,322,394,406,468,396,420,345,365,334,298,294,286,249,262,243,240,219,198,199,209,224,221,217,179,204,186,202,167,209,191,196,185,221,203,218,217,193,176,181,203,193,180,195,205,200,203,217,228,210,216,188,185,153,133,114,110,107,118,104,92,102,89,87,61,81,60,60,53,43,3126.0,874
3126,CANTERBURY_RD E of WARRIGAL_RD,046 H11,-37.82778,145.09885,16149,942,3,1,2006-10-14 00:15:00,54,39,35,24,29,21,22,10,16,26,16,14,13,17,7,10,13,13,6,14,8,18,28,27,38,57,87,76,80,97,114,130,163,181,199,207,185,245,237,232,246,254,265,273,281,237,253,236,271,253,234,229,225,254,206,248,233,217,226,213,220,228,204,225,235,190,213,172,213,208,227,239,206,213,213,211,192,168,141,130,128,111,115,102,83,102,93,84,98,77,110,81,70,69,79,67,3126.0,211
3126,CANTERBURY_RD E of WARRIGAL_RD,046 H11,-37.82778,145.09885,16149,942,3,1,2006-10-15 00:15:00,63,66,55,50,38,30,25,28,35,17,12,19,14,14,16,14,13,24,25,31,20,21,20,34,47,44,57,68,39,69,60,70,52,79,82,127,127,161,162,186,191,250,216,214,189,195,196,207,226,229,246,230,215,217,197,214,218,182,201,190,232,219,239,204,230,226,198,207,207,210,193,182,201,169,163,107,116,94,75,86,94,83,86,92,91,76,78,70,59,52,40,35,21,42,31,20,3126.0,129
3126,CANTERBURY_RD E of WARRIGAL_RD,046 H11,-37.82778,145.09885,16149,942,3,1,2006-10-16 00:15:00,16,21,15,12,8,10,9,3,3,7,11,3,16,3,3,8,14,7,15,11,25,42,39,67,93,187,226,354,387,422,391,375,371,360,342,282,340,332,286,228,244,202,215,213,215,203,176,178,204,178,199,207,179,195,201,203,178,200,183,206,191,212,168,189,143,178,171,165,198,211,218,204,201,207,184,177,147,148,129,105,119,87,100,96,105,81,68,92,82,61,71,52,38,27,20,22,3126.0,813
3126,CANTERBURY_RD E of WARRIGAL_RD,046 H11,-37.82778,145.09885,16149,942,3,1,2006-10-17 00:15:00,18,15,10,6,4,5,9,8,8,7,8,3,5,7,8,4,7,7,18,31,24,46,55,73,107,212,285,364,457,429,479,414,396,381,352,338,334,328,284,270,223,253,229,213,189,203,204,186,204,204,207,185,174,189,196,208,178,201,219,201,204,224,175,193,151,160,233,198,232,194,196,219,194,201,176,190,192,166,180,138,115,110,93,87,101,77,107,100,79,91,64,56,48,47,38,30,3126.0,908
3126,CANTERBURY_RD E of WARRIGAL_RD,046 H11,-37.82778,145.09885,16149,942,3,1,2006-10-18 00:15:00,29,18,16,13,7,10,6,5,3,5,11,10,11,5,10,6,6,7,19,15,27,44,56,67,118,201,304,343,469,416,429,468,378,385,380,314,358,295,286,275,228,230,223,197,202,249,232,227,196,210,214,212,167,203,211,195,184,194,192,216,196,203,197,205,195,162,158,202,211,222,184,251,185,207,193,188,178,131,136,133,105,103,97,112,110,108,74,79,107,67,88,65,44,38,22,35,3126.0,845
3126,CANTERBURY_RD E of WARRIGAL_RD,046 H11,-37.82778,145.09885,16149,942,3,1,2006-10-19 00:15:00,23,15,9,14,7,7,17,8,4,3,6,9,8,4,11,13,9,12,13,26,37,26,57,85,116,209,266,361,392,459,429,398,422,410,417,400,367,338,279,258,233,232,224,220,181,201,191,230,217,194,214,188,189,215,190,201,187,189,194,204,221,183,197,149,176,153,208,168,182,262,217,214,197,220,178,209,208,189,137,156,109,123,116,107,101,96,91,97,94,92,66,72,56,47,47,19,3126.0,888
3126,CANTERBURY_RD E of WARRIGAL_RD,046 H11,-37.82778,145.09885,16149,942,3,1,2006-10-20 00:15:00,30,19,12,17,12,16,6,8,7,11,11,8,11,7,7,15,13,11,21,18,22,36,54,75,127,200,280,344,380,470,437,399,382,360,348,319,313,292,286,250,275,232,244,240,215,235,188,238,246,178,204,193,241,204,189,191,180,176,208,223,195,182,224,188,172,197,168,165,230,195,232,219,215,207,194,190,208,210,178,163,121,135,126,114,113,82,108,86,91,103,93,62,57,58,45,48,3126.0,907
3126,CANTERBURY_RD E of WARRIGAL_RD,046 H11,-37.82778,145.09885,16149,942,3,1,2006-10-21 00:15:00,33,29,26,26,32,21,19,20,12,12,11,9,8,11,5,8,12,14,11,18,14,17,24,24,41,79,83,75,70,76,132,127,161,165,187,219,214,241,257,258,262,261,248,268,264,284,263,269,262,205,249,241,240,241,235,228,225,229,194,216,221,211,219,190,196,202,204,216,221,254,218,191,199,244,201,190,151,194,141,120,111,113,94,113,101,89,88,80,75,96,77,87,85,81,78,62,3126.0,208
3126,CANTERBURY_RD E of WARRIGAL_RD,046 H11,-37.82778,145.09885,16149,942,3,1,2006-10-22 00:15:00,65,59,50,40,36,35,31,23,12,16,23,24,21,14,11,13,15,19,9,17,15,22,23,28,34,23,56,53,41,60,73,80,73,62,99,151,144,148,198,209,197,221,167,208,179,209,205,212,199,231,204,246,226,253,190,242,216,216,228,226,206,237,216,183,186,256,243,200,271,251,228,205,181,165,145,121,139,113,103,91,96,93,86,83,89,66,78,68,83,64,56,36,27,26,21,13,3126.0,133
3126,CANTERBURY_RD E of WARRIGAL_RD,046 H11,-37.82778,145.09885,16149,942,3,1,2006-10-23 00:15:00,19,12,16,7,6,7,9,8,4,6,6,4,9,4,7,12,8,10,12,21,26,43,35,66,96,181,266,316,413,460,443,396,426,360,367,318,299,250,248,236,207,209,206,235,205,217,192,235,222,194,166,185,188,201,168,213,166,176,183,196,208,199,195,172,174,169,155,197,159,199,224,194,192,193,164,158,148,152,119,121,127,111,92,95,101,83,72,91,75,53,53,36,43,32,22,22,3126.0,903
3126,CANTERBURY_RD E of WARRIGAL_RD,046 H11,-37.82778,145.09885,16149,942,3,1,2006-10-24 00:15:00,17,15,9,6,8,3,6,8,3,4,3,7,5,10,4,2,9,10,12,21,30,39,55,78,104,201,288,371,386,497,446,432,413,392,295,368,314,348,270,237,210,238,206,201,186,207,207,199,207,177,205,215,187,212,185,196,186,188,196,208,201,190,181,184,176,172,181,201,186,197,213,203,219,175,177,191,183,140,153,128,104,103,104,104,96,104,124,111,73,73,65,57,45,44,18,30,3126.0,943
3126,CANTERBURY_RD E of WARRIGAL_RD,046 H11,-37.82778,145.09885,16149,942,3,1,2006-10-25 00:15:00,18,11,10,9,7,8,7,10,2,7,10,3,9,8,7,6,7,12,9,25,28,28,63,80,98,220,279,377,401,454,457,403,414,347,285,336,371,323,349,239,266,200,232,226,220,213,211,225,206,190,184,182,190,221,233,186,165,172,170,215,204,186,196,195,191,220,169,168,191,226,214,233,203,173,194,185,165,186,147,158,131,124,97,90,90,85,95,104,112,63,85,55,38,38,29,31,3126.0,911
3126,CANTERBURY_RD E of WARRIGAL_RD,046 H11,-37.82778,145.09885,16149,942,3,1,2006-10-26 00:15:00,25,24,15,13,7,8,10,6,4,6,4,4,1,7,10,9,7,12,21,27,34,43,49,69,99,219,253,365,417,482,483,415,368,335,362,311,405,323,277,273,234,209,240,230,212,222,216,216,214,239,192,186,184,221,183,185,167,182,215,221,189,231,167,192,165,201,186,207,225,203,194,240,216,213,199,205,164,184,167,136,122,108,116,114,94,89,100,85,82,79,70,63,43,49,32,30,3126.0,965
3126,CANTERBURY_RD E of WARRIGAL_RD,046 H11,-37.82778,145.09885,16149,942,3,1,2006-10-27 00:15:00,24,14,18,13,8,6,7,8,8,10,8,7,9,4,5,5,10,9,18,21,22,39,49,69,131,183,282,365,405,465,429,403,417,394,347,343,324,379,278,248,250,270,246,195,239,213,220,222,224,232,214,199,188,195,197,193,177,203,207,205,183,180,187,181,167,166,196,163,174,245,187,227,192,228,216,249,220,174,174,148,115,106,108,116,101,114,87,75,85,100,83,65,101,69,66,47,3126.0,894
3126,CANTERBURY_RD E of WARRIGAL_RD,046 H11,-37.82778,145.09885,16149,942,3,1,2006-10-28 00:15:00,39,40,39,30,49,29,21,21,17,16,11,9,7,6,11,16,15,14,8,11,19,21,22,37,51,74,80,90,75,84,123,146,135,174,187,203,205,203,225,249,221,207,243,226,224,224,215,258,238,250,224,175,185,220,237,212,237,209,196,214,217,181,191,210,205,186,220,200,221,227,241,217,229,200,214,189,175,183,140,155,131,133,120,103,106,91,102,105,77,82,79,94,76,63,70,64,3126.0,207
3126,CANTERBURY_RD E of WARRIGAL_RD,046 H11,-37.82778,145.09885,16149,942,3,1,2006-10-29 00:15:00,63,61,60,39,33,42,27,0,0,0,0,20,24,31,15,18,23,22,19,17,20,26,23,24,24,41,50,49,43,52,61,66,66,77,90,121,105,140,170,200,163,223,196,188,195,195,186,200,209,211,200,213,207,175,239,202,213,189,193,214,204,219,192,213,223,189,220,236,213,238,185,191,231,183,152,158,113,131,109,96,97,103,103,86,107,68,90,75,67,56,54,56,35,29,39,26,3126.0,113
3126,CANTERBURY_RD E of WARRIGAL_RD,046 H11,-37.82778,145.09885,16149,942,3,1,2006-10-30 00:15:00,15,16,13,9,16,5,2,6,4,10,12,6,1,6,9,3,11,9,16,11,26,34,50,49,67,177,262,317,392,454,494,407,393,364,355,325,331,332,250,252,250,230,210,206,209,194,187,184,211,183,196,207,188,180,203,210,159,170,223,188,200,221,196,170,170,185,177,208,187,233,201,227,214,157,219,149,136,121,118,119,106,113,92,94,84,81,67,102,85,63,60,40,40,17,25,15,3126.0,948
3126,CANTERBURY_RD E of WARRIGAL_RD,046 H11,-37.82778,145.09885,16149,942,3,1,2006-10-31 00:15:00,21,16,10,12,10,7,5,8,6,7,5,3,8,8,7,8,8,6,20,15,27,39,56,72,94,170,289,359,381,497,422,392,389,340,320,320,332,376,311,275,225,224,208,195,197,198,192,195,244,200,196,187,190,213,212,204,181,214,192,201,202,172,179,183,172,180,164,201,176,215,194,204,225,195,193,206,155,175,131,126,124,131,103,102,93,84,90,87,103,69,64,71,49,37,28,27,3126.0,919
3126,WARRIGAL_RD S of CANTERBURY_RD,046 H11,-37.82804,145.09858,16485,942,5,1,2006-10-01 00:15:00,40,36,43,40,20,33,25,24,19,22,13,13,17,11,13,10,11,13,8,10,4,8,5,9,16,17,21,25,21,23,34,24,20,28,41,39,68,65,69,69,105,101,116,112,105,85,126,125,131,149,168,180,153,134,124,139,160,133,104,174,128,117,142,125,117,143,159,118,118,154,164,161,119,93,103,81,88,75,67,80,48,56,53,44,43,51,52,41,47,46,26,32,29,33,20,20,3126.0,57
3126,WARRIGAL_RD S of CANTERBURY_RD,046 H11,-37.82804,145.09858,16485,942,5,1,2006-10-02 00:15:00,9,11,16,8,4,6,4,3,2,10,8,5,5,8,5,4,2,5,8,5,6,13,6,13,30,62,51,69,85,137,113,138,138,171,146,156,159,106,102,107,114,118,102,99,129,102,99,140,114,122,113,114,118,130,125,96,129,121,145,139,139,159,173,144,138,148,191,169,196,183,155,214,126,185,131,125,104,107,95,97,74,81,56,65,56,58,52,58,58,37,33,33,10,30,15,14,3126.0,250
3126,WARRIGAL_RD S of CANTERBURY_RD,046 H11,-37.82804,145.09858,16485,942,5,1,2006-10-03 00:15:00,10,9,9,10,2,4,5,5,7,4,2,3,4,5,4,4,3,5,4,6,10,11,15,22,28,54,60,75,81,119,127,133,145,162,125,154,154,146,104,113,112,97,122,124,123,134,132,111,113,103,135,98,147,134,133,112,141,202,167,154,199,136,164,194,153,197,173,223,208,165,180,220,162,149,202,112,116,93,112,78,88,69,56,65,76,80,57,64,46,42,50,42,36,34,16,18,3126.0,246
3126,WARRIGAL_RD S of CANTERBURY_RD,046 H11,-37.82804,145.09858,16485,942,5,1,2006-10-04 00:15:00,12,11,10,13,8,7,7,3,2,6,4,2,2,2,8,5,4,3,8,4,5,14,6,15,30,71,86,90,81,136,98,144,118,170,122,148,171,162,107,127,146,172,102,129,131,121,119,127,92,128,134,127,130,138,122,131,149,140,151,129,132,159,172,172,177,192,191,205,180,203,203,185,118,208,168,133,144,133,66,80,73,87,65,76,68,58,70,54,53,43,41,37,32,31,28,17,3126.0,234
3126,WARRIGAL_RD S of CANTERBURY_RD,046 H11,-37.82804,145.09858,16485,942,5,1,2006-10-05 00:15:00,29,15,8,8,6,11,9,12,5,5,5,4,4,5,5,2,4,6,5,5,6,20,10,19,25,67,66,79,94,82,110,127,129,144,169,156,118,124,131,118,107,131,114,107,129,103,112,150,116,132,113,141,132,123,98,133,153,154,142,170,159,143,154,163,151,203,183,149,206,215,229,186,191,154,181,164,121,106,101,80,102,90,85,101,107,133,119,79,50,47,36,33,47,37,25,25,3126.0,192
3126,WARRIGAL_RD S of CANTERBURY_RD,046 H11,-37.82804,145.09858,16485,942,5,1,2006-10-06 00:15:00,13,22,22,3,8,5,3,9,4,9,6,5,3,5,8,5,4,5,6,15,6,12,17,20,30,42,61,77,96,100,105,153,160,162,146,172,146,122,98,138,129,118,139,99,134,148,117,143,134,150,111,134,140,117,122,131,149,134,133,155,157,198,155,171,185,180,214,211,195,207,190,209,154,191,164,141,130,125,118,67,88,76,80,94,97,92,86,63,68,62,52,52,61,55,59,39,3126.0,205
3126,WARRIGAL_RD S of CANTERBURY_RD,046 H11,-37.82804,145.09858,16485,942,5,1,2006-10-07 00:15:00,43,31,25,21,29,16,23,16,18,14,12,9,13,11,13,9,7,6,4,13,4,12,11,12,14,19,41,40,33,43,59,64,58,81,87,83,112,100,131,137,96,132,121,150,165,147,150,170,155,132,154,173,137,143,119,177,140,166,219,162,131,146,157,155,144,149,145,173,160,162,170,152,160,158,134,131,105,96,87,90,76,62,59,84,75,68,67,61,48,51,67,87,54,93,84,83,3126.0,102
3126,WARRIGAL_RD S of CANTERBURY_RD,046 H11,-37.82804,145.09858,16485,942,5,1,2006-10-08 00:15:00,59,59,33,28,33,42,25,19,11,22,13,15,13,26,10,16,6,11,2,23,9,5,11,10,2,14,14,26,27,19,24,50,23,41,36,49,71,68,64,79,76,114,105,108,99,110,118,153,130,170,136,159,151,159,144,162,148,137,141,153,151,144,157,125,162,130,169,138,119,175,144,135,144,115,117,104,78,70,64,69,56,78,55,38,77,76,58,35,25,49,36,42,22,27,9,11,3126.0,43
3126,WARRIGAL_RD S of CANTERBURY_RD,046 H11,-37.82804,145.09858,16485,942,5,1,2006-10-09 00:15:00,15,14,8,12,6,6,9,5,1,7,4,4,5,3,3,8,4,6,7,7,3,12,9,15,31,44,50,88,82,129,100,118,123,144,137,165,133,138,141,134,145,95,111,115,95,105,110,127,111,144,119,146,139,116,106,112,142,147,130,147,147,183,192,168,175,211,198,212,183,188,183,191,167,161,193,141,138,123,88,76,62,67,74,82,91,105,59,47,41,49,66,32,19,10,15,18,3126.0,229
3126,WARRIGAL_RD S of CANTERBURY_RD,046 H11,-37.82804,145.09858,16485,942,5,1,2006-10-10 00:15:00,20,8,11,5,7,7,7,1,6,3,3,4,5,10,4,6,6,3,11,4,4,16,12,18,35,45,74,88,76,85,137,116,143,172,180,159,127,141,105,111,145,104,141,113,112,135,151,150,114,144,155,146,133,147,114,132,119,127,135,127,168,177,187,174,195,183,198,215,186,205,184,189,184,179,156,126,138,96,113,76,71,54,69,76,91,105,93,83,54,74,69,46,38,36,23,27,3126.0,222
3126,WARRIGAL_RD S of CANTERBURY_RD,046 H11,-37.82804,145.09858,16485,942,5,1,2006-10-11 00:15:00,8,17,17,2,8,7,4,2,6,3,5,5,2,3,6,2,3,5,7,7,8,9,18,17,43,75,60,87,101,112,133,152,152,158,158,169,116,166,122,121,145,121,150,135,87,113,118,163,132,142,123,112,141,147,123,146,149,129,151,143,170,150,161,217,157,176,194,172,195,183,175,173,153,215,193,123,152,108,102,85,87,65,85,71,69,77,60,69,68,70,47,43,40,36,28,19,3126.0,245
3126,WARRIGAL_RD S of CANTERBURY_RD,046 H11,-37.82804,145.09858,16485,942,5,1,2006-10-12 00:15:00,12,14,12,6,13,7,8,8,2,5,1,6,1,6,4,6,4,5,9,5,9,14,11,18,22,56,73,105,77,143,140,137,117,135,160,179,119,162,116,105,145,144,117,94,119,99,151,103,129,147,120,146,140,117,123,133,139,140,158,143,159,179,187,182,158,178,157,215,195,200,198,191,178,145,206,150,150,148,109,97,76,62,90,82,91,122,78,82,79,53,69,34,39,37,23,29,3126.0,283
3126,WARRIGAL_RD S of CANTERBURY_RD,046 H11,-37.82804,145.09858,16485,942,5,1,2006-10-13 00:15:00,14,17,16,9,17,9,10,9,1,5,4,9,2,9,3,4,2,5,16,7,6,16,9,17,37,66,61,74,100,115,91,145,105,127,132,178,151,110,124,134,145,117,103,116,140,142,135,160,138,149,169,118,116,157,153,150,148,130,151,139,187,166,170,179,193,172,181,223,154,184,145,167,195,190,149,145,171,129,125,92,74,86,75,50,89,128,94,70,78,75,63,61,45,71,53,51,3126.0,206
3126,WARRIGAL_RD S of CANTERBURY_RD,046 H11,-37.82804,145.09858,16485,942,5,1,2006-10-14 00:15:00,40,43,29,32,25,36,16,26,15,14,7,9,12,14,13,3,7,6,10,6,8,4,13,12,24,21,28,40,36,42,45,61,67,94,76,95,89,81,86,100,148,117,132,168,151,179,150,172,184,149,165,137,163,166,160,161,192,172,130,176,169,130,160,148,151,150,162,175,130,155,141,169,163,131,129,115,111,112,74,76,77,82,57,56,53,49,67,59,43,51,71,55,74,65,54,73,3126.0,87
3126,WARRIGAL_RD S of CANTERBURY_RD,046 H11,-37.82804,145.09858,16485,942,5,1,2006-10-15 00:15:00,59,63,52,44,25,50,28,34,25,19,16,18,8,8,14,11,6,8,8,12,4,9,11,11,12,9,20,16,13,19,30,33,28,36,47,56,49,63,81,88,78,127,102,105,101,125,102,155,110,134,157,196,146,121,137,167,130,166,136,143,131,128,168,142,114,125,120,143,168,131,160,185,120,126,108,89,85,73,89,78,60,67,75,62,59,48,47,34,54,19,40,34,16,30,16,21,3126.0,49
3126,WARRIGAL_RD S of CANTERBURY_RD,046 H11,-37.82804,145.09858,16485,942,5,1,2006-10-16 00:15:00,13,16,7,17,5,5,3,7,3,5,4,6,8,2,5,1,1,14,7,6,9,12,11,14,25,57,92,99,52,111,158,93,186,128,152,169,138,164,119,119,141,127,81,135,115,157,105,129,102,133,129,116,123,121,125,129,115,149,154,128,196,171,188,194,144,194,167,180,188,161,190,212,174,155,193,147,92,94,103,108,67,57,61,58,55,65,87,45,51,42,23,31,33,20,28,12,3126.0,269
3126,WARRIGAL_RD S of CANTERBURY_RD,046 H11,-37.82804,145.09858,16485,942,5,1,2006-10-17 00:15:00,18,15,12,9,6,10,3,8,6,5,3,6,4,5,4,1,1,11,11,5,6,5,19,16,34,65,68,105,108,110,120,149,136,158,133,136,163,129,148,136,94,140,108,112,99,144,104,128,132,121,123,97,124,99,139,108,133,133,152,117,147,185,151,127,155,230,190,241,182,187,162,174,222,145,153,180,128,120,99,75,81,77,47,57,85,70,66,51,79,51,23,54,46,34,34,27,3126.0,230
3126,WARRIGAL_RD S of CANTERBURY_RD,046 H11,-37.82804,145.09858,16485,942,5,1,2006-10-18 00:15:00,28,16,10,12,11,6,2,10,7,6,7,5,8,8,3,5,2,3,14,6,5,13,13,21,31,40,74,95,92,122,122,123,154,139,148,155,149,131,83,146,136,115,127,110,100,95,112,144,134,144,133,154,133,144,139,142,119,146,114,154,129,107,194,168,167,199,238,193,188,208,199,179,201,193,173,141,126,104,126,75,79,57,71,85,68,73,87,58,77,81,48,49,37,23,26,21,3126.0,244
3126,WARRIGAL_RD S of CANTERBURY_RD,046 H11,-37.82804,145.09858,16485,942,5,1,2006-10-19 00:15:00,23,29,6,12,10,14,8,6,6,3,7,5,3,9,6,5,3,5,10,6,8,10,14,12,29,51,76,86,91,95,110,84,79,74,121,58,126,145,118,132,131,130,109,136,109,96,138,169,113,157,127,86,144,116,148,151,134,160,143,131,176,186,160,140,172,172,154,186,211,163,218,180,187,160,182,107,101,137,96,89,90,72,92,80,83,100,106,86,77,46,47,54,39,27,30,21,3126.0,205
3126,WARRIGAL_RD S of CANTERBURY_RD,046 H11,-37.82804,145.09858,16485,942,5,1,2006-10-20 00:15:00,12,14,19,10,9,15,6,7,6,6,10,8,9,3,7,6,6,10,5,12,6,16,5,15,39,66,74,92,117,122,97,127,147,174,144,162,146,108,132,147,127,108,112,103,137,135,158,115,140,129,137,151,140,147,126,122,132,129,146,123,166,176,187,212,164,165,198,171,195,181,188,195,178,199,152,141,138,118,110,108,80,73,47,56,79,117,71,97,63,71,66,79,49,45,44,54,3126.0,219
3126,WARRIGAL_RD S of CANTERBURY_RD,046 H11,-37.82804,145.09858,16485,942,5,1,2006-10-21 00:15:00,42,33,19,26,16,18,20,8,13,16,13,20,10,8,8,7,8,15,7,4,6,9,10,11,13,30,42,44,22,43,25,55,50,90,80,90,84,108,81,94,118,130,128,140,148,136,162,156,206,130,148,148,147,144,133,144,164,152,147,141,123,185,179,140,124,150,101,156,156,164,184,202,123,119,118,78,118,98,105,70,90,80,69,52,39,37,40,54,56,48,63,71,46,76,89,39,3126.0,68
3126,WARRIGAL_RD S of CANTERBURY_RD,046 H11,-37.82804,145.09858,16485,942,5,1,2006-10-22 00:15:00,57,68,37,30,36,31,29,19,10,20,13,10,12,13,9,6,9,7,6,14,3,6,8,10,9,10,18,33,16,26,25,24,51,49,37,53,66,58,71,107,55,87,99,85,101,85,104,140,113,132,155,157,130,112,141,132,147,151,149,125,148,136,119,116,144,111,118,162,168,129,178,152,130,130,120,78,83,64,97,59,49,60,58,55,68,55,54,37,39,45,35,26,27,26,15,17,3126.0,51
3126,WARRIGAL_RD S of CANTERBURY_RD,046 H11,-37.82804,145.09858,16485,942,5,1,2006-10-23 00:15:00,25,17,10,14,15,6,7,1,9,2,4,2,4,5,7,6,4,8,11,8,6,14,10,13,20,48,68,69,107,116,102,124,155,177,160,147,116,107,137,136,120,109,107,135,91,161,111,121,120,120,129,146,114,105,126,139,129,140,150,138,158,167,187,177,155,208,206,212,207,181,163,211,175,193,193,120,118,114,83,71,77,73,60,66,91,105,87,70,41,47,36,39,27,22,14,15,3126.0,218
3126,WARRIGAL_RD S of CANTERBURY_RD,046 H11,-37.82804,145.09858,16485,942,5,1,2006-10-24 00:15:00,16,13,8,13,5,5,5,3,5,4,3,6,6,3,4,2,2,6,10,7,12,13,18,22,22,54,93,79,94,99,103,161,117,122,192,112,153,132,111,134,148,123,121,135,115,103,107,150,108,120,126,139,142,125,122,99,139,136,120,141,155,181,161,178,184,192,212,172,207,161,185,197,164,189,159,170,120,111,104,65,87,66,63,56,94,67,73,61,49,42,43,31,39,42,25,14,3126.0,202
3126,WARRIGAL_RD S of CANTERBURY_RD,046 H11,-37.82804,145.09858,16485,942,5,1,2006-10-25 00:15:00,20,17,8,7,12,6,4,8,11,6,1,3,7,2,7,3,6,6,11,5,7,16,14,18,47,56,76,52,93,137,146,142,143,128,140,173,125,105,130,152,146,103,92,117,103,102,147,113,122,140,115,129,147,102,154,116,125,121,132,140,181,145,151,180,202,150,204,179,177,168,178,144,150,183,154,162,114,116,91,64,76,68,77,76,50,70,85,91,63,62,63,32,35,24,21,21,3126.0,283
3126,WARRIGAL_RD S of CANTERBURY_RD,046 H11,-37.82804,145.09858,16485,942,5,1,2006-10-26 00:15:00,15,15,15,8,7,9,5,6,5,6,3,6,3,3,5,3,3,9,11,6,11,17,8,17,23,50,115,76,84,120,111,137,115,153,127,204,115,110,131,123,110,129,124,109,111,97,131,140,137,124,101,131,135,151,166,127,147,123,120,140,147,154,197,188,173,166,183,216,193,208,151,164,170,170,197,134,110,117,138,70,87,86,89,69,109,105,98,81,72,68,57,48,42,36,27,22,3126.0,231
3126,WARRIGAL_RD S of CANTERBURY_RD,046 H11,-37.82804,145.09858,16485,942,5,1,2006-10-27 00:15:00,18,16,12,13,15,6,12,8,9,3,4,8,3,4,6,5,3,9,7,13,7,11,13,25,37,65,81,73,85,98,114,141,147,162,158,187,138,117,117,128,112,105,94,157,92,88,160,118,114,148,115,131,122,189,142,125,129,173,143,166,147,176,176,203,175,191,134,207,229,160,190,189,159,156,168,114,128,110,113,108,83,67,102,103,84,100,87,54,57,45,66,40,76,67,44,41,3126.0,212
3126,WARRIGAL_RD S of CANTERBURY_RD,046 H11,-37.82804,145.09858,16485,942,5,1,2006-10-28 00:15:00,36,27,26,26,36,11,11,21,14,8,13,7,9,8,6,3,6,7,9,6,6,4,12,28,17,19,26,41,22,21,42,43,56,55,92,96,115,98,106,123,118,162,126,160,164,158,131,154,156,163,172,171,163,135,152,155,145,188,111,172,154,168,155,165,179,179,126,120,141,163,157,172,123,126,104,115,107,94,107,71,56,92,60,55,60,61,51,50,70,61,64,67,72,51,69,63,3126.0,63
3126,WARRIGAL_RD S of CANTERBURY_RD,046 H11,-37.82804,145.09858,16485,942,5,1,2006-10-29 00:15:00,56,61,52,46,31,30,10,19,10,19,13,20,13,22,12,16,14,11,21,7,6,6,10,15,5,5,10,19,19,22,27,18,21,34,31,41,55,76,70,74,61,78,109,121,104,116,108,131,200,150,169,166,148,120,150,114,148,150,171,104,141,129,141,147,133,162,164,187,131,187,196,166,142,114,131,107,60,65,54,57,60,58,56,69,56,58,57,67,61,41,46,38,23,36,23,16,3126.0,49
3126,WARRIGAL_RD S of CANTERBURY_RD,046 H11,-37.82804,145.09858,16485,942,5,1,2006-10-30 00:15:00,22,9,19,11,11,2,7,8,5,2,5,8,5,3,3,1,7,6,4,3,7,11,8,14,31,63,48,64,88,104,112,120,111,180,160,130,126,105,133,109,111,93,92,105,113,110,108,121,126,115,127,146,140,128,95,160,131,125,133,149,145,152,172,191,189,156,167,180,218,221,231,150,185,173,152,134,127,94,84,70,59,89,52,63,69,59,48,66,51,47,31,37,29,39,23,22,3126.0,216
3126,WARRIGAL_RD S of CANTERBURY_RD,046 H11,-37.82804,145.09858,16485,942,5,1,2006-10-31 00:15:00,8,24,13,10,9,7,5,7,5,3,4,3,3,3,7,2,3,5,12,13,7,10,12,13,16,48,58,93,92,119,114,143,153,132,168,122,147,151,113,124,119,92,140,98,101,115,107,117,138,115,124,128,126,134,137,165,112,124,168,119,144,189,154,210,170,195,189,189,200,198,216,160,154,128,157,152,128,115,99,91,68,79,84,55,70,61,42,57,59,66,38,43,41,31,20,25,3126.0,233
3126,CANTERBURY_RD W of WARRIGAL_RD,046 H11,-37.82772,145.0983,5899,942,7,1,2006-10-01 00:15:00,107,96,105,87,83,81,78,57,66,49,40,38,40,29,19,26,28,23,13,11,14,28,33,28,22,53,48,56,76,72,86,80,99,106,117,175,141,165,194,155,193,188,241,253,211,199,236,245,268,220,249,214,259,222,251,229,251,262,179,237,237,260,196,199,224,234,212,201,208,218,237,191,192,202,158,206,186,181,138,136,159,111,114,147,184,133,145,123,119,105,111,65,67,69,45,46,3126.0,158
3126,CANTERBURY_RD W of WARRIGAL_RD,046 H11,-37.82772,145.0983,5899,942,7,1,2006-10-02 00:15:00,32,30,30,10,21,17,19,16,26,14,14,8,6,6,3,8,6,21,18,24,36,35,50,39,78,106,143,118,182,246,246,290,311,289,275,231,213,236,226,209,235,213,271,252,243,268,226,198,278,240,257,256,245,263,259,183,232,221,195,254,279,271,295,317,414,335,436,454,506,443,451,414,416,369,313,275,256,263,231,173,188,189,168,193,198,163,158,164,146,149,129,90,76,34,53,48,3126.0,492
3126,CANTERBURY_RD W of WARRIGAL_RD,046 H11,-37.82772,145.0983,5899,942,7,1,2006-10-03 00:15:00,41,24,21,9,25,10,16,10,12,11,5,5,5,10,14,10,9,13,10,14,19,45,47,66,86,114,142,124,196,247,271,312,313,277,313,237,305,214,232,285,226,216,224,227,231,239,246,265,227,238,254,273,212,241,250,236,217,325,271,284,246,212,208,280,381,498,379,411,433,495,448,484,405,423,352,274,299,266,228,227,202,199,175,211,192,177,174,169,198,144,140,127,117,78,84,58,3126.0,518
3126,CANTERBURY_RD W of WARRIGAL_RD,046 H11,-37.82772,145.0983,5899,942,7,1,2006-10-04 00:15:00,60,33,26,27,25,18,22,26,11,9,21,16,10,13,8,11,10,10,12,23,19,35,43,60,87,110,108,135,175,206,307,266,333,279,283,253,252,219,268,286,191,244,271,268,236,242,192,204,229,272,288,219,265,254,269,289,235,274,321,280,352,270,266,265,427,427,392,459,426,395,448,411,450,348,327,94,85,278,259,117,109,200,166,176,224,223,208,156,193,167,155,138,88,107,82,43,3126.0,513
3126,CANTERBURY_RD W of WARRIGAL_RD,046 H11,-37.82772,145.0983,5899,942,7,1,2006-10-05 00:15:00,46,49,18,22,20,15,30,18,15,11,6,12,10,15,7,6,21,20,10,14,25,30,52,70,87,101,127,123,183,232,248,311,297,264,315,241,248,248,232,248,263,190,230,221,249,229,298,242,260,309,223,252,255,222,268,248,261,299,266,262,260,339,238,294,373,401,395,421,458,444,404,426,476,389,329,272,284,293,267,239,245,199,199,179,203,166,207,201,191,173,145,132,119,80,79,43,3126.0,480
3126,CANTERBURY_RD W of WARRIGAL_RD,046 H11,-37.82772,145.0983,5899,942,7,1,2006-10-06 00:15:00,43,38,36,28,50,32,27,26,32,4,27,14,18,22,8,16,21,20,17,10,26,31,38,67,89,111,142,157,172,260,210,369,271,315,286,241,252,263,214,232,242,263,237,275,289,211,304,263,280,262,227,250,258,237,255,293,238,292,286,279,278,330,281,274,369,440,425,450,474,438,476,415,425,398,397,291,259,252,260,206,207,178,201,164,183,169,149,160,171,180,202,208,119,161,154,129,3126.0,470
3126,CANTERBURY_RD W of WARRIGAL_RD,046 H11,-37.82772,145.0983,5899,942,7,1,2006-10-07 00:15:00,134,109,95,72,72,64,65,58,37,37,23,50,30,19,24,26,24,27,22,23,16,45,43,43,45,57,96,82,105,105,120,162,146,185,212,227,242,223,207,279,246,280,302,256,308,276,329,294,269,279,248,258,262,271,285,261,280,247,243,215,273,249,246,213,225,294,219,234,210,253,199,224,245,281,218,215,190,214,170,179,138,134,158,130,193,152,151,128,159,143,174,165,164,162,167,157,3126.0,225
3126,CANTERBURY_RD W of WARRIGAL_RD,046 H11,-37.82772,145.0983,5899,942,7,1,2006-10-08 00:15:00,154,108,133,97,105,87,88,61,60,49,31,57,31,44,36,25,31,23,36,46,25,30,32,34,42,56,64,67,75,87,75,87,110,112,146,133,146,150,195,206,214,208,250,217,230,251,262,256,237,239,218,241,258,223,227,227,250,213,230,188,236,214,219,262,242,265,204,232,257,255,210,221,238,181,175,158,193,155,163,118,126,152,108,140,155,146,101,124,88,120,95,84,75,76,49,53,3126.0,162
3126,CANTERBURY_RD W of WARRIGAL_RD,046 H11,-37.82772,145.0983,5899,942,7,1,2006-10-09 00:15:00,37,46,14,21,13,9,12,23,12,7,4,6,6,7,7,11,10,10,18,17,27,31,36,48,74,119,136,140,178,254,287,299,302,310,266,290,234,240,217,285,242,228,240,236,194,272,218,274,220,243,228,244,249,260,264,298,237,214,232,284,275,235,247,334,354,446,455,401,413,393,440,491,402,434,321,224,281,258,211,198,160,181,162,187,209,185,151,134,125,111,121,89,73,61,42,43,3126.0,541
3126,CANTERBURY_RD W of WARRIGAL_RD,046 H11,-37.82772,145.0983,5899,942,7,1,2006-10-10 00:15:00,47,25,37,14,16,11,18,12,14,11,12,11,6,7,6,4,11,17,13,13,27,28,48,51,88,118,112,133,203,231,226,303,296,317,262,299,263,292,256,233,237,196,278,271,244,236,233,220,258,285,238,279,282,250,233,220,260,268,299,273,271,298,270,308,371,441,466,408,407,470,392,416,377,383,365,283,278,242,230,266,248,228,246,212,189,211,193,195,206,163,165,133,144,114,77,65,3126.0,457
3126,CANTERBURY_RD W of WARRIGAL_RD,046 H11,-37.82772,145.0983,5899,942,7,1,2006-10-11 00:15:00,68,46,36,27,25,38,9,11,24,12,26,11,9,7,8,11,16,9,22,15,18,39,48,78,84,120,130,147,195,197,306,315,271,333,285,206,273,261,227,293,262,226,248,254,268,269,244,234,280,254,260,257,242,228,250,175,253,262,264,266,308,280,233,243,379,484,406,410,437,499,420,392,483,337,325,301,235,290,257,218,194,202,218,185,211,191,221,187,175,151,169,141,101,86,80,53,3126.0,503
3126,CANTERBURY_RD W of WARRIGAL_RD,046 H11,-37.82772,145.0983,5899,942,7,1,2006-10-12 00:15:00,70,44,36,26,23,25,18,14,17,14,5,8,6,9,11,9,14,15,12,18,23,38,35,60,76,126,111,168,212,218,282,290,309,298,280,244,238,290,266,244,213,237,224,268,218,304,241,233,265,263,271,264,224,301,259,216,236,235,301,277,262,234,283,249,376,443,428,465,406,441,491,332,356,453,329,269,246,258,221,244,217,210,184,191,191,206,186,176,192,164,124,117,131,100,86,70,3126.0,500
3126,CANTERBURY_RD W of WARRIGAL_RD,046 H11,-37.82772,145.0983,5899,942,7,1,2006-10-13 00:15:00,68,51,50,46,25,42,37,29,16,22,12,4,10,29,11,15,11,9,13,20,18,44,47,52,82,137,132,148,173,239,269,315,238,303,268,209,228,210,269,215,220,212,255,264,251,296,238,292,276,205,268,247,281,277,290,258,232,251,259,279,260,229,278,263,355,388,407,466,505,523,451,420,490,438,367,341,270,248,271,209,169,201,171,193,167,160,167,153,185,185,182,187,139,160,136,132,3126.0,508
3126,CANTERBURY_RD W of WARRIGAL_RD,046 H11,-37.82772,145.0983,5899,942,7,1,2006-10-14 00:15:00,86,109,81,83,49,63,57,40,37,44,39,21,24,32,23,21,30,28,29,20,22,32,46,47,38,55,77,83,75,109,104,150,150,181,213,181,216,204,265,258,230,255,260,226,257,317,274,299,311,310,317,344,271,267,306,294,238,266,244,272,208,280,327,317,312,317,234,240,261,246,253,227,260,231,236,191,172,175,193,160,138,122,114,156,122,138,131,176,203,165,196,155,171,181,140,159,3126.0,213
3126,CANTERBURY_RD W of WARRIGAL_RD,046 H11,-37.82772,145.0983,5899,942,7,1,2006-10-15 00:15:00,146,151,127,114,91,95,75,58,55,55,32,36,34,35,32,51,28,27,32,19,24,44,41,43,46,39,60,74,54,73,114,85,98,123,125,158,203,204,210,225,200,195,237,216,216,231,250,257,260,201,291,252,232,247,257,263,256,229,187,235,215,255,232,262,242,269,243,237,217,227,211,161,213,241,197,207,168,172,154,149,139,130,119,132,174,132,134,126,121,99,110,80,66,44,63,36,3126.0,187
3126,CANTERBURY_RD W of WARRIGAL_RD,046 H11,-37.82772,145.0983,5899,942,7,1,2006-10-16 00:15:00,27,35,26,18,27,19,15,20,12,29,16,4,9,11,5,18,9,0,11,18,29,45,50,54,88,111,142,121,172,209,293,358,306,322,300,244,272,206,228,229,230,247,270,199,171,233,239,252,204,291,217,256,224,269,270,255,257,297,251,236,287,272,296,260,516,432,395,462,470,452,535,409,417,358,306,274,273,258,246,200,165,200,207,211,206,202,168,187,160,137,134,106,69,49,45,32,3126.0,502
3126,CANTERBURY_RD W of WARRIGAL_RD,046 H11,-37.82772,145.0983,5899,942,7,1,2006-10-17 00:15:00,39,28,33,19,21,21,11,9,10,10,6,9,4,0,12,2,15,5,10,17,33,30,67,64,80,119,128,140,182,265,273,316,316,222,281,201,244,275,266,202,254,234,245,220,254,211,255,248,267,249,229,253,274,283,264,282,255,251,276,281,273,320,196,314,345,431,382,445,500,467,405,399,402,428,332,309,297,336,296,212,261,199,214,178,244,211,211,216,186,163,141,123,139,108,78,97,3126.0,538
3126,CANTERBURY_RD W of WARRIGAL_RD,046 H11,-37.82772,145.0983,5899,942,7,1,2006-10-18 00:15:00,55,48,28,45,36,22,19,24,19,19,20,13,23,15,3,12,13,14,17,28,17,32,50,64,78,129,155,134,194,236,290,275,302,309,292,237,279,206,299,241,195,266,210,242,225,226,235,277,241,230,277,210,243,210,244,263,240,284,294,277,283,297,175,315,411,505,421,428,461,453,471,425,378,408,358,285,286,289,244,235,209,205,200,195,197,183,208,194,180,171,155,109,131,104,72,95,3126.0,526
3126,CANTERBURY_RD W of WARRIGAL_RD,046 H11,-37.82772,145.0983,5899,942,7,1,2006-10-19 00:15:00,53,39,21,32,17,26,16,19,22,10,9,13,14,5,17,6,13,10,9,19,27,41,50,60,85,100,140,138,171,223,301,312,298,324,250,238,269,283,260,221,218,246,264,250,249,245,254,254,225,238,223,254,235,265,290,276,216,272,235,262,301,272,211,269,412,431,414,452,420,485,453,485,397,425,333,276,264,271,224,243,203,202,178,219,191,193,193,180,184,184,130,139,110,86,97,74,3126.0,524
3126,CANTERBURY_RD W of WARRIGAL_RD,046 H11,-37.82772,145.0983,5899,942,7,1,2006-10-20 00:15:00,94,60,35,32,47,35,22,21,20,16,16,15,29,22,20,11,16,22,16,22,23,44,60,53,97,99,150,137,172,245,265,289,330,293,258,184,236,289,239,217,195,266,234,299,270,262,271,257,270,291,274,257,291,302,254,289,250,336,279,260,283,206,229,271,358,442,444,417,500,467,485,461,420,358,313,278,276,230,234,219,177,167,164,167,155,184,174,164,192,172,155,182,170,139,140,107,3126.0,510
3126,CANTERBURY_RD W of WARRIGAL_RD,046 H11,-37.82772,145.0983,5899,942,7,1,2006-10-21 00:15:00,116,88,81,58,53,49,50,55,21,31,42,42,18,31,13,19,23,12,21,28,18,26,36,49,47,70,65,74,97,114,103,142,155,176,209,203,212,213,213,201,292,258,274,253,242,263,286,281,280,283,328,283,267,250,245,239,291,240,257,238,212,279,247,264,271,227,213,255,256,258,257,224,224,210,219,179,182,183,151,140,146,119,138,111,167,115,143,151,145,135,165,155,168,180,153,140,3126.0,217
3126,CANTERBURY_RD W of WARRIGAL_RD,046 H11,-37.82772,145.0983,5899,942,7,1,2006-10-22 00:15:00,170,113,150,109,117,98,51,76,56,39,43,45,46,43,45,27,27,31,18,15,23,22,38,32,32,50,60,79,47,68,78,73,113,113,159,157,151,176,197,177,192,253,266,221,255,267,278,258,233,345,283,215,271,224,299,225,226,230,199,255,237,210,233,254,226,206,233,253,230,238,210,221,229,225,166,186,139,144,192,132,159,165,141,146,140,143,132,120,134,130,136,56,84,48,53,41,3126.0,146
3126,CANTERBURY_RD W of WARRIGAL_RD,046 H11,-37.82772,145.0983,5899,942,7,1,2006-10-23 00:15:00,62,34,34,27,35,14,9,13,7,20,12,9,5,7,5,11,13,13,21,9,25,35,50,51,93,106,142,140,167,219,255,303,329,272,231,237,228,294,222,228,232,234,253,204,273,223,231,246,225,283,232,233,272,275,282,231,242,229,252,278,292,239,274,312,410,412,412,384,386,466,440,395,411,401,333,249,275,248,199,178,204,193,142,171,184,179,166,138,172,120,114,84,89,58,45,25,3126.0,474
3126,CANTERBURY_RD W of WARRIGAL_RD,046 H11,-37.82772,145.0983,5899,942,7,1,2006-10-24 00:15:00,40,24,25,18,15,12,12,18,8,7,12,16,4,7,0,4,13,7,17,18,22,30,56,67,92,137,123,118,207,158,250,278,305,293,267,240,284,240,267,249,241,252,200,222,250,242,249,222,263,288,255,238,212,228,246,286,239,245,248,294,269,276,232,305,393,418,375,344,413,498,396,445,435,395,324,331,249,258,194,230,212,217,183,179,205,218,157,205,177,159,195,146,101,75,75,60,3126.0,408
3126,CANTERBURY_RD W of WARRIGAL_RD,046 H11,-37.82772,145.0983,5899,942,7,1,2006-10-25 00:15:00,55,36,67,37,34,34,11,30,22,13,10,13,9,12,15,13,16,8,17,20,26,41,39,71,101,121,148,119,168,218,326,258,308,318,345,252,319,265,258,255,247,246,219,250,258,251,249,209,233,214,239,333,244,214,213,224,233,246,276,317,260,304,252,286,462,420,424,502,447,466,364,403,489,452,328,305,265,249,224,225,231,232,220,189,193,194,206,203,182,144,137,128,119,102,64,63,3126.0,544
3126,CANTERBURY_RD W of WARRIGAL_RD,046 H11,-37.82772,145.0983,5899,942,7,1,2006-10-26 00:15:00,35,54,34,35,23,20,12,18,12,0,18,10,7,8,9,9,7,9,12,13,24,38,60,41,94,109,124,134,183,224,220,275,325,272,244,260,238,255,206,222,203,230,261,231,229,223,267,263,296,236,222,248,230,218,273,236,258,266,277,284,271,274,248,384,416,419,451,401,397,469,533,436,494,397,320,301,301,346,214,245,252,223,191,180,182,186,187,164,143,177,147,161,132,94,62,54,3126.0,444
3126,CANTERBURY_RD W of WARRIGAL_RD,046 H11,-37.82772,145.0983,5899,942,7,1,2006-10-27 00:15:00,54,39,61,36,33,31,26,28,17,16,19,17,16,16,8,13,16,11,16,13,37,32,37,69,81,102,124,166,221,200,256,270,324,335,315,277,243,245,278,241,234,190,251,226,238,255,222,236,190,205,214,173,247,233,238,194,280,199,257,216,243,211,226,276,280,434,449,427,458,457,486,481,468,431,335,303,279,239,266,206,209,179,197,141,184,201,182,157,139,203,186,191,171,132,149,137,3126.0,456
3126,CANTERBURY_RD W of WARRIGAL_RD,046 H11,-37.82772,145.0983,5899,942,7,1,2006-10-28 00:15:00,120,101,81,85,66,58,55,61,43,45,30,31,18,42,11,21,29,28,36,28,32,31,35,45,30,45,72,58,88,109,96,118,231,216,202,240,215,226,219,218,132,229,216,241,204,203,175,214,193,212,197,222,218,186,226,243,214,240,262,257,225,200,227,226,254,298,208,241,262,250,259,223,232,283,221,238,204,219,185,171,150,172,172,128,155,134,150,146,156,175,165,165,174,141,142,148,3126.0,205
3126,CANTERBURY_RD W of WARRIGAL_RD,046 H11,-37.82772,145.0983,5899,942,7,1,2006-10-29 00:15:00,167,162,129,97,91,77,82,58,56,49,32,53,73,47,43,48,47,43,40,34,23,37,22,49,27,54,50,59,67,65,74,97,72,88,143,162,159,162,190,214,208,225,279,199,204,204,231,220,207,247,222,243,216,222,234,245,248,247,209,229,222,176,248,253,273,240,247,248,246,270,241,186,241,211,205,209,226,153,184,192,147,160,160,157,151,148,134,106,129,122,119,100,86,94,75,64,3126.0,139
3126,CANTERBURY_RD W of WARRIGAL_RD,046 H11,-37.82772,145.0983,5899,942,7,1,2006-10-30 00:15:00,45,43,42,26,20,20,20,15,8,14,16,5,6,4,12,5,23,10,12,8,26,26,40,49,67,87,141,138,141,197,242,293,300,317,248,256,236,231,225,231,231,223,249,237,260,268,291,233,261,235,224,251,239,264,294,279,278,281,253,282,269,258,238,283,395,439,420,364,460,456,424,457,487,410,329,295,309,309,227,239,196,157,176,172,195,173,163,130,130,126,131,95,53,60,64,59,3126.0,439
3126,CANTERBURY_RD W of WARRIGAL_RD,046 H11,-37.82772,145.0983,5899,942,7,1,2006-10-31 00:15:00,35,45,36,8,10,24,18,10,7,19,13,10,12,8,7,9,15,10,13,12,20,32,61,55,91,127,128,140,194,192,275,319,280,271,258,257,282,232,253,216,232,260,232,265,282,269,298,270,210,237,249,256,274,275,268,219,262,249,286,291,280,264,285,328,456,380,366,358,337,450,453,318,373,299,367,306,287,308,282,243,259,219,236,187,210,191,223,180,174,186,143,117,110,70,59,56,3126.0,467
3180,DONCASTER_RD E of BALWYN_RD,046 E03,-37.79611,145.08372,16199,508,3,1,2006-10-01 00:15:00,34,41,33,30,30,17,21,9,17,10,10,6,10,12,5,10,13,7,6,3,7,7,8,13,12,18,21,27,23,30,24,39,35,51,56,65,64,87,102,85,88,123,86,119,96,114,106,114,106,122,129,112,113,109,122,127,133,115,119,104,137,122,103,122,129,90,113,113,123,120,116,98,103,118,75,100,72,66,70,61,46,52,49,68,67,56,46,47,33,31,40,19,15,17,13,12,3180.0,54
3180,DONCASTER_RD E of BALWYN_RD,046 E03,-37.79611,145.08372,16199,508,3,1,2006-10-02 00:15:00,3,13,5,7,6,5,2,3,6,6,5,6,3,4,1,3,2,5,8,10,10,8,19,20,37,57,69,103,174,245,282,350,351,296,316,328,182,161,159,114,130,121,122,114,126,105,107,132,119,112,123,114,105,112,109,102,99,115,130,135,174,169,147,123,119,114,102,115,124,110,111,140,117,128,138,140,110,83,75,71,60,66,55,54,41,37,55,37,52,37,28,20,18,16,10,14,3180.0,527
3180,DONCASTER_RD E of BALWYN_RD,046 E03,-37.79611,145.08372,16199,508,3,1,2006-10-03 00:15:00,10,7,6,3,5,0,5,1,2,3,3,3,3,2,2,5,2,3,8,10,14,20,15,30,43,54,88,127,193,232,293,341,337,332,341,288,222,179,126,138,139,111,108,114,116,129,116,115,127,95,105,118,116,101,105,111,118,163,139,158,181,179,156,140,128,109,126,120,166,124,109,129,134,103,129,131,122,96,94,88,66,68,79,65,58,46,57,43,53,44,32,33,25,21,9,9,3180.0,525
3180,DONCASTER_RD E of BALWYN_RD,046 E03,-37.79611,145.08372,16199,508,3,1,2006-10-04 00:15:00,10,9,6,6,10,1,4,0,0,1,3,7,2,2,0,5,5,2,5,5,4,14,15,32,47,61,83,133,172,244,292,350,351,348,283,331,218,186,152,158,127,150,139,114,116,119,123,143,127,129,124,118,116,127,110,120,125,147,129,131,212,199,151,140,122,131,121,121,123,131,118,134,134,132,128,131,122,99,93,94,80,77,76,68,59,53,59,47,39,27,39,32,27,21,26,18,3180.0,536
3180,DONCASTER_RD E of BALWYN_RD,046 E03,-37.79611,145.08372,16199,508,3,1,2006-10-05 00:15:00,14,18,3,7,7,6,7,2,6,2,4,4,6,3,3,5,3,2,7,4,11,14,14,22,39,57,82,114,210,230,318,365,351,361,328,330,204,204,183,151,134,148,136,114,116,152,120,143,87,124,113,118,72,122,125,120,125,150,145,150,178,187,172,157,130,132,140,153,134,141,125,130,109,132,128,144,120,91,103,106,88,68,80,71,65,75,56,52,49,48,34,38,23,25,19,18,3180.0,548
3180,DONCASTER_RD E of BALWYN_RD,046 E03,-37.79611,145.08372,16199,508,3,1,2006-10-06 00:15:00,12,22,9,7,6,5,9,6,1,6,5,3,5,6,2,2,2,2,10,8,7,15,18,25,41,51,112,126,167,239,260,350,351,305,299,328,217,174,147,151,134,139,132,114,116,119,136,90,75,125,124,127,130,114,130,133,125,129,150,150,178,198,158,140,122,108,136,128,148,141,127,136,165,144,130,131,122,135,117,94,80,84,84,84,88,78,60,61,69,51,55,42,38,54,39,30,3180.0,499
3180,DONCASTER_RD E of BALWYN_RD,046 E03,-37.79611,145.08372,16199,508,3,1,2006-10-07 00:15:00,33,24,26,19,11,11,27,9,8,13,8,8,6,8,5,2,12,5,6,8,14,11,5,17,20,41,39,42,28,51,58,77,82,83,119,159,131,160,152,152,152,166,181,170,165,145,149,122,131,197,182,162,136,151,162,89,99,150,138,152,118,127,116,149,127,136,141,131,105,167,145,139,155,117,134,136,101,113,119,81,66,76,74,70,65,50,68,56,47,55,57,42,56,54,46,50,3180.0,109
3180,DONCASTER_RD E of BALWYN_RD,046 E03,-37.79611,145.08372,16199,508,3,1,2006-10-08 00:15:00,58,45,41,33,21,20,24,15,11,21,8,15,16,15,9,9,5,5,2,4,7,3,8,9,20,9,29,28,20,25,27,19,25,55,43,78,66,76,98,108,101,107,123,105,123,116,122,127,128,103,130,133,103,132,99,106,102,111,101,103,127,105,105,120,118,114,115,120,135,137,114,120,102,111,93,93,75,77,61,60,58,55,54,57,42,53,34,44,57,36,35,30,25,22,15,7,3180.0,52
3180,DONCASTER_RD E of BALWYN_RD,046 E03,-37.79611,145.08372,16199,508,3,1,2006-10-09 00:15:00,15,9,8,7,7,5,6,3,8,4,2,7,2,1,4,3,4,4,7,10,9,11,19,23,41,64,82,107,165,244,278,348,345,289,329,328,217,175,138,151,134,128,123,114,116,98,120,113,121,112,103,128,112,128,118,104,113,107,135,160,154,188,169,140,122,121,108,118,126,117,112,139,114,131,123,157,104,87,69,94,80,63,62,56,44,37,44,44,43,50,18,23,16,14,10,15,3180.0,522
3180,DONCASTER_RD E of BALWYN_RD,046 E03,-37.79611,145.08372,16199,508,3,1,2006-10-10 00:15:00,8,5,7,5,1,4,2,1,3,4,1,7,0,1,5,4,2,1,6,11,12,13,13,34,46,54,91,117,167,235,304,350,351,327,332,323,212,182,159,151,134,146,115,82,116,118,127,102,100,119,117,96,111,114,135,125,126,118,117,151,180,212,201,140,122,126,134,128,134,131,155,134,134,123,110,128,135,96,96,94,37,73,74,64,64,65,56,66,50,42,30,28,36,20,17,19,3180.0,539
3180,DONCASTER_RD E of BALWYN_RD,046 E03,-37.79611,145.08372,16199,508,3,1,2006-10-11 00:15:00,12,17,3,6,5,1,5,2,2,0,3,5,3,6,2,3,2,5,6,10,10,13,16,39,33,54,91,123,188,232,286,332,347,350,320,295,211,181,135,151,134,132,111,114,116,118,112,143,127,115,93,116,126,125,100,130,112,130,128,162,186,185,153,123,119,97,120,117,133,139,142,133,128,134,115,131,122,106,82,93,77,63,52,73,64,48,56,68,40,49,38,28,34,26,22,10,3180.0,518
3180,DONCASTER_RD E of BALWYN_RD,046 E03,-37.79611,145.08372,16199,508,3,1,2006-10-12 00:15:00,13,26,12,10,10,8,4,3,7,1,0,3,1,3,6,4,11,6,6,7,11,17,20,35,48,57,82,120,184,234,312,350,351,357,360,314,217,175,174,160,136,135,123,114,116,116,129,133,114,121,106,110,99,104,122,97,123,134,134,146,178,191,170,143,117,137,110,124,127,122,116,134,134,110,102,147,102,106,102,94,80,76,78,73,77,72,58,54,54,62,48,38,28,13,18,25,3180.0,546
3180,DONCASTER_RD E of BALWYN_RD,046 E03,-37.79611,145.08372,16199,508,3,1,2006-10-13 00:15:00,15,9,9,12,8,4,11,3,11,5,2,5,7,3,4,5,2,6,10,10,11,16,17,34,35,54,81,126,154,215,284,356,308,315,286,330,200,163,130,151,134,133,125,124,131,132,115,145,116,136,115,121,107,128,127,120,129,117,159,150,175,195,159,140,122,143,122,128,134,121,133,139,164,159,160,130,160,116,110,118,82,80,100,118,101,81,61,56,68,51,56,51,52,25,37,33,3180.0,499
3180,DONCASTER_RD E of BALWYN_RD,046 E03,-37.79611,145.08372,16199,508,3,1,2006-10-14 00:15:00,35,33,24,18,21,15,15,7,11,15,4,5,9,6,13,6,10,5,6,6,12,5,17,19,21,35,36,47,39,41,64,80,92,83,87,130,118,127,161,149,141,165,136,176,156,163,160,158,173,181,176,153,150,163,136,141,99,122,157,158,148,141,129,131,142,146,130,129,163,141,126,151,147,148,160,146,129,116,91,81,74,84,66,54,65,64,64,48,38,55,53,46,44,49,44,32,3180.0,105
3180,DONCASTER_RD E of BALWYN_RD,046 E03,-37.79611,145.08372,16199,508,3,1,2006-10-15 00:15:00,58,40,36,25,29,23,16,15,14,15,10,13,7,12,8,4,8,15,4,6,11,12,14,22,15,21,21,22,17,26,21,0,25,49,52,81,75,92,105,101,98,99,99,121,128,103,136,149,125,123,112,122,126,119,113,125,111,124,114,126,125,106,126,100,116,134,110,118,127,122,113,99,123,113,83,88,78,62,55,23,35,46,44,54,44,53,57,31,43,39,37,22,21,14,11,14,3180.0,47
3180,DONCASTER_RD E of BALWYN_RD,046 E03,-37.79611,145.08372,16199,508,3,1,2006-10-16 00:15:00,10,11,9,8,4,2,4,4,4,3,1,6,1,0,4,4,4,1,7,9,8,12,13,35,31,53,82,113,150,233,289,312,354,359,324,296,176,182,157,151,134,112,146,59,116,93,99,143,127,125,116,118,115,100,111,109,135,119,125,150,178,182,164,138,100,129,118,128,134,110,133,116,129,142,129,78,60,86,79,78,72,52,64,76,51,49,37,40,39,35,25,14,18,22,18,11,3180.0,522
3180,DONCASTER_RD E of BALWYN_RD,046 E03,-37.79611,145.08372,16199,508,3,1,2006-10-17 00:15:00,9,13,8,1,4,2,3,2,3,5,2,3,1,4,3,4,0,3,8,10,9,14,15,28,47,52,108,125,195,233,292,350,351,350,330,336,217,197,189,151,134,135,137,131,117,128,129,143,127,104,111,118,104,109,128,107,127,131,148,150,178,188,163,144,122,120,144,147,145,138,133,134,134,116,101,101,117,103,90,89,88,62,69,65,80,56,46,53,49,31,38,41,25,25,22,20,3180.0,525
3180,DONCASTER_RD E of BALWYN_RD,046 E03,-37.79611,145.08372,16199,508,3,1,2006-10-18 00:15:00,12,9,6,7,9,4,6,3,3,3,2,11,7,4,4,5,1,7,8,10,14,6,19,31,44,51,78,117,182,262,292,361,375,341,316,328,212,181,148,156,134,159,129,114,116,128,132,155,151,124,109,107,122,124,120,120,125,138,125,148,165,185,152,136,117,125,122,125,119,132,123,134,150,128,143,131,122,92,94,95,82,71,63,67,57,45,50,48,40,41,44,31,29,32,21,17,3180.0,554
3180,DONCASTER_RD E of BALWYN_RD,046 E03,-37.79611,145.08372,16199,508,3,1,2006-10-19 00:15:00,14,14,16,9,14,11,5,6,5,7,2,11,3,7,7,5,3,0,11,7,10,11,14,32,43,55,81,115,194,233,292,362,376,368,335,330,211,162,163,121,134,168,126,134,127,134,130,138,130,114,135,118,116,125,113,123,132,125,149,180,163,202,169,122,141,140,123,153,149,114,141,139,135,134,124,131,122,138,88,91,75,80,64,66,69,71,67,57,51,41,55,30,21,20,32,37,3180.0,525
3180,DONCASTER_RD E of BALWYN_RD,046 E03,-37.79611,145.08372,16199,508,3,1,2006-10-20 00:15:00,29,13,9,10,14,8,6,7,1,4,5,13,2,6,4,7,3,3,7,7,9,13,13,25,46,56,91,116,174,213,310,321,320,301,298,293,202,174,162,151,134,132,139,153,154,131,116,157,142,142,140,118,116,129,138,115,121,114,126,143,149,193,159,157,136,145,138,149,142,136,124,134,134,151,169,142,140,135,105,109,90,87,92,83,91,75,70,58,45,59,50,46,40,36,33,37,3180.0,523
3180,DONCASTER_RD E of BALWYN_RD,046 E03,-37.79611,145.08372,16199,508,3,1,2006-10-21 00:15:00,27,23,17,23,22,11,9,17,9,6,5,8,10,3,5,5,10,4,4,10,16,10,13,15,16,43,37,44,34,49,74,77,90,96,121,134,117,171,149,168,141,159,136,163,160,141,176,140,131,201,182,195,166,169,143,115,126,135,138,150,166,145,163,141,128,150,144,138,163,138,157,141,145,135,148,148,137,108,106,95,89,80,68,60,54,70,52,49,51,49,59,60,42,39,45,54,3180.0,123
3180,DONCASTER_RD E of BALWYN_RD,046 E03,-37.79611,145.08372,16199,508,3,1,2006-10-22 00:15:00,63,50,34,27,15,19,22,19,12,12,15,10,13,18,5,8,9,5,12,4,1,4,12,12,15,20,21,23,26,22,33,40,41,53,57,75,78,99,108,108,113,107,119,145,118,109,128,141,126,122,151,131,134,129,124,114,104,122,126,135,114,125,143,115,131,135,118,143,133,124,122,98,120,110,107,77,81,88,79,23,35,59,56,60,53,41,57,41,39,33,23,23,25,29,14,7,3180.0,55
3180,DONCASTER_RD E of BALWYN_RD,046 E03,-37.79611,145.08372,16199,508,3,1,2006-10-23 00:15:00,13,8,10,15,8,3,4,5,5,2,3,9,2,1,2,6,4,3,4,11,9,12,17,31,39,46,94,110,180,267,334,350,351,324,315,279,223,150,150,151,134,134,113,148,120,119,113,135,115,139,128,118,116,118,92,122,97,122,137,140,150,190,139,151,120,124,105,130,123,116,121,134,77,110,106,162,122,104,73,85,59,44,64,54,51,49,49,57,32,35,30,32,23,17,18,15,3180.0,601
3180,DONCASTER_RD E of BALWYN_RD,046 E03,-37.79611,145.08372,16199,508,3,1,2006-10-24 00:15:00,8,8,6,4,5,4,3,2,2,2,4,3,3,1,2,4,2,2,6,9,7,14,19,33,36,64,93,115,201,261,292,350,342,349,325,276,242,188,164,153,119,135,126,120,116,119,116,143,105,122,113,122,122,119,119,119,125,120,117,148,178,201,175,139,110,132,133,128,134,122,117,156,133,123,112,124,115,92,85,87,67,69,77,71,60,55,60,56,43,43,26,34,29,20,23,12,3180.0,553
3180,DONCASTER_RD E of BALWYN_RD,046 E03,-37.79611,145.08372,16199,508,3,1,2006-10-25 00:15:00,12,15,12,3,7,3,5,2,4,4,5,5,3,1,2,4,3,5,8,12,10,15,16,40,43,47,90,147,215,269,292,355,338,350,316,301,225,171,168,151,138,137,152,114,116,139,121,143,131,135,132,131,123,121,129,108,106,111,145,150,178,186,162,135,119,128,110,112,134,127,121,116,152,143,111,124,134,132,84,94,80,78,69,74,66,44,47,42,49,35,38,18,20,19,17,11,3180.0,561
3180,DONCASTER_RD E of BALWYN_RD,046 E03,-37.79611,145.08372,16199,508,3,1,2006-10-26 00:15:00,18,7,10,6,5,7,9,7,4,5,1,9,1,2,4,3,6,3,9,9,12,17,12,38,37,63,105,118,195,255,292,350,351,339,327,308,238,183,165,157,140,154,133,114,116,129,105,146,127,133,129,147,116,129,100,145,119,137,161,175,180,181,163,140,126,150,133,129,129,109,120,126,117,127,102,147,136,121,86,95,69,85,87,78,67,69,56,58,53,39,45,26,26,27,20,9,3180.0,547
3180,DONCASTER_RD E of BALWYN_RD,046 E03,-37.79611,145.08372,16199,508,3,1,2006-10-27 00:15:00,14,9,20,7,4,3,2,3,4,4,3,7,3,4,8,4,4,7,8,11,13,16,12,39,44,49,89,117,181,237,322,340,320,356,316,312,217,197,178,151,134,129,134,147,119,123,125,138,139,144,122,118,116,146,126,109,113,131,129,167,188,189,160,132,147,132,127,115,124,141,123,134,134,131,127,128,143,151,110,125,85,96,87,63,82,78,57,34,59,45,41,46,50,57,48,27,3180.0,559
3180,DONCASTER_RD E of BALWYN_RD,046 E03,-37.79611,145.08372,16199,508,3,1,2006-10-28 00:15:00,27,19,22,17,13,14,6,12,9,7,11,5,6,5,6,9,6,4,6,9,11,7,11,18,13,42,41,40,44,31,53,77,74,104,106,129,123,150,146,156,171,136,178,156,136,163,181,140,131,174,179,185,148,166,167,115,99,142,141,154,137,130,132,141,153,154,151,139,116,129,148,143,143,154,124,145,141,132,112,67,58,85,69,65,55,57,51,50,50,32,55,50,39,33,44,48,3180.0,84
3180,DONCASTER_RD E of BALWYN_RD,046 E03,-37.79611,145.08372,16199,508,3,1,2006-10-29 00:15:00,34,37,18,31,14,16,18,0,0,0,0,14,9,13,9,15,9,11,8,7,7,10,4,12,11,20,17,23,18,23,20,39,41,46,59,68,60,94,118,108,108,111,111,106,118,107,107,121,130,126,127,125,136,119,104,103,123,118,104,124,135,127,130,126,144,142,121,111,127,148,110,123,115,105,128,98,91,59,58,63,66,63,84,60,78,52,47,37,42,34,37,26,22,25,16,11,3180.0,43
3180,DONCASTER_RD E of BALWYN_RD,046 E03,-37.79611,145.08372,16199,508,3,1,2006-10-30 00:15:00,5,8,15,4,11,6,3,4,7,0,4,7,4,5,2,4,4,0,6,7,11,10,13,24,40,33,79,121,152,251,265,337,318,328,328,303,217,170,126,134,136,132,151,146,102,134,120,143,127,115,89,75,116,132,115,119,126,154,126,127,155,197,162,140,122,126,130,129,136,138,112,131,126,102,123,142,131,86,86,68,63,62,68,59,48,40,53,48,45,47,32,21,31,16,10,14,3180.0,516
3180,DONCASTER_RD E of BALWYN_RD,046 E03,-37.79611,145.08372,16199,508,3,1,2006-10-31 00:15:00,12,5,11,5,5,6,4,4,4,0,2,5,5,0,6,5,3,2,9,6,6,7,18,25,47,36,88,134,191,248,331,368,315,351,321,333,199,187,159,134,140,133,142,140,138,140,131,118,121,104,148,112,113,139,131,122,125,122,140,158,181,183,149,141,124,121,149,145,145,128,146,134,134,109,104,105,126,106,94,85,82,86,72,77,73,71,53,44,55,34,41,21,38,18,19,9,3180.0,579
3180,BALWYN_RD S of DONCASTER_RD,046 E03,-37.79635,145.08352,17052,508,5,1,2006-10-01 00:15:00,22,27,22,23,21,11,18,8,6,11,7,4,8,4,4,5,6,3,6,2,3,2,6,7,2,9,14,11,14,15,14,19,20,24,29,36,41,61,42,81,68,80,68,82,99,77,82,92,93,104,89,104,106,71,90,79,85,84,89,98,80,77,93,76,90,84,86,116,105,106,101,88,103,75,83,69,57,48,56,45,44,37,43,47,47,55,35,38,27,25,22,19,24,16,11,12,3180.0,29
3180,BALWYN_RD S of DONCASTER_RD,046 E03,-37.79635,145.08352,17052,508,5,1,2006-10-02 00:15:00,8,7,2,4,3,3,0,1,3,1,7,0,3,3,0,0,1,3,3,3,2,6,12,8,12,14,18,33,41,63,69,91,115,144,182,156,100,95,68,104,94,71,97,88,85,110,99,95,105,99,82,91,93,94,80,90,88,99,91,101,136,170,216,185,192,164,174,203,193,191,207,204,205,175,124,133,113,91,68,66,75,52,53,69,76,61,30,41,43,42,35,25,10,14,10,4,3180.0,132
3180,BALWYN_RD S of DONCASTER_RD,046 E03,-37.79635,145.08352,17052,508,5,1,2006-10-03 00:15:00,14,4,6,0,5,3,4,2,1,0,1,4,1,2,2,1,2,1,3,2,3,12,5,7,16,18,24,26,44,47,74,96,124,173,185,186,133,119,64,101,77,91,98,88,85,89,116,96,83,97,94,91,83,88,101,102,93,101,106,131,126,149,194,207,194,188,176,188,199,201,202,221,222,170,161,133,113,99,92,71,62,63,52,69,73,53,53,37,44,39,47,26,28,22,23,12,3180.0,121
3180,BALWYN_RD S of DONCASTER_RD,046 E03,-37.79635,145.08352,17052,508,5,1,2006-10-04 00:15:00,12,8,7,6,3,4,2,5,2,0,0,2,5,4,0,0,1,1,5,3,3,8,9,12,12,22,22,40,42,74,85,91,115,140,190,186,133,116,86,103,91,96,88,88,85,99,99,95,96,101,104,91,83,89,101,84,94,109,120,116,126,171,194,173,189,203,174,188,172,227,203,208,211,188,153,133,113,92,65,71,73,58,58,58,67,80,48,64,46,36,42,44,30,22,17,21,3180.0,159
3180,BALWYN_RD S of DONCASTER_RD,046 E03,-37.79635,145.08352,17052,508,5,1,2006-10-05 00:15:00,12,33,1,8,3,6,5,2,4,2,1,2,0,1,0,1,1,5,4,3,6,7,2,10,19,15,24,20,37,58,64,99,115,167,201,186,144,106,86,82,73,92,113,88,85,91,97,95,96,107,109,91,83,89,84,96,94,115,107,116,126,168,194,173,189,207,176,206,218,220,210,216,218,180,156,140,105,125,99,92,81,61,60,60,70,58,46,43,40,47,39,33,28,18,24,16,3180.0,122
3180,BALWYN_RD S of DONCASTER_RD,046 E03,-37.79635,145.08352,17052,508,5,1,2006-10-06 00:15:00,8,16,9,4,4,4,2,3,6,1,3,1,3,0,1,2,2,4,4,5,4,4,8,12,12,19,25,29,34,63,66,91,115,152,194,192,116,101,94,82,73,93,103,88,85,115,90,95,96,105,110,104,104,92,99,87,112,106,125,116,126,151,194,185,192,214,157,194,214,226,212,176,210,185,177,148,147,115,97,71,73,46,55,52,73,48,51,44,49,57,53,39,46,43,40,27,3180.0,129
3180,BALWYN_RD S of DONCASTER_RD,046 E03,-37.79635,145.08352,17052,508,5,1,2006-10-07 00:15:00,19,22,16,14,9,12,10,2,11,4,11,2,4,6,4,3,2,3,5,7,4,5,5,4,10,12,13,27,16,22,26,41,47,54,65,99,93,84,100,128,94,117,130,145,133,144,118,148,143,148,152,155,134,148,154,91,85,138,111,140,131,139,132,120,110,141,164,115,141,115,119,137,112,131,120,106,76,96,77,36,27,68,53,56,55,53,36,54,39,48,39,43,60,44,52,30,3180.0,48
3180,BALWYN_RD S of DONCASTER_RD,046 E03,-37.79635,145.08352,17052,508,5,1,2006-10-08 00:15:00,58,40,29,22,23,17,17,11,9,10,9,13,8,6,7,4,7,1,11,3,4,8,4,4,6,4,8,7,7,11,17,6,7,38,43,56,45,58,55,90,72,74,64,75,64,66,92,86,96,97,110,97,104,95,99,88,107,83,88,82,101,105,86,99,85,97,92,90,108,110,133,108,114,89,96,76,70,57,60,47,51,48,44,48,45,56,27,27,31,26,29,17,26,10,11,5,3180.0,28
3180,BALWYN_RD S of DONCASTER_RD,046 E03,-37.79635,145.08352,17052,508,5,1,2006-10-09 00:15:00,6,11,6,5,3,4,1,1,3,2,1,1,4,1,2,1,2,5,2,2,7,9,7,12,11,19,24,28,41,54,87,94,107,164,198,186,109,96,89,82,73,83,97,88,85,96,85,86,80,117,99,91,102,84,102,76,95,108,119,116,151,172,194,185,192,160,181,182,199,223,219,196,198,156,157,155,128,82,66,71,73,61,51,56,88,43,35,43,37,34,22,33,27,19,7,11,3180.0,141
3180,BALWYN_RD S of DONCASTER_RD,046 E03,-37.79635,145.08352,17052,508,5,1,2006-10-10 00:15:00,7,7,5,4,3,5,2,1,1,1,0,1,3,2,0,3,2,0,7,1,5,6,11,13,15,12,33,23,42,51,77,91,115,153,183,186,109,120,99,82,73,86,91,88,85,90,100,112,96,125,93,109,83,100,93,110,113,89,92,120,111,174,194,185,192,174,177,188,199,227,200,208,211,200,145,162,131,120,83,71,73,54,65,61,54,80,71,59,43,56,31,40,26,27,18,23,3180.0,128
3180,BALWYN_RD S of DONCASTER_RD,046 E03,-37.79635,145.08352,17052,508,5,1,2006-10-11 00:15:00,9,10,4,6,8,3,3,2,2,2,0,2,0,2,2,0,7,2,4,5,1,4,11,13,10,16,27,26,49,48,91,91,115,125,207,186,109,120,110,82,73,122,104,88,85,92,111,95,96,106,112,95,92,113,103,117,82,109,96,121,109,165,197,173,195,174,157,194,231,209,234,209,230,180,189,133,113,94,72,81,80,65,60,53,69,66,69,51,46,58,43,44,42,28,23,18,3180.0,139
3180,BALWYN_RD S of DONCASTER_RD,046 E03,-37.79635,145.08352,17052,508,5,1,2006-10-12 00:15:00,8,13,5,4,1,2,6,5,2,1,3,0,2,1,1,1,6,9,10,2,2,12,6,18,14,21,29,28,53,69,84,91,115,129,190,186,122,104,90,95,89,97,96,88,85,80,97,99,96,106,105,94,70,106,97,104,107,97,127,121,126,179,194,173,184,191,196,166,225,230,220,208,211,167,153,128,124,117,90,81,94,63,74,66,73,74,57,62,49,27,50,36,39,27,26,9,3180.0,153
3180,BALWYN_RD S of DONCASTER_RD,046 E03,-37.79635,145.08352,17052,508,5,1,2006-10-13 00:15:00,11,13,5,6,1,6,7,3,3,2,4,5,3,1,4,1,3,3,1,6,8,2,8,12,21,15,30,25,36,68,76,83,135,159,199,186,109,134,107,82,73,103,90,88,85,112,114,98,91,105,92,92,98,105,92,96,94,127,119,122,139,142,215,185,193,170,153,153,209,232,197,212,217,192,173,150,149,96,126,81,66,67,42,56,47,62,57,54,59,51,51,41,50,37,41,28,3180.0,144
3180,BALWYN_RD S of DONCASTER_RD,046 E03,-37.79635,145.08352,17052,508,5,1,2006-10-14 00:15:00,35,40,29,28,14,14,8,6,3,5,6,4,5,6,5,3,1,5,9,8,3,6,5,6,7,18,11,18,14,26,28,46,44,58,65,81,79,86,115,114,130,136,137,145,144,133,133,143,139,131,140,141,127,145,122,126,117,120,96,101,129,119,137,121,115,111,127,140,126,165,110,143,129,124,111,120,101,83,68,73,55,56,59,54,72,52,54,45,42,48,67,38,34,50,35,32,3180.0,54
3180,BALWYN_RD S of DONCASTER_RD,046 E03,-37.79635,145.08352,17052,508,5,1,2006-10-15 00:15:00,38,40,34,17,22,19,13,17,13,9,10,8,10,5,12,8,7,4,5,3,8,6,4,8,7,5,9,18,11,18,21,6,7,29,26,40,39,62,72,70,70,98,79,105,86,72,76,121,115,115,101,113,100,95,92,94,99,99,85,114,96,97,98,105,115,85,103,94,122,99,107,96,89,88,89,79,62,52,58,31,32,46,43,39,54,45,34,33,33,28,33,20,20,12,10,13,3180.0,39
3180,BALWYN_RD S of DONCASTER_RD,046 E03,-37.79635,145.08352,17052,508,5,1,2006-10-16 00:15:00,5,10,11,4,6,5,2,2,2,2,1,3,3,2,1,1,2,2,1,3,8,9,7,8,11,20,27,26,49,56,77,78,122,157,205,190,133,100,100,82,73,93,76,88,85,91,83,95,96,110,104,93,87,98,106,91,96,97,88,116,126,172,194,173,217,162,198,188,199,211,214,207,215,165,133,133,113,91,92,56,72,50,71,57,72,50,40,44,48,30,27,20,21,19,14,7,3180.0,133
3180,BALWYN_RD S of DONCASTER_RD,046 E03,-37.79635,145.08352,17052,508,5,1,2006-10-17 00:15:00,11,6,5,3,3,3,4,2,3,2,2,2,1,2,1,3,2,2,1,6,5,10,3,7,12,21,24,21,52,43,70,115,115,150,197,203,106,90,94,82,73,90,88,95,85,99,90,95,96,100,95,101,98,103,106,117,99,102,121,116,134,159,206,232,140,206,176,213,213,199,210,208,211,198,140,110,162,111,70,89,73,59,60,54,54,52,51,54,44,45,35,39,32,25,11,19,3180.0,113
3180,BALWYN_RD S of DONCASTER_RD,046 E03,-37.79635,145.08352,17052,508,5,1,2006-10-18 00:15:00,19,14,11,8,3,5,6,3,6,3,4,7,2,3,1,1,2,2,3,4,4,8,5,15,12,14,16,36,44,60,86,89,121,134,198,190,136,106,86,94,74,82,85,88,85,88,101,99,105,107,85,121,81,102,100,110,72,101,97,112,116,150,194,185,205,184,168,179,221,187,229,209,223,174,172,113,128,98,81,85,72,68,71,58,56,58,50,58,47,58,39,46,42,23,26,14,3180.0,146
3180,BALWYN_RD S of DONCASTER_RD,046 E03,-37.79635,145.08352,17052,508,5,1,2006-10-19 00:15:00,19,15,5,5,4,4,3,6,3,2,3,2,4,2,2,1,3,3,2,6,3,9,10,18,16,18,23,25,31,51,81,81,130,153,176,198,115,130,81,82,73,102,92,99,78,91,114,112,107,96,109,91,83,88,90,103,105,89,119,132,155,186,186,164,192,186,168,188,189,211,205,208,203,174,159,133,113,99,95,91,97,64,69,68,50,76,52,65,60,45,55,70,34,27,20,18,3180.0,132
3180,BALWYN_RD S of DONCASTER_RD,046 E03,-37.79635,145.08352,17052,508,5,1,2006-10-20 00:15:00,13,21,14,7,6,4,3,4,4,3,2,4,1,2,1,3,3,1,5,5,3,7,7,14,14,20,19,33,34,47,60,106,121,135,172,198,133,129,86,82,73,102,81,85,80,95,137,93,100,116,97,91,83,119,109,85,101,124,128,87,125,139,178,161,191,175,185,172,203,193,191,208,211,203,165,154,128,123,113,98,60,71,61,50,51,59,40,52,55,50,52,84,56,31,25,26,3180.0,107
3180,BALWYN_RD S of DONCASTER_RD,046 E03,-37.79635,145.08352,17052,508,5,1,2006-10-21 00:15:00,22,21,16,14,16,9,11,11,5,7,3,4,4,4,1,5,1,4,6,6,7,8,8,6,13,19,16,17,23,23,24,48,54,56,59,81,71,99,80,106,114,116,97,151,110,113,141,148,143,139,140,166,153,148,101,134,100,125,117,101,124,113,113,138,119,119,139,136,134,129,117,140,120,108,99,92,89,98,78,60,52,79,55,52,62,48,39,41,43,36,56,38,60,50,30,46,3180.0,47
3180,BALWYN_RD S of DONCASTER_RD,046 E03,-37.79635,145.08352,17052,508,5,1,2006-10-22 00:15:00,42,43,20,21,23,21,12,14,12,13,7,10,6,6,6,4,6,4,6,5,2,4,4,8,8,7,12,8,7,12,14,13,34,28,26,42,42,53,75,84,66,75,100,87,73,92,73,125,96,97,100,120,111,114,104,100,85,100,92,87,108,92,120,107,112,116,79,80,115,114,91,96,107,102,70,79,74,74,59,31,32,60,45,45,47,46,29,43,38,27,27,30,29,16,12,15,3180.0,26
3180,BALWYN_RD S of DONCASTER_RD,046 E03,-37.79635,145.08352,17052,508,5,1,2006-10-23 00:15:00,11,20,6,7,6,6,2,2,4,2,1,3,1,1,0,0,3,2,2,3,4,10,6,16,8,23,21,32,28,49,86,91,115,135,175,174,109,100,103,82,73,104,85,92,85,90,102,112,106,100,72,91,83,98,88,92,94,78,118,95,130,153,194,181,197,163,159,168,206,196,240,208,211,156,142,107,122,86,61,69,78,67,51,63,51,41,36,38,32,37,44,23,14,10,10,15,3180.0,135
3180,BALWYN_RD S of DONCASTER_RD,046 E03,-37.79635,145.08352,17052,508,5,1,2006-10-24 00:15:00,7,8,1,2,3,3,1,2,2,2,1,2,2,2,1,2,2,2,4,3,3,8,5,8,12,25,24,38,34,55,88,94,117,152,183,186,141,96,82,98,84,83,79,88,104,94,87,87,104,116,93,117,80,106,90,110,93,95,104,144,117,172,194,173,196,189,144,188,199,213,239,208,223,169,158,138,93,122,82,65,71,58,63,60,58,68,51,48,56,45,39,36,26,26,18,12,3180.0,143
3180,BALWYN_RD S of DONCASTER_RD,046 E03,-37.79635,145.08352,17052,508,5,1,2006-10-25 00:15:00,16,11,8,6,5,5,3,1,3,2,2,6,2,2,2,2,2,3,2,2,1,6,7,13,17,23,18,30,34,48,90,94,106,141,190,176,136,117,88,89,73,90,88,88,85,74,102,79,122,89,95,86,84,123,98,100,109,82,120,116,126,176,168,173,169,207,171,192,203,203,230,207,216,175,159,151,119,86,76,71,73,54,68,54,66,77,53,65,39,50,46,30,35,18,9,9,3180.0,138
3180,BALWYN_RD S of DONCASTER_RD,046 E03,-37.79635,145.08352,17052,508,5,1,2006-10-26 00:15:00,8,13,9,8,6,3,4,1,5,2,1,1,4,1,2,1,1,2,3,2,5,7,7,15,13,18,25,26,35,59,66,91,119,154,178,202,114,110,83,82,108,95,75,88,85,92,106,102,91,108,104,99,120,101,89,96,109,93,120,125,132,148,197,189,201,187,173,178,217,207,207,213,211,188,187,148,128,120,87,105,89,75,68,72,71,68,51,54,53,43,37,41,18,31,22,22,3180.0,125
3180,BALWYN_RD S of DONCASTER_RD,046 E03,-37.79635,145.08352,17052,508,5,1,2006-10-27 00:15:00,19,10,6,6,7,3,3,1,3,5,1,5,3,1,1,1,1,7,9,4,3,6,5,9,15,23,27,37,31,57,70,78,110,148,198,186,118,106,92,82,73,86,91,88,85,99,89,96,110,84,115,126,83,123,84,94,80,115,113,114,146,162,194,193,188,172,184,180,175,216,208,208,211,207,157,114,149,105,102,102,61,60,59,72,65,63,59,51,40,52,43,43,51,48,35,27,3180.0,127
3180,BALWYN_RD S of DONCASTER_RD,046 E03,-37.79635,145.08352,17052,508,5,1,2006-10-28 00:15:00,19,30,19,13,13,7,8,8,8,3,5,5,6,3,2,2,3,1,3,8,3,7,7,14,6,19,16,21,20,19,21,36,51,53,62,112,78,110,90,121,119,109,140,107,117,138,141,154,148,121,138,127,127,152,167,91,85,149,115,139,137,126,136,117,126,124,124,116,109,127,138,101,111,133,107,93,81,88,68,36,27,58,41,58,51,36,52,44,38,39,37,49,51,45,46,48,3180.0,40
3180,BALWYN_RD S of DONCASTER_RD,046 E03,-37.79635,145.08352,17052,508,5,1,2006-10-29 00:15:00,39,41,27,34,22,11,9,12,10,9,8,7,10,8,10,12,7,9,7,4,6,3,4,11,3,4,6,12,13,18,8,12,14,17,28,39,41,57,51,90,67,59,70,63,89,89,90,95,91,85,105,96,118,112,85,85,98,81,84,94,100,105,111,103,110,108,80,109,112,111,121,86,100,108,87,74,64,66,54,31,42,59,47,49,41,40,41,45,34,43,27,29,20,26,17,16,3180.0,26
3180,BALWYN_RD S of DONCASTER_RD,046 E03,-37.79635,145.08352,17052,508,5,1,2006-10-30 00:15:00,13,7,11,5,7,3,7,3,1,2,3,2,1,2,1,1,2,2,3,8,2,7,4,8,9,18,21,25,41,57,81,80,103,153,198,186,129,98,84,77,86,92,76,88,85,87,95,95,96,105,115,91,83,90,101,108,95,97,113,120,126,170,207,185,192,187,188,184,199,204,199,222,183,172,149,132,120,97,70,73,73,44,65,70,58,38,32,48,45,43,31,22,26,14,21,11,3180.0,138
3180,BALWYN_RD S of DONCASTER_RD,046 E03,-37.79635,145.08352,17052,508,5,1,2006-10-31 00:15:00,22,10,4,9,9,3,9,2,1,2,0,2,1,0,0,1,0,4,3,4,5,5,8,10,10,17,26,29,39,52,69,83,112,145,156,205,120,95,98,98,104,101,96,94,92,90,91,107,84,121,98,103,97,101,73,101,99,108,131,108,120,136,190,176,226,175,198,208,189,216,220,188,216,192,164,160,108,106,86,82,86,70,64,65,60,68,69,52,46,53,30,33,23,27,17,14,3180.0,121
3180,DONCASTER_RD W of BALWYN_RD,046 E03,-37.79618,145.08328,5950,508,7,1,2006-10-01 00:15:00,22,29,25,21,12,15,14,15,7,11,10,10,5,7,9,8,5,5,5,3,5,6,3,2,5,2,6,6,7,7,9,7,12,12,22,36,20,25,39,38,43,63,45,53,51,45,92,86,101,77,94,66,92,66,110,102,120,95,101,82,57,99,60,62,94,56,72,107,66,70,56,52,52,56,43,48,36,35,25,24,27,23,24,31,30,25,32,23,18,22,18,15,9,12,8,6,3180.0,16
3180,DONCASTER_RD W of BALWYN_RD,046 E03,-37.79618,145.08328,5950,508,7,1,2006-10-02 00:15:00,2,4,4,3,1,3,7,3,1,3,1,5,0,3,1,3,2,1,4,6,1,5,3,3,7,6,13,15,20,47,43,28,48,62,76,73,108,91,56,75,82,58,102,101,84,115,104,111,125,108,111,101,96,104,125,120,101,94,83,91,121,120,149,140,128,138,141,164,122,130,179,174,165,155,143,101,118,116,99,105,78,46,45,88,42,51,42,55,33,28,37,35,19,23,17,12,3180.0,90
3180,DONCASTER_RD W of BALWYN_RD,046 E03,-37.79618,145.08328,5950,508,7,1,2006-10-03 00:15:00,10,17,12,8,6,2,8,4,3,3,3,2,5,1,1,3,3,5,5,11,7,15,12,15,18,27,35,43,45,65,50,57,79,104,116,128,112,89,93,58,86,95,102,101,93,114,101,96,105,116,112,115,124,107,100,104,110,115,116,109,111,134,151,154,145,137,154,157,160,172,179,174,165,155,125,132,118,116,99,84,85,75,51,62,64,66,61,76,47,51,41,38,42,26,29,20,3180.0,115
3180,DONCASTER_RD W of BALWYN_RD,046 E03,-37.79618,145.08328,5950,508,7,1,2006-10-04 00:15:00,18,9,9,10,12,10,7,6,9,4,7,2,3,1,7,5,4,10,5,9,5,9,8,15,16,21,27,42,45,54,65,70,73,97,108,127,108,79,81,88,77,84,119,101,93,109,118,128,97,115,133,116,119,112,97,98,95,97,122,118,127,138,151,154,146,156,142,168,175,162,146,174,165,176,142,132,118,121,82,105,85,76,66,66,65,57,61,61,60,60,55,68,32,23,32,15,3180.0,119
3180,DONCASTER_RD W of BALWYN_RD,046 E03,-37.79618,145.08328,5950,508,7,1,2006-10-05 00:15:00,18,10,16,6,6,9,7,8,8,9,5,6,6,21,3,6,2,1,3,12,20,5,16,12,25,17,17,11,28,33,41,45,71,89,77,99,74,70,86,85,86,79,88,101,93,70,101,122,114,100,84,115,124,117,117,120,115,129,122,118,127,147,158,186,163,148,160,173,172,172,160,180,176,169,138,133,93,90,99,95,77,89,71,74,69,63,48,60,28,29,62,28,57,26,31,28,3180.0,74
3180,DONCASTER_RD W of BALWYN_RD,046 E03,-37.79618,145.08328,5950,508,7,1,2006-10-06 00:15:00,8,10,19,6,3,3,3,4,7,7,5,7,2,2,2,7,7,6,5,11,5,11,14,18,18,19,38,48,47,57,68,70,73,89,109,118,108,77,65,85,62,95,102,101,93,114,101,122,114,111,123,111,112,106,116,113,94,96,99,118,127,143,151,174,177,132,154,169,150,160,152,169,178,142,147,132,118,147,106,105,85,45,68,34,32,75,39,40,32,37,26,34,24,33,32,44,3180.0,125
3180,DONCASTER_RD W of BALWYN_RD,046 E03,-37.79618,145.08328,5950,508,7,1,2006-10-07 00:15:00,47,31,41,21,25,22,30,22,8,12,10,12,21,11,18,9,8,14,1,10,11,14,14,5,3,9,11,21,31,25,31,57,48,71,102,87,101,62,86,76,73,81,92,112,134,142,162,146,111,114,112,102,81,113,141,42,44,119,131,120,113,125,131,126,141,123,119,98,116,127,135,108,106,109,103,103,84,61,46,15,17,34,45,46,31,42,47,48,47,68,63,34,66,38,104,53,3180.0,56
3180,DONCASTER_RD W of BALWYN_RD,046 E03,-37.79618,145.08328,5950,508,7,1,2006-10-08 00:15:00,32,42,46,76,60,42,17,18,17,11,11,11,29,16,43,56,5,12,15,13,4,13,13,13,8,7,12,17,7,19,21,0,0,25,37,48,44,60,35,46,66,51,58,49,59,75,134,147,93,73,53,60,89,129,98,112,123,96,99,84,119,87,71,90,79,48,73,118,64,76,61,90,66,56,63,47,40,65,42,63,48,37,40,25,30,31,13,21,37,36,41,28,30,25,48,29,3180.0,40
3180,DONCASTER_RD W of BALWYN_RD,046 E03,-37.79618,145.08328,5950,508,7,1,2006-10-09 00:15:00,16,13,19,3,15,7,1,5,2,5,0,1,1,8,2,4,3,3,3,9,4,6,13,3,16,13,22,46,41,61,81,58,80,99,112,118,108,89,97,85,86,58,102,101,93,114,76,122,114,122,114,115,124,85,108,90,99,93,110,108,127,96,145,154,146,138,154,157,137,172,179,146,162,133,105,94,118,85,99,105,85,57,68,88,44,47,52,70,26,38,35,38,24,23,17,22,3180.0,142
3180,DONCASTER_RD W of BALWYN_RD,046 E03,-37.79618,145.08328,5950,508,7,1,2006-10-10 00:15:00,6,12,10,5,8,8,4,4,5,6,0,6,7,2,5,5,7,7,0,24,1,10,8,17,6,11,9,46,55,50,68,70,73,73,88,116,86,70,64,66,86,95,102,101,93,95,102,95,108,104,109,115,124,108,112,128,102,112,116,92,91,142,151,154,146,130,132,157,160,169,187,174,165,176,133,134,118,116,99,105,85,105,73,61,73,42,50,57,43,46,62,55,24,32,24,10,3180.0,118
3180,DONCASTER_RD W of BALWYN_RD,046 E03,-37.79618,145.08328,5950,508,7,1,2006-10-11 00:15:00,21,14,7,4,9,11,13,5,15,15,8,23,6,6,3,31,26,8,2,2,4,11,8,8,7,17,9,51,43,58,67,70,73,78,125,111,108,94,69,85,86,80,65,101,93,114,101,122,114,122,110,115,114,104,115,92,94,108,117,108,130,135,174,151,153,137,150,169,167,166,157,170,153,143,149,132,118,99,85,68,72,58,49,34,53,81,72,62,56,48,57,43,41,41,34,21,3180.0,125
3180,DONCASTER_RD W of BALWYN_RD,046 E03,-37.79618,145.08328,5950,508,7,1,2006-10-12 00:15:00,29,22,11,10,6,7,7,5,7,3,3,4,11,5,7,11,23,23,6,8,6,13,4,13,19,42,21,19,26,48,50,41,53,83,105,118,113,83,68,70,94,101,97,101,93,110,124,108,115,105,123,109,96,117,124,85,122,116,100,111,127,122,154,163,123,127,149,169,172,157,167,174,165,153,125,121,112,129,90,85,78,72,85,81,58,78,75,45,57,68,45,45,49,40,39,19,3180.0,98
3180,DONCASTER_RD W of BALWYN_RD,046 E03,-37.79618,145.08328,5950,508,7,1,2006-10-13 00:15:00,25,15,19,14,5,15,5,6,10,9,5,5,10,5,9,10,9,2,6,10,5,3,9,20,9,25,36,55,52,65,63,70,86,103,125,111,84,110,73,85,86,115,111,121,104,99,116,113,131,121,88,115,111,114,105,98,95,118,103,116,124,138,151,181,159,153,140,157,160,162,179,192,165,155,158,139,128,107,105,105,83,73,85,59,59,49,52,57,42,58,62,60,51,54,60,37,3180.0,128
3180,DONCASTER_RD W of BALWYN_RD,046 E03,-37.79618,145.08328,5950,508,7,1,2006-10-14 00:15:00,43,41,32,30,28,21,18,17,14,19,15,10,8,14,11,12,12,10,11,9,6,12,11,13,13,7,14,24,31,20,34,55,60,46,87,99,96,107,123,132,114,100,127,142,126,149,146,165,123,145,167,159,146,139,146,102,44,139,119,88,107,102,115,128,134,132,95,125,102,126,125,118,99,117,72,75,80,56,38,48,34,36,29,32,37,25,30,26,41,29,35,31,33,26,30,46,3180.0,54
3180,DONCASTER_RD W of BALWYN_RD,046 E03,-37.79618,145.08328,5950,508,7,1,2006-10-15 00:15:00,23,31,31,43,18,16,15,23,16,14,15,27,34,18,14,11,12,12,14,12,10,13,9,12,12,6,15,6,13,20,24,0,0,25,17,48,37,40,45,63,54,78,80,57,51,71,59,184,110,131,106,84,100,113,140,93,127,95,117,80,96,116,91,93,109,124,112,97,90,111,68,60,54,67,62,60,47,34,28,0,0,22,18,42,49,45,45,52,22,25,30,35,22,28,7,17,3180.0,44
3180,DONCASTER_RD W of BALWYN_RD,046 E03,-37.79618,145.08328,5950,508,7,1,2006-10-16 00:15:00,10,15,8,7,7,5,3,5,5,6,4,4,1,3,3,4,1,4,8,4,11,5,8,8,6,32,36,37,45,55,65,68,64,90,102,81,93,82,86,85,86,88,108,101,93,110,89,122,114,86,113,80,115,110,107,95,108,90,99,118,127,109,119,135,146,109,154,157,160,135,179,174,127,169,145,132,118,103,76,97,78,75,106,55,65,94,49,35,46,53,21,19,33,20,26,19,3180.0,120
3180,DONCASTER_RD W of BALWYN_RD,046 E03,-37.79618,145.08328,5950,508,7,1,2006-10-17 00:15:00,16,17,7,4,6,6,2,4,23,4,4,8,20,0,13,10,1,2,11,2,2,3,6,17,13,33,37,46,67,61,74,54,69,102,94,122,94,64,68,85,86,96,98,101,104,109,119,122,114,96,92,102,124,85,106,105,109,102,116,118,127,146,146,154,120,145,154,164,163,172,179,174,165,155,133,107,118,116,99,105,85,43,68,65,66,54,66,62,61,67,55,30,30,29,34,28,3180.0,135
3180,DONCASTER_RD W of BALWYN_RD,046 E03,-37.79618,145.08328,5950,508,7,1,2006-10-18 00:15:00,33,22,11,15,14,5,6,4,10,10,7,3,0,3,6,3,3,3,12,6,8,12,7,8,10,13,11,35,60,42,63,62,88,100,123,128,90,92,85,79,64,79,105,101,93,114,89,94,114,122,114,108,124,107,93,98,95,110,98,117,143,125,160,131,134,169,159,153,171,172,146,174,165,155,133,132,118,116,99,105,85,60,68,43,49,39,42,70,34,36,62,25,20,34,34,29,3180.0,105
3180,DONCASTER_RD W of BALWYN_RD,046 E03,-37.79618,145.08328,5950,508,7,1,2006-10-19 00:15:00,25,24,17,3,5,7,13,37,15,15,10,9,16,4,14,22,18,23,15,9,11,13,14,16,7,27,50,45,50,49,57,52,80,84,111,123,117,84,57,85,86,74,102,101,93,83,132,125,87,122,114,115,124,139,106,133,119,133,115,121,113,128,165,118,146,138,154,136,160,172,179,168,150,179,133,132,118,116,99,105,85,75,47,68,41,52,64,49,57,60,57,46,57,34,36,36,3180.0,106
3180,DONCASTER_RD W of BALWYN_RD,046 E03,-37.79618,145.08328,5950,508,7,1,2006-10-20 00:15:00,21,8,16,13,5,5,8,13,4,8,3,7,1,5,9,13,3,6,1,8,3,3,10,14,9,29,45,47,67,43,53,70,88,98,108,127,131,90,88,85,86,108,103,110,119,114,101,122,90,122,121,115,124,83,90,86,75,120,136,87,93,116,152,144,118,138,154,141,160,145,179,174,165,126,133,132,118,116,99,75,69,43,46,65,62,75,72,40,47,33,40,37,41,42,37,26,3180.0,96
3180,DONCASTER_RD W of BALWYN_RD,046 E03,-37.79618,145.08328,5950,508,7,1,2006-10-21 00:15:00,29,26,41,24,29,8,8,17,17,13,11,18,11,11,14,5,17,10,7,7,10,7,10,12,7,14,13,12,37,22,55,59,51,38,62,65,96,85,94,96,62,100,106,81,119,121,158,147,117,113,132,127,88,90,99,85,88,95,100,86,81,113,94,116,101,107,95,114,109,105,124,112,102,108,93,86,67,60,46,31,17,31,25,45,38,31,43,33,31,45,22,25,62,76,54,59,3180.0,77
3180,DONCASTER_RD W of BALWYN_RD,046 E03,-37.79618,145.08328,5950,508,7,1,2006-10-22 00:15:00,54,46,38,46,45,31,25,32,26,15,17,25,10,10,22,12,12,12,11,14,7,14,12,4,6,8,12,14,16,16,19,27,14,28,17,29,30,39,52,79,36,60,67,65,61,72,84,150,66,102,85,103,74,72,53,80,68,95,53,61,73,80,67,63,89,62,83,62,85,92,67,69,68,69,46,44,101,76,30,0,0,29,37,57,43,25,21,15,19,16,15,14,13,10,5,6,3180.0,35
3180,DONCASTER_RD W of BALWYN_RD,046 E03,-37.79618,145.08328,5950,508,7,1,2006-10-23 00:15:00,4,2,8,18,13,10,28,1,1,3,1,2,3,3,0,4,3,11,8,11,3,4,5,7,7,17,40,49,63,64,67,70,73,83,79,93,100,96,55,85,86,95,80,85,87,114,84,89,114,102,100,115,124,107,105,98,90,100,79,105,129,152,119,171,138,126,151,167,192,169,179,174,165,155,133,132,86,116,99,105,54,67,83,65,55,62,57,48,50,55,47,28,19,11,24,21,3180.0,131
3180,DONCASTER_RD W of BALWYN_RD,046 E03,-37.79618,145.08328,5950,508,7,1,2006-10-24 00:15:00,25,10,16,2,9,7,3,15,20,7,11,23,8,23,17,10,2,1,1,3,9,8,8,12,10,13,19,25,58,31,40,40,66,72,115,111,88,84,62,67,58,79,102,66,82,114,101,122,114,122,87,115,97,94,104,122,94,104,128,112,135,142,172,154,131,131,174,126,160,166,179,167,136,155,133,103,120,102,86,105,63,72,68,70,64,73,62,66,60,70,57,41,27,30,26,29,3180.0,71
3180,DONCASTER_RD W of BALWYN_RD,046 E03,-37.79618,145.08328,5950,508,7,1,2006-10-25 00:15:00,26,15,23,9,13,18,6,4,5,10,3,6,3,1,3,7,3,2,4,5,8,10,9,11,16,22,41,48,56,58,67,70,79,109,104,132,112,105,97,85,93,86,113,101,93,115,112,112,117,102,103,115,124,107,79,75,95,110,112,118,127,122,154,154,128,138,154,157,160,172,179,174,165,155,133,132,107,109,104,105,85,80,54,59,65,57,65,56,52,51,48,68,46,22,31,23,3180.0,125
3180,DONCASTER_RD W of BALWYN_RD,046 E03,-37.79618,145.08328,5950,508,7,1,2006-10-26 00:15:00,15,16,17,15,9,10,6,11,7,14,5,4,4,8,14,3,2,4,10,7,5,15,14,25,15,23,39,52,52,46,65,70,90,100,109,138,120,112,83,96,123,80,78,101,93,114,127,81,95,122,114,115,86,107,107,117,95,86,112,139,96,141,143,140,115,127,122,123,160,142,179,206,165,155,133,132,118,116,72,66,93,68,44,53,37,50,45,63,55,42,26,47,46,36,29,9,3180.0,111
3180,DONCASTER_RD W of BALWYN_RD,046 E03,-37.79618,145.08328,5950,508,7,1,2006-10-27 00:15:00,20,18,16,15,13,12,3,6,6,10,2,3,4,9,6,2,7,2,10,5,5,7,6,14,14,23,28,47,55,60,59,77,87,98,123,118,82,97,86,85,86,84,102,101,93,114,101,96,92,122,91,115,124,107,92,78,78,110,112,118,98,115,150,123,142,138,154,138,160,172,151,174,165,155,121,116,99,116,76,105,85,52,57,49,62,55,60,78,52,60,60,67,57,49,49,42,3180.0,119
3180,DONCASTER_RD W of BALWYN_RD,046 E03,-37.79618,145.08328,5950,508,7,1,2006-10-28 00:15:00,38,28,31,34,19,17,24,27,17,17,13,19,11,10,18,9,4,9,14,4,8,4,10,18,9,15,14,17,29,28,40,59,46,54,98,83,97,103,103,121,93,100,111,92,113,134,143,148,141,144,152,143,135,145,125,42,44,114,148,123,116,113,134,107,121,92,85,131,109,129,124,117,119,128,97,60,85,74,60,15,17,39,59,56,63,40,52,44,63,60,51,54,76,54,55,62,3180.0,68
3180,DONCASTER_RD W of BALWYN_RD,046 E03,-37.79618,145.08328,5950,508,7,1,2006-10-29 00:15:00,39,38,34,49,31,23,31,23,16,14,15,12,19,25,19,19,19,12,16,8,8,16,12,19,6,13,6,14,13,12,9,20,19,24,26,36,46,48,64,78,83,44,38,53,51,55,100,80,136,101,103,123,96,95,122,120,118,114,104,93,98,111,107,79,99,101,126,125,87,88,96,105,67,78,54,42,53,64,54,26,40,23,46,46,48,28,22,19,15,24,13,18,17,16,16,20,3180.0,21
3180,DONCASTER_RD W of BALWYN_RD,046 E03,-37.79618,145.08328,5950,508,7,1,2006-10-30 00:15:00,18,16,15,12,9,8,10,7,5,3,3,6,2,3,1,6,5,5,6,3,8,8,9,9,16,17,32,37,44,74,63,54,87,72,118,117,108,94,64,77,86,95,78,88,118,80,109,122,114,98,107,115,124,84,135,102,100,118,106,134,112,130,168,154,146,173,158,172,157,172,182,178,174,155,139,132,118,97,99,105,85,75,46,95,54,75,55,70,56,54,38,55,57,32,18,23,3180.0,137
3180,DONCASTER_RD W of BALWYN_RD,046 E03,-37.79618,145.08328,5950,508,7,1,2006-10-31 00:15:00,19,18,9,12,3,10,2,4,8,5,4,1,1,3,4,2,4,3,8,7,7,6,12,14,10,23,33,49,45,62,74,72,78,95,108,140,121,115,75,60,81,74,102,71,84,114,101,112,114,122,125,122,94,120,106,108,121,113,98,144,108,151,151,154,124,169,148,158,165,179,194,174,165,151,152,103,96,84,99,72,85,75,68,65,62,75,45,64,56,36,46,45,28,16,20,19,3180.0,136
4030,BURKE_RD S of DONCASTER_RD,045 K02,-37.79561,145.06251,16625,373,5,1,2006-10-01 00:15:00,96,96,59,67,68,44,36,34,29,30,27,30,28,26,38,21,25,12,12,9,27,16,22,22,39,36,60,37,39,53,66,39,76,91,88,108,97,121,147,138,173,163,165,188,180,161,195,191,223,229,206,243,214,203,211,227,238,225,260,227,242,210,208,220,244,206,209,212,222,254,253,244,177,187,203,204,163,138,128,113,134,124,97,85,114,164,131,115,139,95,64,72,50,67,42,51,4030.0,119
4030,BURKE_RD S of DONCASTER_RD,045 K02,-37.79561,145.06251,16625,373,5,1,2006-10-02 00:15:00,34,45,29,15,14,22,13,12,15,15,9,15,9,6,12,7,7,14,20,9,19,19,32,35,51,91,117,133,170,221,229,291,223,284,231,257,203,232,246,206,213,233,254,216,199,202,190,224,200,214,222,221,255,257,228,200,252,247,279,231,239,254,246,204,283,296,303,309,260,279,312,284,321,245,233,214,182,214,152,169,140,108,117,127,156,133,120,135,126,120,93,52,51,43,41,34,4030.0,450
4030,BURKE_RD S of DONCASTER_RD,045 K02,-37.79561,145.06251,16625,373,5,1,2006-10-03 00:15:00,45,23,23,15,7,11,14,6,11,7,11,8,8,6,7,6,17,10,15,14,25,29,36,38,52,112,142,140,162,213,261,258,275,260,269,210,233,224,297,264,189,274,285,218,250,215,237,226,211,225,210,237,213,214,231,194,185,260,309,225,255,255,259,249,281,294,286,293,290,306,252,317,280,286,302,250,257,261,232,199,193,158,193,162,147,165,154,206,155,157,112,101,80,80,71,46,4030.0,474
4030,BURKE_RD S of DONCASTER_RD,045 K02,-37.79561,145.06251,16625,373,5,1,2006-10-04 00:15:00,31,38,28,21,25,14,18,17,22,14,15,24,18,10,20,12,13,15,16,13,29,24,36,40,66,76,137,132,177,222,273,291,260,284,279,251,267,202,266,211,223,210,259,221,240,235,254,238,255,213,188,237,205,209,239,224,220,249,227,174,242,267,242,265,301,330,286,309,288,289,298,290,317,280,252,250,246,186,198,186,192,198,150,178,212,179,166,170,179,144,114,107,111,63,54,65,4030.0,495
4030,BURKE_RD S of DONCASTER_RD,045 K02,-37.79561,145.06251,16625,373,5,1,2006-10-05 00:15:00,51,35,29,29,27,21,22,8,16,17,12,17,26,17,27,7,10,12,21,19,20,31,34,45,68,85,160,156,135,222,229,266,349,233,285,273,271,233,224,217,227,226,213,223,249,202,242,231,201,256,226,260,225,244,299,224,242,307,258,241,248,235,308,249,309,310,313,287,293,232,301,285,307,277,284,232,280,249,192,218,175,170,155,160,205,185,177,136,145,126,115,117,120,89,84,60,4030.0,451
4030,BURKE_RD S of DONCASTER_RD,045 K02,-37.79561,145.06251,16625,373,5,1,2006-10-06 00:15:00,34,43,45,33,20,20,21,21,28,21,21,10,22,15,19,20,4,7,11,24,17,31,47,46,73,86,139,149,157,201,248,291,212,223,256,223,220,211,257,217,287,225,226,183,243,241,276,238,248,232,248,248,233,275,258,215,238,299,270,241,278,278,280,197,310,309,324,281,318,298,276,293,338,303,291,250,266,220,189,186,178,163,164,137,111,155,144,133,177,158,138,131,130,102,133,86,4030.0,449
4030,BURKE_RD S of DONCASTER_RD,045 K02,-37.79561,145.06251,16625,373,5,1,2006-10-07 00:15:00,105,94,84,82,61,54,52,40,61,40,24,29,18,32,29,15,29,16,21,17,25,24,45,34,66,62,118,76,72,91,99,125,107,105,166,143,182,202,208,238,190,255,244,247,289,275,306,248,367,332,344,342,379,321,358,296,289,324,265,313,289,339,321,389,325,347,348,296,293,393,347,342,330,327,279,269,231,229,237,149,180,177,135,172,140,166,156,141,125,161,122,183,174,161,189,166,4030.0,190
4030,BURKE_RD S of DONCASTER_RD,045 K02,-37.79561,145.06251,16625,373,5,1,2006-10-08 00:15:00,99,135,115,121,91,77,75,57,52,60,44,69,31,33,22,17,24,27,33,19,27,28,38,38,40,25,66,56,58,64,69,39,53,89,100,125,154,158,179,181,199,211,226,197,197,203,211,242,248,243,263,228,236,252,223,219,227,229,246,249,269,274,308,283,266,276,245,215,241,289,252,232,223,195,198,231,187,153,153,136,148,114,121,108,137,124,149,125,112,98,98,85,76,69,42,43,4030.0,133
4030,BURKE_RD S of DONCASTER_RD,045 K02,-37.79561,145.06251,16625,373,5,1,2006-10-09 00:15:00,34,31,28,21,30,22,13,9,9,7,16,8,4,12,12,13,6,13,16,16,20,35,30,53,64,115,123,150,156,237,239,272,250,268,262,251,220,190,263,217,207,227,226,221,192,235,248,216,279,243,268,229,239,209,241,198,227,278,259,258,221,248,260,207,301,279,285,290,270,265,259,266,296,284,252,239,220,223,169,172,157,160,143,130,155,154,128,143,110,95,103,86,59,36,62,39,4030.0,476
4030,BURKE_RD S of DONCASTER_RD,045 K02,-37.79561,145.06251,16625,373,5,1,2006-10-10 00:15:00,32,36,22,19,6,9,15,12,13,24,4,2,10,10,15,8,10,9,14,12,22,26,58,40,64,92,136,143,180,191,251,291,245,262,237,251,231,214,232,217,211,232,270,221,237,251,246,223,246,231,287,173,237,252,256,254,235,271,196,305,228,261,266,265,294,319,299,343,292,305,321,290,336,278,314,284,237,246,208,214,198,159,168,172,184,175,170,160,156,174,125,118,91,86,71,74,4030.0,442
4030,BURKE_RD S of DONCASTER_RD,045 K02,-37.79561,145.06251,16625,373,5,1,2006-10-11 00:15:00,51,51,57,23,31,23,27,21,16,14,11,14,9,11,12,18,17,25,13,12,21,33,49,48,82,94,160,150,190,188,242,291,243,251,265,251,248,234,267,217,201,273,231,229,213,275,270,238,218,225,279,217,231,260,280,284,280,246,251,249,247,232,278,250,276,309,312,330,289,308,283,306,295,289,303,250,280,228,217,184,204,202,183,171,207,186,177,180,212,165,163,135,86,85,69,73,4030.0,430
4030,BURKE_RD S of DONCASTER_RD,045 K02,-37.79561,145.06251,16625,373,5,1,2006-10-12 00:15:00,55,42,38,27,21,28,17,27,36,29,11,20,9,16,17,17,19,10,22,22,23,32,41,81,84,117,156,199,172,260,275,291,266,261,276,276,257,225,244,285,214,213,270,221,230,263,245,232,281,247,203,263,232,259,264,289,270,238,290,293,284,249,235,286,290,302,310,287,302,260,291,290,296,260,260,246,221,220,233,179,196,201,209,166,171,197,175,202,162,149,138,124,142,104,80,77,4030.0,535
4030,BURKE_RD S of DONCASTER_RD,045 K02,-37.79561,145.06251,16625,373,5,1,2006-10-13 00:15:00,66,53,47,52,42,47,17,17,31,34,21,33,20,28,21,22,8,16,9,26,17,27,58,57,84,132,138,156,177,208,251,260,247,238,292,251,245,228,248,217,260,287,261,281,231,257,292,252,272,243,267,249,274,266,277,224,269,256,272,266,241,245,293,281,316,293,286,293,299,301,304,302,301,302,276,238,214,211,204,220,211,163,167,130,142,179,185,169,128,131,164,147,133,131,87,110,4030.0,459
4030,BURKE_RD S of DONCASTER_RD,045 K02,-37.79561,145.06251,16625,373,5,1,2006-10-14 00:15:00,59,89,72,80,60,61,35,32,35,30,40,34,15,32,23,18,22,31,17,29,16,22,41,36,65,64,94,71,71,103,101,157,131,162,187,225,233,183,232,239,209,206,229,263,266,291,319,300,291,281,326,228,265,288,307,302,237,293,281,258,292,286,325,331,318,323,332,318,305,374,303,338,272,261,250,241,194,198,229,202,144,184,141,143,124,155,139,184,168,173,162,183,116,187,144,150,4030.0,204
4030,BURKE_RD S of DONCASTER_RD,045 K02,-37.79561,145.06251,16625,373,5,1,2006-10-15 00:15:00,160,179,118,108,101,84,88,61,65,37,55,34,53,42,35,48,42,37,30,32,33,37,45,34,48,39,61,47,48,42,61,39,93,103,113,143,130,146,184,165,182,189,189,248,228,224,235,223,258,291,260,232,224,299,222,258,244,227,212,254,257,242,236,280,266,306,313,307,289,289,275,296,301,218,258,239,170,180,159,136,182,120,172,148,173,162,173,133,131,107,94,102,64,57,39,54,4030.0,103
4030,BURKE_RD S of DONCASTER_RD,045 K02,-37.79561,145.06251,16625,373,5,1,2006-10-16 00:15:00,44,42,48,27,23,14,14,23,15,16,13,16,6,18,4,0,12,22,12,10,22,26,46,40,79,107,118,133,208,192,248,245,264,227,261,264,251,220,313,217,233,255,209,221,228,194,256,168,227,224,274,246,271,245,277,285,236,298,244,206,301,300,269,255,308,370,332,292,313,291,294,282,259,285,279,250,219,215,221,231,179,201,153,136,209,205,161,165,165,147,119,84,72,82,50,58,4030.0,440
4030,BURKE_RD S of DONCASTER_RD,045 K02,-37.79561,145.06251,16625,373,5,1,2006-10-17 00:15:00,57,37,39,34,29,14,17,7,16,7,23,9,14,12,10,12,12,16,18,27,25,31,63,56,74,100,181,146,185,212,254,252,266,269,278,269,250,251,260,217,213,241,228,233,226,228,238,238,221,221,259,243,238,249,237,242,214,231,236,199,226,212,264,295,316,284,292,273,283,277,256,290,268,292,292,285,224,234,208,230,156,160,149,151,178,171,170,176,171,155,126,158,132,95,77,71,4030.0,466
4030,BURKE_RD S of DONCASTER_RD,045 K02,-37.79561,145.06251,16625,373,5,1,2006-10-18 00:15:00,49,47,39,41,35,14,44,19,28,20,27,27,13,9,21,6,8,23,34,19,18,26,33,53,80,121,159,145,202,272,292,269,300,268,290,270,268,247,265,284,212,276,254,221,222,255,271,274,227,303,276,294,214,263,293,248,267,274,223,292,250,277,276,265,313,318,310,309,274,286,297,303,310,289,311,250,263,207,208,210,192,174,180,208,186,169,164,151,148,155,102,122,94,85,58,61,4030.0,564
4030,BURKE_RD S of DONCASTER_RD,045 K02,-37.79561,145.06251,16625,373,5,1,2006-10-19 00:15:00,63,61,35,27,28,28,20,33,22,14,16,17,13,19,11,4,17,14,18,32,41,32,33,62,63,136,118,165,189,208,249,257,258,273,265,284,213,209,261,217,214,282,209,231,232,203,184,230,250,208,246,237,228,232,267,234,285,237,254,244,274,256,252,290,260,316,273,282,248,309,302,313,279,263,291,250,217,238,195,167,192,210,173,187,211,164,203,140,217,137,136,158,131,86,58,54,4030.0,457
4030,BURKE_RD S of DONCASTER_RD,045 K02,-37.79561,145.06251,16625,373,5,1,2006-10-20 00:15:00,72,42,52,36,30,40,33,21,22,23,21,23,8,25,24,28,14,25,15,29,22,31,50,71,86,155,154,150,202,190,243,257,227,270,279,261,228,272,251,217,274,236,266,280,240,234,255,238,275,298,208,237,279,273,233,272,247,267,299,259,279,285,226,192,308,329,265,328,284,281,334,290,271,289,260,265,262,258,217,212,224,173,186,160,157,194,155,199,207,157,166,142,140,136,135,126,4030.0,433
4030,BURKE_RD S of DONCASTER_RD,045 K02,-37.79561,145.06251,16625,373,5,1,2006-10-21 00:15:00,122,109,127,84,50,70,50,45,32,28,42,29,12,38,21,29,19,25,35,30,18,24,56,43,55,57,94,78,67,93,82,136,153,147,142,202,231,198,227,220,275,265,257,290,221,265,301,248,297,279,329,315,368,340,311,320,283,276,275,328,368,324,292,318,337,291,286,253,311,346,360,278,279,246,312,279,204,216,174,177,161,184,158,146,155,161,152,149,145,164,147,152,214,168,190,137,4030.0,175
4030,BURKE_RD S of DONCASTER_RD,045 K02,-37.79561,145.06251,16625,373,5,1,2006-10-22 00:15:00,165,108,108,68,87,60,52,55,49,49,47,40,39,31,32,37,19,25,21,22,24,30,32,26,33,33,60,34,36,51,55,86,77,80,120,76,127,134,149,165,191,203,198,230,201,185,228,255,269,259,249,288,278,252,283,227,241,220,207,282,213,234,251,253,314,220,289,291,221,248,250,279,282,247,238,208,217,165,151,136,143,151,111,138,137,132,133,101,138,107,83,102,73,76,56,55,4030.0,106
4030,BURKE_RD S of DONCASTER_RD,045 K02,-37.79561,145.06251,16625,373,5,1,2006-10-23 00:15:00,40,48,48,42,21,13,22,4,18,11,12,13,10,14,10,15,14,10,20,26,22,27,64,62,79,119,127,149,179,202,237,291,250,246,251,249,194,255,245,217,268,283,228,216,232,231,215,223,223,219,260,237,248,205,263,293,263,234,243,284,275,277,300,349,306,293,313,328,271,302,348,290,311,271,243,232,242,216,245,187,152,178,156,200,177,179,137,147,158,110,114,107,71,68,56,51,4030.0,439
4030,BURKE_RD S of DONCASTER_RD,045 K02,-37.79561,145.06251,16625,373,5,1,2006-10-24 00:15:00,63,45,33,42,7,17,12,26,17,14,5,7,7,5,8,11,12,15,25,31,21,31,51,55,73,106,144,145,161,168,245,279,239,295,247,307,261,275,239,273,280,218,249,267,210,236,232,236,246,295,255,250,231,261,233,212,226,259,233,247,226,236,260,290,324,311,246,293,298,268,244,288,295,270,291,224,241,234,237,214,168,182,206,179,174,188,172,154,135,140,102,121,97,84,69,58,4030.0,413
4030,BURKE_RD S of DONCASTER_RD,045 K02,-37.79561,145.06251,16625,373,5,1,2006-10-25 00:15:00,46,48,42,30,25,37,23,17,13,14,19,22,18,13,9,16,21,21,20,28,22,19,51,57,57,102,143,181,143,202,239,263,235,227,244,259,255,230,243,247,238,238,225,221,247,202,242,228,214,221,213,223,217,255,253,208,270,254,207,241,267,290,229,285,252,307,312,291,298,311,303,298,283,293,314,269,244,227,193,186,183,188,159,161,162,178,168,173,144,117,109,112,89,77,81,46,4030.0,441
4030,BURKE_RD S of DONCASTER_RD,045 K02,-37.79561,145.06251,16625,373,5,1,2006-10-26 00:15:00,44,45,56,12,39,29,21,16,26,44,17,17,26,17,15,12,31,9,20,30,18,23,50,53,63,132,176,168,199,219,273,300,277,253,300,288,238,203,231,270,235,231,277,221,188,235,244,201,223,206,282,240,259,258,221,251,272,232,251,255,293,269,312,293,310,268,269,254,311,309,304,262,269,316,233,254,211,265,254,192,193,180,199,220,182,201,207,140,187,146,139,122,98,99,99,64,4030.0,492
4030,BURKE_RD S of DONCASTER_RD,045 K02,-37.79561,145.06251,16625,373,5,1,2006-10-27 00:15:00,58,62,49,64,40,27,16,15,16,19,19,10,33,28,19,19,24,17,16,29,27,29,51,70,79,137,138,150,171,212,240,282,252,273,266,288,236,210,264,213,249,221,180,228,248,205,251,233,204,219,292,255,266,225,259,250,244,242,242,244,303,254,282,218,337,301,356,343,285,319,336,230,360,297,290,271,244,216,225,250,177,222,160,162,150,216,196,162,149,158,113,150,177,145,114,89,4030.0,452
4030,BURKE_RD S of DONCASTER_RD,045 K02,-37.79561,145.06251,16625,373,5,1,2006-10-28 00:15:00,97,123,73,83,48,55,49,47,57,40,48,30,28,35,36,21,28,28,15,30,25,30,33,59,48,64,96,88,68,93,94,114,96,178,184,163,185,192,182,259,243,219,284,285,289,274,246,294,306,345,326,321,326,293,316,324,303,346,248,275,336,319,301,302,327,312,281,300,282,332,312,251,283,226,228,207,197,180,196,158,169,159,120,135,116,130,130,128,163,136,152,137,195,157,130,145,4030.0,187
4030,BURKE_RD S of DONCASTER_RD,045 K02,-37.79561,145.06251,16625,373,5,1,2006-10-29 00:15:00,128,178,106,112,64,66,57,57,52,49,47,61,46,38,47,41,31,41,29,22,41,35,32,37,25,40,46,50,53,50,52,75,71,84,105,103,97,104,137,174,138,162,159,170,180,249,178,188,227,255,238,259,261,241,237,214,230,242,241,289,271,238,257,299,266,271,299,250,312,306,279,296,252,264,205,224,190,172,150,159,157,144,127,105,145,142,107,127,109,97,93,108,85,74,62,33,4030.0,102
4030,BURKE_RD S of DONCASTER_RD,045 K02,-37.79561,145.06251,16625,373,5,1,2006-10-30 00:15:00,54,43,33,34,15,29,26,15,21,14,9,16,5,9,12,7,12,18,25,23,25,29,46,30,64,100,134,146,179,174,200,243,242,269,237,256,264,238,210,183,247,213,323,267,226,225,234,238,204,254,254,188,248,206,293,303,333,294,231,324,241,294,288,265,302,291,324,308,343,343,250,327,340,336,318,257,278,243,167,196,170,155,149,193,129,142,126,185,161,120,118,91,84,70,56,51,4030.0,374
4030,BURKE_RD S of DONCASTER_RD,045 K02,-37.79561,145.06251,16625,373,5,1,2006-10-31 00:15:00,41,53,19,23,19,13,19,7,15,15,17,12,21,7,5,10,6,16,19,21,18,23,40,32,64,113,142,153,190,195,270,248,232,237,271,232,188,220,219,268,287,227,190,248,226,258,293,263,212,228,261,204,245,269,259,275,206,264,262,268,240,236,292,305,293,306,291,294,331,301,296,290,309,326,291,301,227,268,210,237,193,215,205,197,194,186,164,193,169,105,154,126,87,86,69,68,4030.0,465
4030,HIGH_ST SW of BURKE_RD,045 K02,-37.79567,145.06111,5486,373,6,1,2006-10-01 00:15:00,38,36,41,37,24,25,22,20,17,33,14,19,60,18,14,17,25,8,9,4,9,6,4,9,9,5,9,8,21,7,18,9,37,19,51,33,36,52,58,47,53,68,80,80,75,61,79,89,79,101,90,79,96,85,71,98,88,85,64,78,75,101,72,95,116,120,76,93,132,108,87,99,97,70,105,75,49,52,34,41,75,42,38,60,54,46,86,43,38,27,45,11,33,18,24,9,4030.0,25
4030,HIGH_ST SW of BURKE_RD,045 K02,-37.79567,145.06111,5486,373,6,1,2006-10-02 00:15:00,27,7,34,5,5,3,10,10,4,8,5,6,3,2,6,2,2,3,2,4,20,6,20,26,40,24,58,90,92,72,92,33,85,101,96,75,91,71,73,75,91,77,64,112,102,82,78,78,79,96,114,111,95,130,111,70,94,87,86,152,116,131,123,136,138,154,117,136,176,204,159,210,164,180,158,129,82,83,84,65,63,64,54,38,78,50,45,37,36,57,55,18,29,42,36,9,4030.0,164
4030,HIGH_ST SW of BURKE_RD,045 K02,-37.79567,145.06111,5486,373,6,1,2006-10-03 00:15:00,6,15,13,9,7,3,8,3,4,2,5,3,4,3,1,0,6,0,3,2,5,28,15,26,46,32,41,84,80,84,71,89,102,110,74,119,112,80,72,55,69,95,67,77,111,83,96,108,72,145,98,96,80,94,88,92,97,109,96,103,133,129,125,164,128,184,158,163,135,204,204,174,204,174,153,129,105,99,82,68,61,50,68,58,76,69,39,46,56,46,47,41,36,31,29,30,4030.0,155
4030,HIGH_ST SW of BURKE_RD,045 K02,-37.79567,145.06111,5486,373,6,1,2006-10-04 00:15:00,17,23,25,5,10,27,15,2,6,3,5,0,4,3,7,0,2,2,2,2,25,6,26,23,30,24,64,47,88,95,72,88,106,105,88,94,69,65,106,98,67,105,84,89,83,116,68,88,100,89,109,63,93,78,97,100,106,139,95,103,128,137,134,133,142,138,158,146,196,145,185,196,191,154,125,132,107,122,71,57,67,66,76,57,72,64,82,62,71,61,40,69,46,40,31,24,4030.0,167
4030,HIGH_ST SW of BURKE_RD,045 K02,-37.79567,145.06111,5486,373,6,1,2006-10-05 00:15:00,27,39,41,15,11,7,8,10,8,3,10,11,18,14,3,5,2,4,3,4,34,17,6,25,44,22,50,84,76,101,85,70,127,116,93,131,88,71,72,75,95,75,85,89,79,78,110,88,133,86,107,96,123,101,90,100,108,114,93,103,120,168,131,160,147,116,168,182,151,216,169,193,202,153,130,189,111,110,109,89,94,74,66,76,75,86,96,41,58,51,64,41,65,24,61,11,4030.0,186
4030,HIGH_ST SW of BURKE_RD,045 K02,-37.79567,145.06111,5486,373,6,1,2006-10-06 00:15:00,22,42,25,12,8,7,13,7,7,9,2,6,8,7,4,4,5,5,3,5,17,6,16,26,12,76,36,55,71,103,64,88,101,106,91,94,112,69,79,75,73,73,88,89,78,128,100,88,105,92,103,87,119,92,92,101,102,87,111,103,127,142,139,136,142,191,159,172,166,206,139,218,158,169,176,132,119,122,95,87,62,100,80,70,50,47,78,82,88,39,86,65,60,57,42,34,4030.0,167
4030,HIGH_ST SW of BURKE_RD,045 K02,-37.79567,145.06111,5486,373,6,1,2006-10-07 00:15:00,49,36,42,34,36,33,53,21,14,11,6,11,9,15,15,11,7,4,8,28,11,26,20,14,11,6,22,15,20,29,53,46,39,48,86,58,62,78,75,57,122,91,116,119,106,81,159,99,150,101,107,106,129,104,98,113,101,101,106,114,94,97,92,85,116,110,119,96,98,113,103,71,79,111,112,71,74,82,57,74,51,42,54,60,46,46,52,60,73,57,78,80,79,92,60,51,4030.0,82
4030,HIGH_ST SW of BURKE_RD,045 K02,-37.79567,145.06111,5486,373,6,1,2006-10-08 00:15:00,71,63,36,43,36,34,27,28,24,28,12,17,16,12,11,8,9,14,10,9,7,7,5,8,7,7,7,4,41,14,25,0,11,35,56,33,53,38,42,54,42,68,66,56,64,87,84,60,80,82,95,73,75,85,108,95,89,83,75,79,88,65,117,86,90,113,86,77,129,94,90,88,85,81,78,108,78,65,60,58,42,71,75,85,57,41,47,40,36,24,41,23,45,21,24,11,4030.0,39
4030,HIGH_ST SW of BURKE_RD,045 K02,-37.79567,145.06111,5486,373,6,1,2006-10-09 00:15:00,38,12,16,6,8,2,4,4,7,1,2,1,5,8,5,1,3,3,3,4,3,23,7,24,24,24,36,46,76,87,93,72,114,100,103,94,70,97,77,33,88,67,80,48,92,97,85,88,71,111,85,115,86,100,97,93,110,100,109,119,138,121,147,136,151,156,147,131,172,204,180,191,215,170,196,114,108,73,74,68,67,56,72,64,63,64,44,32,62,47,25,49,23,41,58,11,4030.0,180
4030,HIGH_ST SW of BURKE_RD,045 K02,-37.79567,145.06111,5486,373,6,1,2006-10-10 00:15:00,38,12,23,2,7,5,6,4,6,6,0,2,3,0,3,1,2,0,2,1,1,24,9,17,25,36,38,69,86,88,82,88,134,94,115,94,91,71,80,75,73,74,87,89,62,82,97,101,77,121,111,89,86,77,98,89,105,97,103,93,133,154,138,136,129,126,160,163,180,194,176,196,191,156,173,163,108,98,92,87,73,80,62,52,84,69,65,52,52,56,43,49,63,35,26,17,4030.0,170
4030,HIGH_ST SW of BURKE_RD,045 K02,-37.79567,145.06111,5486,373,6,1,2006-10-11 00:15:00,32,43,20,5,4,5,9,4,4,3,2,1,0,2,4,0,2,3,3,2,16,3,19,35,56,10,53,52,84,71,80,88,77,110,94,94,63,80,61,75,61,75,86,89,71,112,94,62,81,81,86,87,95,102,99,65,140,94,103,102,131,172,112,148,110,161,143,148,153,204,202,194,176,126,156,132,151,90,107,78,69,73,68,70,88,89,89,64,57,50,40,59,38,51,27,27,4030.0,151
4030,HIGH_ST SW of BURKE_RD,045 K02,-37.79567,145.06111,5486,373,6,1,2006-10-12 00:15:00,15,28,35,11,12,8,6,11,8,7,6,3,23,4,2,1,0,6,3,6,17,1,23,23,29,10,84,55,76,65,63,33,80,134,87,110,94,90,73,87,92,87,92,89,79,113,92,98,61,94,101,93,123,88,121,75,100,91,117,105,134,173,157,121,174,118,158,156,165,211,195,196,176,150,164,118,126,86,118,68,67,87,67,69,82,53,85,48,60,51,55,50,54,61,41,13,4030.0,128
4030,HIGH_ST SW of BURKE_RD,045 K02,-37.79567,145.06111,5486,373,6,1,2006-10-13 00:15:00,16,13,33,13,8,17,5,6,7,2,2,5,5,3,4,4,3,6,4,4,2,29,13,19,64,8,82,76,80,70,101,108,94,139,98,94,104,75,84,75,76,91,85,108,83,77,92,90,105,93,100,84,91,98,101,100,78,86,94,106,151,160,136,146,131,174,167,148,150,198,201,174,191,168,166,137,107,110,79,102,85,56,60,87,68,50,58,72,65,51,51,66,59,50,82,43,4030.0,171
4030,HIGH_ST SW of BURKE_RD,045 K02,-37.79567,145.06111,5486,373,6,1,2006-10-14 00:15:00,58,33,33,36,32,30,38,15,14,10,8,5,6,9,11,8,11,5,9,24,4,26,13,16,7,21,36,31,22,19,59,53,52,75,68,80,51,100,92,54,85,85,101,127,106,121,106,93,123,134,118,132,107,99,102,80,128,101,116,112,94,101,103,115,78,109,102,86,106,117,106,95,82,110,77,96,71,90,60,74,103,44,84,52,62,74,45,91,69,51,44,49,60,43,79,61,4030.0,78
4030,HIGH_ST SW of BURKE_RD,045 K02,-37.79567,145.06111,5486,373,6,1,2006-10-15 00:15:00,35,59,29,38,33,40,16,33,17,11,18,17,23,14,9,4,12,9,9,8,3,11,9,4,8,6,3,9,19,13,28,0,32,14,43,32,43,36,40,45,63,58,64,69,69,88,91,59,71,97,80,80,123,69,83,60,101,74,105,65,88,119,105,70,99,87,86,112,86,116,107,102,94,66,105,66,72,52,50,29,45,34,67,58,52,43,44,41,52,34,34,21,28,16,29,17,4030.0,41
4030,HIGH_ST SW of BURKE_RD,045 K02,-37.79567,145.06111,5486,373,6,1,2006-10-16 00:15:00,39,14,20,5,10,3,6,7,1,5,3,1,1,3,3,2,1,2,3,4,14,6,16,55,23,7,53,76,80,87,120,88,101,110,97,96,121,52,82,75,64,73,84,89,84,95,89,88,96,71,87,108,112,115,83,74,109,92,84,103,118,135,162,129,127,131,146,163,141,202,161,215,193,192,140,169,89,91,89,64,78,63,65,60,63,49,45,42,45,49,26,43,46,27,23,23,4030.0,207
4030,HIGH_ST SW of BURKE_RD,045 K02,-37.79567,145.06111,5486,373,6,1,2006-10-17 00:15:00,15,13,12,6,8,5,4,2,3,4,4,4,1,3,1,1,1,0,1,2,8,12,19,23,16,34,51,58,72,78,115,112,87,86,105,141,104,92,71,75,76,65,119,71,92,126,104,88,126,105,103,93,94,74,105,92,76,114,120,103,138,136,165,120,126,138,142,153,178,178,223,196,230,158,174,161,143,94,75,86,63,75,63,33,111,66,59,69,55,67,34,69,37,33,35,15,4030.0,193
4030,HIGH_ST SW of BURKE_RD,045 K02,-37.79567,145.06111,5486,373,6,1,2006-10-18 00:15:00,47,37,28,10,5,12,6,13,4,5,5,33,7,5,1,2,3,1,1,3,12,2,10,7,40,33,63,70,99,70,86,114,96,114,78,76,116,63,103,81,88,65,82,89,79,104,65,103,107,107,81,97,101,105,107,100,111,107,72,108,129,131,173,119,135,182,171,143,216,192,170,175,208,166,205,132,116,112,82,94,54,62,70,94,55,61,68,52,71,69,38,53,51,43,47,37,4030.0,156
4030,HIGH_ST SW of BURKE_RD,045 K02,-37.79567,145.06111,5486,373,6,1,2006-10-19 00:15:00,33,32,22,12,12,13,13,17,15,6,10,8,20,11,9,3,1,3,5,0,19,4,21,18,68,18,47,51,54,95,119,110,89,116,88,113,75,102,96,75,97,73,77,76,88,95,80,106,104,105,117,96,103,103,87,117,87,112,86,85,103,149,150,165,151,172,148,140,203,173,169,192,165,169,168,132,125,110,87,96,68,95,76,65,79,82,82,57,49,71,43,64,64,75,33,23,4030.0,214
4030,HIGH_ST SW of BURKE_RD,045 K02,-37.79567,145.06111,5486,373,6,1,2006-10-20 00:15:00,32,32,28,9,11,10,16,10,10,6,2,3,10,6,10,1,5,6,1,7,19,4,29,15,32,30,41,52,102,105,82,102,68,126,105,99,91,91,66,75,92,104,70,102,128,103,80,90,97,87,117,96,129,115,144,115,102,94,124,92,106,178,160,162,154,145,182,149,176,169,198,196,196,156,138,130,119,95,108,114,70,58,79,49,116,108,81,61,85,47,50,67,46,63,63,38,4030.0,187
4030,HIGH_ST SW of BURKE_RD,045 K02,-37.79567,145.06111,5486,373,6,1,2006-10-21 00:15:00,56,49,32,20,29,23,40,12,16,15,13,15,11,9,6,5,11,7,13,7,8,18,18,36,31,8,21,34,41,18,48,43,43,45,81,96,57,89,90,77,75,85,98,87,141,83,112,99,139,123,117,135,106,105,100,118,110,126,76,85,102,96,121,114,87,98,110,117,123,109,147,109,93,88,113,68,90,90,93,51,66,33,65,76,58,73,73,49,47,73,42,69,83,49,66,59,4030.0,66
4030,HIGH_ST SW of BURKE_RD,045 K02,-37.79567,145.06111,5486,373,6,1,2006-10-22 00:15:00,41,48,46,52,56,32,28,25,8,8,14,25,12,12,12,20,14,6,7,9,3,4,4,5,5,4,8,9,48,12,15,15,42,22,17,45,37,34,42,54,70,51,74,59,78,98,88,90,81,80,84,80,83,106,56,67,72,94,63,71,78,97,77,89,91,89,118,90,94,103,82,99,94,89,100,68,58,52,63,29,59,38,69,51,54,40,45,24,37,41,56,19,37,15,15,19,4030.0,27
4030,HIGH_ST SW of BURKE_RD,045 K02,-37.79567,145.06111,5486,373,6,1,2006-10-23 00:15:00,29,9,24,13,5,5,4,2,6,2,4,1,2,0,3,0,4,3,4,2,20,25,2,16,24,34,40,71,65,110,108,88,95,104,110,111,80,69,66,75,73,117,91,107,79,90,96,63,127,119,81,96,96,119,89,71,105,115,97,104,123,126,124,138,136,124,179,125,218,192,184,196,176,185,194,130,83,84,111,86,99,35,60,64,64,47,44,51,55,69,38,34,47,36,30,16,4030.0,218
4030,HIGH_ST SW of BURKE_RD,045 K02,-37.79567,145.06111,5486,373,6,1,2006-10-24 00:15:00,49,20,9,4,0,3,8,5,8,4,4,1,1,1,0,2,1,1,2,1,23,3,24,13,32,25,69,46,92,92,86,89,102,121,116,138,94,80,88,98,65,96,115,85,70,100,76,81,99,108,71,83,110,77,112,119,131,76,136,121,147,110,163,140,150,144,150,163,167,193,205,193,147,174,160,134,113,106,97,72,72,68,91,82,92,60,68,60,88,99,49,53,51,32,37,15,4030.0,178
4030,HIGH_ST SW of BURKE_RD,045 K02,-37.79567,145.06111,5486,373,6,1,2006-10-25 00:15:00,54,28,29,10,12,12,6,3,2,5,5,3,2,2,2,1,5,0,0,4,5,5,24,9,38,7,75,59,90,130,69,89,76,100,134,83,89,90,95,82,57,79,89,89,82,82,102,83,84,94,77,86,130,102,100,73,122,83,120,103,120,131,159,110,181,138,151,154,199,178,209,183,191,157,169,157,108,130,85,87,96,63,76,56,58,60,55,75,55,63,40,71,53,39,33,29,4030.0,199
4030,HIGH_ST SW of BURKE_RD,045 K02,-37.79567,145.06111,5486,373,6,1,2006-10-26 00:15:00,19,36,23,16,13,7,7,11,13,23,6,3,15,12,10,24,31,3,4,1,17,6,8,13,35,18,53,68,66,91,67,80,138,85,109,105,61,113,85,86,111,95,100,89,101,84,91,95,126,87,110,106,100,80,122,106,83,95,113,92,113,158,166,163,139,145,161,139,191,197,167,194,192,154,156,132,123,110,91,97,61,68,63,65,65,52,48,76,71,70,60,64,69,44,32,28,4030.0,158
4030,HIGH_ST SW of BURKE_RD,045 K02,-37.79567,145.06111,5486,373,6,1,2006-10-27 00:15:00,15,47,16,6,8,6,7,7,12,3,7,3,3,8,4,3,4,3,4,1,27,3,28,10,25,7,52,62,84,98,81,95,96,109,95,122,72,97,86,75,81,48,80,54,104,122,85,107,127,106,129,96,147,82,96,115,98,95,137,94,133,169,112,147,163,167,147,142,195,175,183,196,200,188,155,125,108,103,81,72,78,78,85,73,68,68,50,96,83,75,59,82,50,71,46,26,4030.0,179
4030,HIGH_ST SW of BURKE_RD,045 K02,-37.79567,145.06111,5486,373,6,1,2006-10-28 00:15:00,60,32,32,27,28,17,31,22,4,13,22,8,12,11,13,6,9,7,11,10,3,26,36,21,10,8,17,28,19,41,51,50,40,55,85,65,73,76,94,68,90,81,94,91,98,103,117,120,137,95,113,134,118,105,102,113,105,126,103,100,119,99,110,141,122,106,119,104,132,119,84,100,119,101,99,76,78,66,66,74,68,36,45,51,48,55,42,58,88,55,89,57,68,63,60,45,4030.0,92
4030,HIGH_ST SW of BURKE_RD,045 K02,-37.79567,145.06111,5486,373,6,1,2006-10-29 00:15:00,66,54,54,60,62,48,29,0,0,0,0,37,20,24,13,17,17,13,8,9,5,8,7,10,5,11,10,8,52,33,25,9,23,15,42,69,51,36,71,35,73,56,65,60,43,84,72,82,96,63,84,89,83,94,102,71,76,90,91,89,88,88,134,81,91,120,87,113,87,125,127,110,96,115,81,71,82,79,56,49,45,35,51,72,39,34,55,32,43,39,28,19,35,16,25,35,4030.0,58
4030,HIGH_ST SW of BURKE_RD,045 K02,-37.79567,145.06111,5486,373,6,1,2006-10-30 00:15:00,79,8,26,7,10,5,11,6,3,4,7,3,1,3,1,1,0,5,5,1,12,1,11,10,38,8,63,61,96,97,47,105,99,116,108,100,58,73,91,89,71,103,69,75,128,93,89,88,76,95,144,96,94,90,100,109,104,98,96,99,123,105,157,151,115,175,138,153,163,212,221,171,189,162,155,142,111,74,106,70,72,91,62,72,85,56,40,38,58,65,39,50,35,42,28,18,4030.0,144
4030,HIGH_ST SW of BURKE_RD,045 K02,-37.79567,145.06111,5486,373,6,1,2006-10-31 00:15:00,33,28,29,51,18,2,2,5,4,4,2,2,4,21,17,1,13,24,3,2,11,4,20,70,33,30,40,54,112,104,67,66,105,121,92,108,125,90,73,53,71,84,105,92,84,86,82,103,77,96,117,111,109,100,119,99,78,84,126,147,124,146,154,149,181,134,179,184,199,204,169,196,176,213,164,131,113,111,71,75,56,72,76,71,56,64,62,61,44,40,39,35,47,36,32,23,4030.0,171
4030,KILBY_RD W of BURKE_RD,045 K02,-37.79471,145.0612,9334,373,7,1,2006-10-01 00:15:00,8,4,6,5,4,3,5,4,4,0,0,3,3,0,4,0,0,5,0,0,1,1,2,0,0,2,2,5,5,2,5,3,11,7,8,13,21,17,8,18,23,19,26,26,18,24,19,29,38,34,27,23,38,27,29,26,25,19,19,33,26,32,30,32,23,28,26,26,23,31,32,28,33,18,24,12,21,14,11,11,9,11,9,13,10,7,19,8,3,5,3,2,3,3,6,1,4030.0,7
4030,KILBY_RD W of BURKE_RD,045 K02,-37.79471,145.0612,9334,373,7,1,2006-10-02 00:15:00,1,2,2,1,1,2,0,3,0,0,2,1,0,0,0,1,1,1,2,1,2,1,1,2,3,5,5,14,9,14,20,20,18,29,34,36,21,23,24,14,17,28,23,19,21,18,24,19,22,23,25,17,18,30,25,27,26,25,27,21,30,39,44,41,31,35,45,38,43,44,54,49,59,40,30,21,27,22,14,13,10,9,10,12,8,4,6,6,8,5,9,3,3,7,5,3,4030.0,34
4030,KILBY_RD W of BURKE_RD,045 K02,-37.79471,145.0612,9334,373,7,1,2006-10-03 00:15:00,5,2,3,0,0,0,0,0,0,0,2,1,0,0,0,0,0,3,1,1,0,1,1,2,5,4,12,14,10,18,17,16,22,25,28,40,30,13,23,11,18,13,17,19,26,19,17,19,24,20,19,22,26,24,22,24,27,37,18,30,26,28,48,49,39,43,51,36,41,42,61,58,63,49,21,27,19,26,18,16,16,9,12,9,8,9,6,16,9,7,9,2,5,10,1,2,4030.0,35
4030,KILBY_RD W of BURKE_RD,045 K02,-37.79471,145.0612,9334,373,7,1,2006-10-04 00:15:00,0,0,2,1,1,0,0,1,0,0,0,2,0,0,0,0,1,0,0,1,2,2,1,1,2,5,7,11,9,16,14,20,25,26,34,31,31,20,20,26,28,23,22,19,11,30,27,21,30,24,28,22,26,23,21,24,13,24,20,26,27,27,48,40,37,42,39,39,46,41,57,58,69,48,38,27,17,24,17,16,12,17,6,15,8,8,5,11,10,6,10,3,3,5,3,2,4030.0,30
4030,KILBY_RD W of BURKE_RD,045 K02,-37.79471,145.0612,9334,373,7,1,2006-10-05 00:15:00,5,1,2,1,1,1,0,0,0,0,1,1,0,0,1,1,2,1,2,1,6,1,2,3,3,5,8,9,13,13,9,18,31,30,29,35,40,14,18,16,20,20,26,19,23,15,19,21,24,21,22,12,20,18,16,36,26,28,27,26,31,45,45,40,36,40,34,34,39,55,42,58,52,46,35,34,32,19,23,23,7,19,16,13,20,10,11,19,7,8,5,1,4,2,9,3,4030.0,22
4030,KILBY_RD W of BURKE_RD,045 K02,-37.79471,145.0612,9334,373,7,1,2006-10-06 00:15:00,1,1,1,3,3,1,0,1,0,3,1,2,0,0,1,0,1,1,1,1,2,1,1,1,2,5,9,13,9,7,19,20,23,32,29,31,23,19,14,16,5,23,29,19,28,30,31,21,24,28,18,25,30,31,26,16,26,28,25,26,23,32,36,40,39,50,47,41,43,39,43,52,58,32,38,27,31,24,29,17,24,10,16,12,11,8,8,14,8,11,8,9,9,5,7,6,4030.0,26
4030,KILBY_RD W of BURKE_RD,045 K02,-37.79471,145.0612,9334,373,7,1,2006-10-07 00:15:00,3,7,7,2,1,2,2,2,2,2,2,1,1,1,1,0,1,0,2,2,1,2,2,1,3,3,7,4,6,12,9,10,14,16,18,28,24,22,22,28,27,21,21,37,38,27,35,18,36,29,47,40,35,26,25,13,31,23,18,32,23,24,26,35,24,32,26,28,22,40,34,29,28,18,23,35,18,14,14,4,9,14,13,9,5,8,7,5,7,3,8,11,11,7,6,11,4030.0,21
4030,KILBY_RD W of BURKE_RD,045 K02,-37.79471,145.0612,9334,373,7,1,2006-10-08 00:15:00,3,11,4,6,1,8,2,0,1,4,1,5,1,2,0,1,2,2,0,1,2,1,2,1,1,1,1,4,5,2,7,0,0,10,11,16,16,14,10,17,18,27,20,31,26,21,30,22,27,32,26,30,20,21,21,23,19,23,20,18,22,26,34,21,28,18,25,35,34,30,32,34,25,23,20,9,14,12,10,2,11,5,9,7,6,7,6,10,4,4,4,7,5,3,1,1,4030.0,9
4030,KILBY_RD W of BURKE_RD,045 K02,-37.79471,145.0612,9334,373,7,1,2006-10-09 00:15:00,3,2,0,0,0,0,0,0,0,0,0,0,0,0,0,0,1,0,1,2,1,1,0,2,2,4,8,8,6,15,16,16,23,33,30,31,27,18,17,13,21,22,23,19,21,23,21,24,22,30,18,20,24,22,24,17,13,20,23,26,24,41,53,40,36,40,36,34,55,56,54,67,68,48,23,19,28,15,15,13,10,14,14,12,7,6,10,7,8,5,4,2,3,2,3,0,4030.0,31
4030,KILBY_RD W of BURKE_RD,045 K02,-37.79471,145.0612,9334,373,7,1,2006-10-10 00:15:00,4,2,1,1,0,0,1,0,0,0,1,0,1,2,0,0,1,0,2,3,2,0,1,2,2,8,7,10,14,18,13,20,12,33,31,31,36,27,24,13,9,15,24,19,16,33,19,23,24,28,23,30,39,22,35,29,27,28,29,22,40,25,44,40,35,40,47,36,50,55,60,58,53,48,41,20,27,16,23,16,17,18,13,9,13,9,12,14,17,3,6,6,2,8,4,6,4030.0,31
4030,KILBY_RD W of BURKE_RD,045 K02,-37.79471,145.0612,9334,373,7,1,2006-10-11 00:15:00,0,1,3,0,0,0,2,0,0,1,1,0,1,0,0,0,0,0,1,3,1,1,1,2,1,6,6,9,16,16,16,20,27,36,29,31,32,27,12,15,18,11,15,19,24,32,24,21,30,32,27,21,31,29,31,22,19,24,24,20,30,43,44,32,30,45,32,32,46,43,48,58,48,47,27,27,26,28,17,22,13,16,9,8,18,11,10,6,8,6,11,4,3,1,5,0,4030.0,32
4030,KILBY_RD W of BURKE_RD,045 K02,-37.79471,145.0612,9334,373,7,1,2006-10-12 00:15:00,2,1,2,1,1,1,1,0,1,0,1,1,0,0,1,0,1,1,1,3,1,1,1,1,8,5,7,11,8,14,13,20,26,34,38,44,31,17,30,31,20,21,23,19,14,23,28,34,32,28,23,17,29,29,17,18,25,24,26,22,30,32,51,41,29,29,34,43,37,47,43,51,59,47,29,27,28,19,13,19,22,23,12,12,20,9,10,12,2,8,10,5,3,6,2,3,4030.0,27
4030,KILBY_RD W of BURKE_RD,045 K02,-37.79471,145.0612,9334,373,7,1,2006-10-13 00:15:00,1,3,1,1,1,1,0,0,0,0,1,1,0,1,1,0,1,1,3,3,3,1,1,2,5,5,9,11,9,13,18,27,23,28,34,31,40,34,21,13,18,24,18,24,20,30,24,27,30,30,25,21,32,31,30,13,14,19,27,20,25,32,51,49,36,32,47,36,53,48,56,68,59,49,39,30,22,22,18,16,13,10,16,7,10,10,6,12,9,11,12,7,6,9,6,7,4030.0,31
4030,KILBY_RD W of BURKE_RD,045 K02,-37.79471,145.0612,9334,373,7,1,2006-10-14 00:15:00,4,3,3,1,2,3,5,0,1,1,1,3,3,0,1,1,0,0,3,1,1,0,3,1,2,3,4,6,8,8,9,8,10,17,18,33,23,15,24,28,22,16,28,32,29,33,40,31,29,31,48,36,35,25,30,27,33,21,21,27,25,24,17,29,27,24,28,33,24,36,33,30,28,33,26,27,22,11,11,9,10,6,6,11,9,4,10,5,10,6,7,7,8,7,9,2,4030.0,17
4030,KILBY_RD W of BURKE_RD,045 K02,-37.79471,145.0612,9334,373,7,1,2006-10-15 00:15:00,10,4,7,4,6,1,3,5,3,2,2,3,1,1,0,4,1,2,0,2,0,3,1,2,0,0,4,4,4,4,7,0,12,12,14,15,18,18,27,11,20,20,29,27,24,26,25,34,30,33,29,20,25,25,19,17,25,25,25,22,31,30,38,24,24,21,33,25,21,17,23,22,15,23,19,18,14,10,7,7,10,6,6,7,8,4,10,8,3,3,3,3,1,3,4,1,4030.0,11
4030,KILBY_RD W of BURKE_RD,045 K02,-37.79471,145.0612,9334,373,7,1,2006-10-16 00:15:00,2,2,0,1,1,0,0,3,1,0,0,2,0,1,0,0,0,0,0,4,0,0,0,3,3,5,7,10,6,16,13,19,18,33,34,34,32,16,18,13,18,21,16,8,22,24,24,21,17,24,20,29,24,21,22,22,19,27,27,26,24,39,47,39,36,47,32,36,39,54,54,52,51,37,40,27,26,22,10,13,12,16,12,13,11,4,6,11,12,7,4,4,4,4,3,4,4030.0,29
4030,KILBY_RD W of BURKE_RD,045 K02,-37.79471,145.0612,9334,373,7,1,2006-10-17 00:15:00,2,0,2,0,1,1,0,0,1,0,1,2,0,0,3,0,0,0,1,3,2,0,2,2,7,4,8,10,16,19,16,21,28,21,34,31,27,20,17,13,15,21,17,22,17,15,23,21,24,16,18,17,20,17,21,16,31,15,27,26,29,36,36,28,37,34,38,27,44,45,54,58,60,54,25,40,24,24,14,18,12,12,8,18,2,10,11,7,9,7,3,2,3,2,1,7,4030.0,35
4030,KILBY_RD W of BURKE_RD,045 K02,-37.79471,145.0612,9334,373,7,1,2006-10-18 00:15:00,2,1,2,1,1,0,0,0,1,1,1,1,0,0,2,1,1,1,0,0,4,0,0,1,7,5,7,8,17,14,20,21,27,31,43,26,25,22,16,20,21,18,22,19,21,28,25,18,30,23,27,17,25,22,26,24,20,26,20,23,23,22,34,40,31,30,33,27,43,41,54,59,46,38,28,27,33,35,24,17,9,14,7,12,7,5,12,15,7,11,8,10,5,5,4,0,4030.0,34
4030,KILBY_RD W of BURKE_RD,045 K02,-37.79471,145.0612,9334,373,7,1,2006-10-19 00:15:00,3,4,2,2,3,2,1,2,0,1,2,0,1,0,1,0,2,1,2,1,4,1,0,2,3,7,10,10,12,13,18,20,31,28,32,31,20,26,18,13,25,22,26,20,16,21,29,33,18,17,29,27,28,31,24,27,30,22,31,27,25,32,37,39,38,44,29,39,41,46,41,58,62,51,32,27,33,35,15,25,17,19,26,19,11,10,8,9,8,10,6,6,3,5,4,4,4030.0,31
4030,KILBY_RD W of BURKE_RD,045 K02,-37.79471,145.0612,9334,373,7,1,2006-10-20 00:15:00,1,4,2,1,1,3,2,0,3,0,1,1,0,0,0,1,1,2,2,2,4,0,1,2,4,4,8,11,14,17,20,20,29,36,23,35,25,22,23,13,14,25,13,19,25,23,21,21,26,25,27,22,32,36,27,25,29,25,29,37,30,43,42,33,41,31,36,38,52,62,53,58,59,48,31,31,20,10,20,20,18,16,9,9,8,8,9,7,15,8,4,10,8,6,8,8,4030.0,37
4030,KILBY_RD W of BURKE_RD,045 K02,-37.79471,145.0612,9334,373,7,1,2006-10-21 00:15:00,11,6,6,2,5,3,2,0,3,1,2,1,2,0,2,0,0,0,1,2,1,0,6,1,2,2,8,1,9,7,15,13,13,20,14,22,27,20,26,26,33,26,22,30,30,27,26,24,33,38,46,42,34,27,28,30,30,35,33,19,28,27,29,26,29,21,39,23,33,24,29,29,26,23,34,26,16,17,20,10,13,6,17,6,7,10,9,11,9,15,16,13,15,11,10,5,4030.0,22
4030,KILBY_RD W of BURKE_RD,045 K02,-37.79471,145.0612,9334,373,7,1,2006-10-22 00:15:00,9,3,11,12,7,6,2,6,0,5,1,1,1,0,3,1,0,0,0,2,0,2,4,0,1,3,3,1,4,12,5,5,2,10,9,21,8,19,17,26,12,30,27,26,25,29,29,27,37,36,32,39,29,15,30,29,27,29,21,20,34,34,31,28,34,29,27,37,44,33,33,38,22,19,27,17,12,19,10,0,11,6,8,7,11,7,7,3,10,10,3,5,5,4,5,2,4030.0,17
4030,KILBY_RD W of BURKE_RD,045 K02,-37.79471,145.0612,9334,373,7,1,2006-10-23 00:15:00,2,1,1,2,4,1,0,0,0,0,1,1,0,0,1,0,1,1,1,1,3,2,1,1,3,4,9,12,11,11,13,20,24,23,28,38,25,15,16,16,18,19,17,24,22,19,24,26,22,21,18,22,19,24,23,14,15,19,19,26,35,33,34,45,28,41,29,48,47,58,46,58,42,36,28,33,22,23,8,20,11,12,12,22,12,6,7,7,10,6,7,7,2,3,5,4,4030.0,24
4030,KILBY_RD W of BURKE_RD,045 K02,-37.79471,145.0612,9334,373,7,1,2006-10-24 00:15:00,0,1,2,0,0,4,0,0,0,0,2,0,1,0,0,0,1,0,2,1,2,1,1,4,5,6,5,14,8,11,14,24,22,28,41,26,31,23,24,21,20,25,15,22,18,19,21,20,27,22,14,23,27,26,32,17,19,25,35,26,32,28,35,50,35,34,46,36,43,61,54,61,60,47,30,22,24,19,17,15,14,14,8,12,11,8,10,9,16,9,4,7,6,7,7,3,4030.0,25
4030,KILBY_RD W of BURKE_RD,045 K02,-37.79471,145.0612,9334,373,7,1,2006-10-25 00:15:00,1,4,4,3,0,1,0,0,0,0,1,0,0,0,0,1,0,1,0,0,3,0,0,0,4,6,11,6,10,22,23,23,33,31,35,31,33,16,18,16,26,19,21,19,22,18,19,19,21,23,30,29,21,32,19,31,20,24,27,26,18,32,39,42,29,44,33,33,53,52,54,54,55,35,39,24,27,23,20,5,18,14,10,7,8,7,8,12,7,6,6,6,4,5,6,1,4030.0,45
4030,KILBY_RD W of BURKE_RD,045 K02,-37.79471,145.0612,9334,373,7,1,2006-10-26 00:15:00,2,2,2,1,1,1,0,1,2,0,0,1,0,0,2,0,1,0,2,1,1,1,2,3,1,7,6,15,10,12,16,27,33,31,30,30,35,25,23,20,18,26,23,19,14,23,30,26,31,22,21,30,35,26,25,27,28,38,34,30,19,29,45,40,32,49,38,43,53,46,54,58,59,48,36,27,27,33,18,13,18,10,15,21,11,14,15,16,17,11,11,5,6,0,8,1,4030.0,28
4030,KILBY_RD W of BURKE_RD,045 K02,-37.79471,145.0612,9334,373,7,1,2006-10-27 00:15:00,3,3,1,2,2,1,0,1,0,0,2,0,0,1,0,0,0,1,1,0,2,0,2,0,5,2,9,11,14,8,15,19,21,24,38,32,24,24,14,13,19,23,14,23,19,19,18,28,25,28,27,22,20,25,24,26,29,21,20,29,29,30,44,40,32,27,38,35,41,47,51,58,45,40,38,26,29,24,15,21,17,14,7,8,17,10,9,9,12,6,7,9,8,6,2,7,4030.0,23
4030,KILBY_RD W of BURKE_RD,045 K02,-37.79471,145.0612,9334,373,7,1,2006-10-28 00:15:00,7,3,2,2,3,2,2,1,3,1,2,1,1,0,3,0,0,0,2,1,2,1,2,1,2,3,2,2,5,4,5,12,10,17,22,23,20,19,25,32,21,23,33,27,37,37,37,37,30,30,43,40,31,26,26,13,22,31,30,19,23,20,23,33,27,26,35,23,33,22,37,31,28,22,31,26,26,22,14,4,14,11,13,6,9,5,10,6,8,6,5,3,12,10,12,7,4030.0,9
4030,KILBY_RD W of BURKE_RD,045 K02,-37.79471,145.0612,9334,373,7,1,2006-10-29 00:15:00,5,4,7,2,3,1,4,2,0,3,1,3,1,0,0,1,5,3,1,2,0,1,5,2,0,1,1,3,1,3,2,6,6,13,8,11,17,20,16,15,20,21,31,34,24,21,31,34,31,39,32,44,48,39,48,38,28,42,38,38,32,37,42,33,27,30,46,25,33,28,31,29,27,30,17,21,23,24,12,13,15,12,9,7,8,13,11,6,10,5,5,7,4,4,3,5,4030.0,5
4030,KILBY_RD W of BURKE_RD,045 K02,-37.79471,145.0612,9334,373,7,1,2006-10-30 00:15:00,1,2,1,0,1,1,0,1,0,0,0,1,2,0,0,0,0,1,2,2,2,1,0,0,4,5,7,8,11,14,14,23,28,24,28,30,25,15,14,22,19,22,18,19,30,23,16,21,27,19,33,22,15,21,21,30,24,35,27,33,32,30,45,40,32,43,34,39,45,48,54,61,47,35,35,38,19,19,12,15,9,10,16,11,6,14,9,7,10,7,4,1,4,6,2,2,4030.0,28
4030,KILBY_RD W of BURKE_RD,045 K02,-37.79471,145.0612,9334,373,7,1,2006-10-31 00:15:00,1,4,3,0,0,0,1,0,0,0,0,1,0,0,0,0,0,0,2,1,1,0,1,3,4,6,4,9,10,14,24,24,19,33,38,29,28,21,12,18,18,15,22,22,16,21,23,17,28,25,29,29,25,27,17,22,26,23,19,30,33,42,44,41,36,42,41,42,44,52,59,58,57,51,33,28,27,21,18,16,15,15,14,13,13,11,9,14,13,10,5,3,1,3,6,4,4030.0,38
4032,BURKE_RD N of HARP_RD,045 K04,-37.80202,145.06127,6375,374,1,1,2006-10-01 00:15:00,78,68,57,45,54,40,29,24,28,24,21,15,18,24,14,10,6,16,13,17,17,25,40,35,35,56,65,59,54,39,50,66,73,94,115,118,130,148,165,170,192,189,186,176,169,169,154,208,202,208,188,200,184,185,220,203,205,186,180,193,160,176,165,192,167,183,175,191,189,206,214,154,155,163,175,203,124,119,95,84,94,79,78,93,69,104,81,70,68,58,46,53,40,35,26,30,4032.0,89
4032,BURKE_RD N of HARP_RD,045 K04,-37.80202,145.06127,6375,374,1,1,2006-10-02 00:15:00,21,24,15,15,8,15,9,14,12,5,10,8,4,15,7,4,10,10,11,24,17,33,33,49,85,113,216,220,231,303,327,313,302,305,302,300,292,249,229,209,169,205,178,161,179,187,162,171,165,204,160,183,169,170,157,169,179,160,172,202,219,226,183,203,164,202,183,197,192,220,210,229,206,193,185,177,150,167,122,95,105,88,94,88,82,69,87,72,90,65,52,29,38,36,26,23,4032.0,630
4032,BURKE_RD N of HARP_RD,045 K04,-37.80202,145.06127,6375,374,1,1,2006-10-03 00:15:00,22,22,12,8,9,10,11,4,3,6,8,9,6,9,9,6,4,13,15,30,21,30,48,71,98,141,214,276,255,324,331,314,306,323,315,280,252,290,253,227,208,201,222,144,183,197,163,189,207,229,187,172,201,160,158,150,181,201,162,194,214,229,237,190,204,240,221,200,207,222,209,246,243,229,204,161,160,159,168,143,120,101,89,91,101,73,98,97,82,85,77,62,56,42,34,33,4032.0,655
4032,BURKE_RD N of HARP_RD,045 K04,-37.80202,145.06127,6375,374,1,1,2006-10-04 00:15:00,28,28,22,15,13,6,11,7,3,4,3,9,9,14,7,7,4,10,17,26,18,30,59,64,116,141,227,267,297,288,331,313,317,295,288,240,298,270,244,230,201,219,224,152,178,176,157,163,206,181,198,166,185,192,157,174,182,182,163,196,211,221,176,194,199,212,170,206,195,231,224,227,235,227,212,161,196,185,153,142,100,116,90,116,97,87,104,99,96,69,75,61,52,46,22,47,4032.0,619
4032,BURKE_RD N of HARP_RD,045 K04,-37.80202,145.06127,6375,374,1,1,2006-10-05 00:15:00,29,23,20,12,11,21,6,7,2,3,1,15,5,11,2,11,5,9,24,22,22,33,48,81,107,142,172,227,277,308,344,328,336,310,282,275,315,286,229,197,199,245,213,152,183,200,222,191,215,213,195,172,176,191,190,171,186,200,199,196,200,230,190,184,202,217,202,196,222,213,231,205,194,252,207,180,212,160,145,134,111,87,116,109,118,76,105,113,89,90,76,56,57,38,34,39,4032.0,652
4032,BURKE_RD N of HARP_RD,045 K04,-37.80202,145.06127,6375,374,1,1,2006-10-06 00:15:00,40,31,17,15,24,12,10,16,8,7,8,16,7,11,10,8,8,5,14,33,26,28,43,75,105,157,229,217,260,291,362,313,285,339,285,286,245,266,217,197,193,209,246,152,185,228,213,191,215,201,220,210,180,168,215,171,176,195,200,196,200,206,225,203,228,167,211,211,223,202,200,224,217,205,215,165,189,225,174,145,125,122,108,114,76,93,85,101,75,93,97,85,61,74,59,76,4032.0,653
4032,BURKE_RD N of HARP_RD,045 K04,-37.80202,145.06127,6375,374,1,1,2006-10-07 00:15:00,48,53,51,32,29,27,25,24,17,18,16,18,18,18,17,11,13,12,16,12,15,5,23,29,43,62,71,100,67,85,102,140,126,153,219,204,220,218,229,209,220,205,218,238,220,218,224,174,205,214,197,213,231,240,239,181,213,200,198,194,193,172,178,186,188,187,203,189,178,195,170,182,231,223,190,193,189,194,168,117,121,126,91,97,106,97,113,104,96,85,87,95,83,104,104,98,4032.0,187
4032,BURKE_RD N of HARP_RD,045 K04,-37.80202,145.06127,6375,374,1,1,2006-10-08 00:15:00,83,80,62,50,43,34,48,23,26,25,21,21,18,14,7,17,9,5,19,11,22,25,44,34,46,55,70,79,63,60,64,28,96,104,87,123,120,146,167,193,167,201,205,158,163,178,165,201,181,202,178,194,188,192,150,194,197,171,175,140,166,201,181,185,202,163,163,178,205,194,216,178,180,201,144,171,140,123,84,89,82,95,92,82,72,80,80,87,88,67,53,49,43,35,43,23,4032.0,124
4032,BURKE_RD N of HARP_RD,045 K04,-37.80202,145.06127,6375,374,1,1,2006-10-09 00:15:00,20,17,11,10,11,7,6,4,5,4,7,3,11,11,7,4,9,7,17,28,15,44,61,54,93,148,176,272,253,336,330,334,308,271,260,287,246,220,224,185,214,180,178,152,174,188,178,167,156,180,157,161,169,190,165,150,179,178,210,194,214,205,194,203,197,183,149,211,188,202,232,225,186,206,195,200,165,168,126,145,89,102,73,92,91,79,94,64,92,68,62,39,41,30,34,25,4032.0,666
4032,BURKE_RD N of HARP_RD,045 K04,-37.80202,145.06127,6375,374,1,1,2006-10-10 00:15:00,16,20,10,11,7,7,7,8,10,5,6,8,6,5,9,7,4,14,22,33,25,30,53,70,104,116,206,289,251,300,330,313,312,305,232,286,272,287,266,197,195,210,232,190,207,173,179,187,178,162,185,184,176,202,191,174,168,179,188,193,218,231,193,203,210,192,210,200,200,229,224,227,203,194,196,201,197,168,133,145,110,105,107,98,84,112,88,99,81,84,67,53,49,39,39,34,4032.0,630
4032,BURKE_RD N of HARP_RD,045 K04,-37.80202,145.06127,6375,374,1,1,2006-10-11 00:15:00,26,24,12,14,19,4,14,7,4,6,5,8,8,9,11,3,6,11,12,35,23,26,50,59,98,132,198,230,282,280,286,313,320,293,250,230,255,262,274,234,215,197,195,152,206,151,165,191,183,207,166,163,167,194,169,174,197,166,160,210,176,222,196,179,180,187,205,199,190,250,193,219,209,167,184,125,208,192,128,134,137,93,112,117,96,107,80,122,91,61,74,62,55,42,32,25,4032.0,566
4032,BURKE_RD N of HARP_RD,045 K04,-37.80202,145.06127,6375,374,1,1,2006-10-12 00:15:00,28,24,28,21,12,16,14,10,5,4,7,6,6,6,8,8,6,12,16,35,23,34,51,68,120,150,208,232,268,271,282,313,317,262,254,273,286,279,257,234,227,214,207,173,157,180,207,181,196,177,194,180,176,173,181,188,166,190,161,224,226,219,190,193,203,225,194,198,214,222,235,227,232,223,165,171,178,168,134,132,99,108,105,103,107,126,102,99,105,72,81,59,47,52,39,31,4032.0,553
4032,BURKE_RD N of HARP_RD,045 K04,-37.80202,145.06127,6375,374,1,1,2006-10-13 00:15:00,38,27,17,18,12,13,15,10,7,5,4,14,7,8,13,9,6,5,20,28,17,32,43,62,104,135,215,238,233,256,320,319,307,278,310,286,278,279,205,197,198,209,213,199,172,176,215,211,166,212,182,182,176,179,193,182,209,183,187,203,188,224,229,240,224,193,165,200,210,218,224,198,187,204,218,199,202,163,165,169,149,115,106,98,87,102,89,83,78,84,93,70,81,73,55,62,4032.0,576
4032,BURKE_RD N of HARP_RD,045 K04,-37.80202,145.06127,6375,374,1,1,2006-10-14 00:15:00,65,53,36,36,24,29,23,17,18,22,12,14,7,13,18,15,12,16,16,14,18,21,29,35,39,63,81,91,64,79,103,145,125,145,218,219,208,210,241,218,208,221,252,200,219,249,215,174,231,218,210,212,238,235,208,220,191,215,173,223,206,207,205,213,178,216,188,216,226,213,225,238,210,258,190,241,204,205,132,128,135,128,96,118,102,98,74,84,90,73,93,87,89,88,82,91,4032.0,182
4032,BURKE_RD N of HARP_RD,045 K04,-37.80202,145.06127,6375,374,1,1,2006-10-15 00:15:00,96,75,58,46,52,38,38,35,25,33,18,20,13,17,21,15,16,21,15,15,29,36,29,54,37,57,62,53,52,52,73,28,68,99,120,117,123,147,184,196,154,177,181,177,193,188,180,186,201,176,204,184,169,199,185,197,185,181,172,177,173,200,222,167,206,205,196,200,179,229,178,203,177,194,154,140,117,100,98,74,89,93,80,88,109,99,71,84,82,78,55,29,40,32,33,36,4032.0,125
4032,BURKE_RD N of HARP_RD,045 K04,-37.80202,145.06127,6375,374,1,1,2006-10-16 00:15:00,31,24,21,17,7,9,11,7,4,7,5,5,5,8,8,3,8,11,13,27,18,25,57,47,84,154,214,247,263,321,343,298,338,297,269,283,291,241,243,197,174,171,172,152,192,156,161,191,172,187,179,185,201,167,204,154,160,170,184,196,182,226,186,199,212,211,188,159,162,212,183,239,204,210,196,161,161,126,128,91,92,102,91,89,78,73,80,92,90,60,51,51,43,39,24,26,4032.0,664
4032,BURKE_RD N of HARP_RD,045 K04,-37.80202,145.06127,6375,374,1,1,2006-10-17 00:15:00,18,20,9,4,6,7,12,1,5,4,1,6,15,5,5,10,9,7,18,29,20,25,50,71,80,136,234,283,268,288,317,343,315,297,258,268,310,287,271,197,236,219,189,198,180,182,195,191,165,189,185,176,192,187,197,146,163,182,177,196,219,204,187,213,207,182,218,200,172,228,209,227,213,193,183,182,179,170,136,139,103,97,117,105,106,103,104,89,97,70,83,66,57,44,31,33,4032.0,605
4032,BURKE_RD N of HARP_RD,045 K04,-37.80202,145.06127,6375,374,1,1,2006-10-18 00:15:00,34,22,14,17,11,13,11,15,5,5,6,12,6,6,7,3,9,17,19,24,26,23,52,64,83,131,230,271,261,308,323,309,334,291,250,286,274,231,229,197,204,215,206,152,208,193,170,195,190,203,175,188,196,191,176,173,189,176,197,192,202,213,186,216,198,196,180,197,193,237,238,237,222,192,201,161,189,197,128,163,112,97,80,113,96,80,93,98,103,67,57,55,73,50,68,51,4032.0,631
4032,BURKE_RD N of HARP_RD,045 K04,-37.80202,145.06127,6375,374,1,1,2006-10-19 00:15:00,42,23,17,15,10,12,14,9,6,3,7,6,8,4,11,11,14,4,18,27,17,40,50,65,96,137,222,243,268,318,327,317,309,320,276,286,268,262,229,197,226,214,195,208,193,209,215,204,194,202,198,182,185,221,196,177,197,190,201,198,215,232,205,224,227,223,188,230,177,219,198,214,213,190,198,146,210,196,156,147,120,111,99,111,102,107,90,94,94,84,62,71,69,57,50,48,4032.0,645
4032,BURKE_RD N of HARP_RD,045 K04,-37.80202,145.06127,6375,374,1,1,2006-10-20 00:15:00,26,35,18,24,19,9,14,13,11,6,12,14,14,12,8,9,7,11,20,31,24,24,52,69,106,149,238,257,268,282,302,313,340,248,234,238,282,262,222,197,178,229,214,177,184,187,205,193,203,166,191,194,201,212,204,196,177,174,154,206,197,238,193,221,199,193,200,204,197,236,209,217,187,200,227,224,226,171,167,169,126,120,110,131,95,98,84,111,83,117,74,90,55,65,65,68,4032.0,584
4032,BURKE_RD N of HARP_RD,045 K04,-37.80202,145.06127,6375,374,1,1,2006-10-21 00:15:00,56,51,44,35,41,19,16,20,19,9,10,14,10,16,12,13,12,13,10,16,17,19,20,34,49,71,93,85,70,89,110,158,129,162,221,218,219,223,221,236,225,214,219,211,225,199,224,174,217,210,215,210,220,226,216,223,202,219,220,198,185,173,211,199,184,193,214,177,167,203,192,208,229,208,190,194,176,184,143,140,117,108,96,79,93,113,123,93,83,79,89,91,78,88,75,74,4032.0,199
4032,BURKE_RD N of HARP_RD,045 K04,-37.80202,145.06127,6375,374,1,1,2006-10-22 00:15:00,78,60,51,75,48,45,37,32,22,30,17,15,22,23,14,16,17,16,11,16,20,38,41,36,40,50,60,54,44,67,62,78,76,82,105,112,124,112,174,180,184,199,196,188,165,163,165,190,178,201,202,198,194,193,190,170,158,164,188,148,171,205,201,167,188,181,190,191,193,198,168,211,178,150,159,160,126,127,98,60,106,63,101,95,95,103,94,82,56,67,70,47,34,31,47,28,4032.0,129
4032,BURKE_RD N of HARP_RD,045 K04,-37.80202,145.06127,6375,374,1,1,2006-10-23 00:15:00,31,23,12,14,10,12,12,7,10,5,7,10,8,4,9,5,7,17,14,26,22,27,44,52,79,119,190,216,262,308,336,313,302,239,295,242,228,255,199,208,171,178,175,170,170,189,176,164,184,198,189,172,159,149,173,171,175,171,157,173,173,199,196,158,217,177,217,198,160,192,223,227,153,206,162,176,170,150,101,138,99,82,82,86,93,74,79,74,76,72,56,47,28,36,26,32,4032.0,644
4032,BURKE_RD N of HARP_RD,045 K04,-37.80202,145.06127,6375,374,1,1,2006-10-24 00:15:00,25,20,17,11,7,8,8,7,3,4,6,6,11,8,9,10,7,8,13,27,27,33,51,57,102,141,224,218,283,245,262,310,279,293,245,244,241,262,265,235,193,181,216,209,180,161,159,170,154,178,165,153,189,199,164,164,170,152,162,171,164,181,173,163,174,207,167,200,204,188,207,161,185,179,198,155,172,158,134,156,99,106,90,110,102,97,85,111,82,64,76,60,51,47,41,29,4032.0,507
4032,BURKE_RD N of HARP_RD,045 K04,-37.80202,145.06127,6375,374,1,1,2006-10-25 00:15:00,25,33,17,19,13,9,12,9,6,5,8,12,5,5,10,4,6,13,17,31,19,24,52,65,87,131,168,213,261,300,335,349,278,288,263,264,296,243,236,198,209,227,195,152,146,172,152,176,168,192,191,174,129,170,180,198,177,168,181,196,223,176,163,221,158,198,166,169,185,217,184,187,207,207,205,178,199,163,118,145,108,90,103,107,99,91,75,109,101,71,56,72,55,43,31,24,4032.0,635
4032,BURKE_RD N of HARP_RD,045 K04,-37.80202,145.06127,6375,374,1,1,2006-10-26 00:15:00,30,23,20,14,7,11,13,7,7,8,7,12,9,11,9,5,8,13,16,35,22,36,56,62,93,143,219,245,221,261,297,308,309,308,244,301,250,251,266,241,167,208,209,152,187,193,202,218,181,199,165,201,191,198,196,187,162,179,172,218,181,227,168,176,173,163,140,171,204,191,201,179,168,228,207,161,179,148,146,136,127,107,124,95,101,106,94,120,93,80,90,52,53,53,43,40,4032.0,558
4032,BURKE_RD N of HARP_RD,045 K04,-37.80202,145.06127,6375,374,1,1,2006-10-27 00:15:00,20,24,22,15,18,8,16,7,8,8,10,10,15,9,12,9,5,6,14,29,28,24,47,74,97,157,201,256,273,310,341,305,297,275,254,242,271,245,236,197,185,231,202,202,169,191,164,196,200,192,219,147,222,202,170,169,161,190,181,203,210,238,190,191,166,203,204,195,217,198,182,227,189,217,207,222,162,167,140,143,109,99,103,126,105,88,90,69,100,86,81,82,67,71,64,55,4032.0,651
4032,BURKE_RD N of HARP_RD,045 K04,-37.80202,145.06127,6375,374,1,1,2006-10-28 00:15:00,71,51,41,34,37,22,28,16,21,15,19,11,19,18,13,12,11,11,16,25,20,19,21,38,37,64,67,85,88,97,94,136,105,138,189,227,179,193,226,223,240,198,188,227,209,172,190,232,207,202,184,219,210,177,223,175,243,224,192,202,199,181,172,217,207,203,204,175,193,217,187,234,231,222,190,211,173,173,143,106,140,123,111,111,91,84,88,105,89,87,94,105,83,95,86,80,4032.0,191
4032,BURKE_RD N of HARP_RD,045 K04,-37.80202,145.06127,6375,374,1,1,2006-10-29 00:15:00,79,72,63,57,44,40,28,0,0,0,0,22,26,24,31,12,19,24,21,11,24,22,20,26,35,38,54,57,48,46,57,56,56,76,83,110,119,136,171,160,172,162,177,200,157,187,157,210,199,201,193,215,197,195,167,220,196,196,173,187,168,223,185,192,180,202,205,197,219,214,203,197,179,201,161,144,123,125,127,90,85,90,116,93,91,98,81,84,77,75,75,63,59,36,34,30,4032.0,103
4032,BURKE_RD N of HARP_RD,045 K04,-37.80202,145.06127,6375,374,1,1,2006-10-30 00:15:00,24,23,25,9,13,9,16,5,8,9,6,10,7,4,5,5,2,8,17,27,25,20,38,53,75,144,177,250,261,321,286,307,262,308,252,254,257,220,192,214,202,210,201,205,184,172,183,191,150,191,153,155,190,183,180,183,161,186,184,203,215,186,191,203,185,179,228,164,216,239,169,242,201,207,178,186,167,141,112,135,86,93,88,106,81,90,81,72,74,69,64,40,41,43,28,24,4032.0,607
4032,BURKE_RD N of HARP_RD,045 K04,-37.80202,145.06127,6375,374,1,1,2006-10-31 00:15:00,31,24,17,10,18,17,10,11,3,7,8,8,5,11,3,10,10,3,17,19,20,29,31,68,91,137,227,249,290,296,343,299,264,301,236,228,244,230,223,211,211,186,164,193,160,173,158,149,174,180,175,194,165,170,172,146,167,185,149,211,193,181,193,180,171,169,185,171,191,225,209,227,233,159,217,212,183,171,152,123,122,121,106,88,88,102,92,94,82,81,81,72,44,39,39,33,4032.0,639
4032,BELMORE_RD E of BURKE_RD,045 K04,-37.80236,145.06167,16974,374,3,1,2006-10-01 00:15:00,28,30,13,18,8,14,11,13,4,8,8,3,0,6,8,4,7,4,2,6,7,6,7,9,16,19,26,13,25,18,38,37,44,38,46,61,51,71,91,98,84,74,95,116,115,107,106,88,92,101,105,116,83,100,112,118,112,106,95,96,109,102,103,118,99,94,97,95,93,92,101,86,85,94,84,85,62,48,44,47,51,24,43,36,52,55,36,32,41,22,25,24,21,14,13,10,4032.0,56
4032,BELMORE_RD E of BURKE_RD,045 K04,-37.80236,145.06167,16974,374,3,1,2006-10-02 00:15:00,6,12,4,1,1,3,1,2,3,1,1,2,3,3,3,4,3,5,7,6,8,12,26,16,36,62,81,116,171,246,287,306,343,250,227,218,158,152,112,109,122,125,109,114,87,95,121,89,100,114,117,95,99,93,81,98,93,102,99,84,151,136,147,142,115,120,123,128,135,114,106,104,126,86,113,84,84,65,66,61,59,57,53,35,47,34,35,36,28,36,22,12,23,17,9,4,4032.0,533
4032,BELMORE_RD E of BURKE_RD,045 K04,-37.80236,145.06167,16974,374,3,1,2006-10-03 00:15:00,7,9,5,4,3,3,3,1,4,5,1,3,4,2,8,3,3,2,5,14,13,10,29,28,39,80,101,135,155,240,324,344,314,329,233,239,152,155,141,131,132,121,100,110,113,121,120,114,102,89,87,110,70,99,86,96,78,121,111,120,125,146,155,133,114,135,134,81,116,128,126,107,132,106,99,104,101,101,68,55,66,47,44,43,54,48,52,43,34,31,29,30,23,13,10,8,4032.0,564
4032,BELMORE_RD E of BURKE_RD,045 K04,-37.80236,145.06167,16974,374,3,1,2006-10-04 00:15:00,3,7,2,2,3,8,2,4,4,5,2,1,1,3,1,6,2,3,5,4,21,19,28,24,54,55,104,136,160,210,286,252,354,294,267,229,193,171,128,147,117,122,119,83,110,111,104,108,106,130,86,110,95,89,96,103,102,108,106,128,140,128,137,142,139,104,162,121,130,115,143,117,134,139,99,69,97,69,75,72,68,48,57,64,54,45,46,47,40,29,42,31,15,23,11,7,4032.0,496
4032,BELMORE_RD E of BURKE_RD,045 K04,-37.80236,145.06167,16974,374,3,1,2006-10-05 00:15:00,4,7,7,6,4,7,1,3,4,2,2,2,1,2,3,5,2,3,5,9,14,18,23,27,43,65,106,125,154,222,291,299,486,292,237,264,156,155,134,79,117,107,99,64,105,101,98,97,97,113,106,59,113,74,108,103,117,117,107,128,141,123,139,142,133,149,136,139,156,111,126,115,154,120,120,97,107,96,89,102,79,62,60,51,49,63,48,48,40,56,27,20,15,12,14,5,4032.0,513
4032,BELMORE_RD E of BURKE_RD,045 K04,-37.80236,145.06167,16974,374,3,1,2006-10-06 00:15:00,7,6,3,2,5,2,2,2,3,4,1,1,7,5,4,4,6,5,8,9,10,12,20,26,46,62,93,114,166,192,259,306,355,256,216,192,199,143,162,45,117,134,102,110,93,121,106,108,111,95,96,114,98,104,82,102,101,110,114,128,124,117,141,142,121,132,130,119,124,135,130,142,125,127,107,104,102,110,107,72,67,65,68,56,64,55,46,46,57,53,33,59,23,23,27,26,4032.0,451
4032,BELMORE_RD E of BURKE_RD,045 K04,-37.80236,145.06167,16974,374,3,1,2006-10-07 00:15:00,18,10,8,16,7,8,11,13,12,10,6,8,7,9,8,8,3,5,8,8,11,4,13,15,28,35,51,50,41,42,51,72,61,86,104,124,123,160,135,159,130,149,164,152,141,191,164,154,204,147,149,175,146,114,135,145,107,197,139,96,129,126,96,138,97,117,141,97,118,119,113,137,144,107,117,115,89,88,67,67,73,57,50,60,45,41,43,41,44,35,34,46,22,30,31,25,4032.0,93
4032,BELMORE_RD E of BURKE_RD,045 K04,-37.80236,145.06167,16974,374,3,1,2006-10-08 00:15:00,28,26,13,14,9,15,9,8,11,9,9,3,3,9,5,5,4,7,7,6,3,1,10,7,14,12,28,11,21,19,41,7,33,33,61,58,86,77,82,104,86,83,92,96,107,97,120,111,112,104,108,107,126,112,98,111,127,89,80,97,88,139,124,89,113,116,124,105,106,95,114,102,84,93,81,80,85,53,48,36,45,34,53,36,37,38,41,40,27,29,28,16,15,16,11,5,4032.0,60
4032,BELMORE_RD E of BURKE_RD,045 K04,-37.80236,145.06167,16974,374,3,1,2006-10-09 00:15:00,5,14,3,2,2,1,1,1,4,0,1,3,1,2,2,6,10,2,5,5,17,12,26,17,37,58,92,124,168,202,266,306,316,285,235,229,179,169,134,77,110,111,125,99,96,95,93,108,95,105,117,99,101,87,94,94,89,100,126,128,128,155,140,141,133,125,149,120,144,137,104,102,123,107,104,96,108,79,79,71,70,59,52,39,45,33,32,32,29,33,30,18,11,8,11,8,4032.0,468
4032,BELMORE_RD E of BURKE_RD,045 K04,-37.80236,145.06167,16974,374,3,1,2006-10-10 00:15:00,2,3,4,2,1,0,2,1,5,5,0,0,0,5,3,2,4,5,5,9,9,22,32,32,49,69,97,122,166,237,311,306,330,307,230,229,184,167,122,79,135,104,104,99,114,100,117,101,114,105,99,110,112,84,95,107,102,101,124,123,112,143,135,111,130,117,125,120,141,116,121,102,129,116,105,125,106,99,72,71,68,54,53,57,49,41,43,45,45,40,22,29,30,18,13,10,4032.0,548
4032,BELMORE_RD E of BURKE_RD,045 K04,-37.80236,145.06167,16974,374,3,1,2006-10-11 00:15:00,12,8,8,3,3,1,2,4,0,4,4,0,2,7,1,4,6,5,7,4,15,18,30,24,44,66,119,133,152,256,305,308,296,297,271,229,186,166,140,79,116,126,106,99,101,99,108,102,105,124,74,118,90,97,81,94,111,95,92,121,125,153,130,142,130,151,109,140,136,118,121,109,140,139,105,71,122,88,70,58,81,42,53,62,58,41,53,41,41,35,33,31,23,18,14,10,4032.0,561
4032,BELMORE_RD E of BURKE_RD,045 K04,-37.80236,145.06167,16974,374,3,1,2006-10-12 00:15:00,12,8,5,2,3,4,5,4,2,1,2,2,5,6,0,2,8,4,5,8,9,19,28,35,60,69,103,121,167,271,299,306,284,337,234,251,173,178,139,79,88,130,107,99,99,109,120,122,99,124,95,101,82,112,83,108,111,99,98,121,125,124,154,160,121,141,128,143,140,145,118,78,130,133,119,95,107,89,95,77,79,73,63,56,57,64,43,41,60,33,41,28,24,8,9,12,4032.0,570
4032,BELMORE_RD E of BURKE_RD,045 K04,-37.80236,145.06167,16974,374,3,1,2006-10-13 00:15:00,3,4,6,5,5,6,5,3,5,2,1,2,4,1,5,4,7,6,5,5,11,16,22,27,34,67,96,121,160,215,256,283,309,304,249,229,187,160,134,79,120,114,111,110,113,114,90,114,103,123,118,102,110,101,89,94,101,95,107,128,124,127,148,141,115,118,130,120,135,130,118,128,117,116,128,104,93,94,78,91,62,70,60,53,46,50,45,45,37,35,36,35,34,24,18,28,4032.0,471
4032,BELMORE_RD E of BURKE_RD,045 K04,-37.80236,145.06167,16974,374,3,1,2006-10-14 00:15:00,17,22,11,21,10,12,12,15,6,4,0,9,5,4,5,10,7,5,3,7,9,6,12,14,26,29,42,47,39,55,73,71,65,101,107,133,119,124,137,205,145,134,187,165,156,174,160,157,180,171,148,188,136,104,166,143,97,152,121,103,136,118,108,146,123,114,139,95,106,125,111,127,111,120,105,112,71,112,70,65,63,54,46,41,54,45,46,46,51,47,31,38,29,32,28,25,4032.0,128
4032,BELMORE_RD E of BURKE_RD,045 K04,-37.80236,145.06167,16974,374,3,1,2006-10-15 00:15:00,31,20,24,23,12,14,7,11,14,9,15,6,11,5,9,7,8,10,7,10,8,8,6,15,9,11,25,24,19,14,24,18,37,47,52,65,81,90,93,79,99,96,102,97,103,98,107,107,121,129,136,120,99,94,89,129,131,120,95,103,96,112,128,90,109,92,101,110,112,91,96,108,82,88,67,76,71,61,45,17,45,32,54,52,48,54,36,30,39,26,31,19,11,6,12,16,4032.0,38
4032,BELMORE_RD E of BURKE_RD,045 K04,-37.80236,145.06167,16974,374,3,1,2006-10-16 00:15:00,6,8,9,3,1,1,3,1,4,0,0,4,0,7,1,5,5,3,6,8,12,16,27,31,35,70,101,113,171,256,268,306,298,325,275,252,186,147,157,79,116,108,83,99,106,98,97,102,92,82,98,105,88,98,103,84,106,108,102,121,144,126,134,145,119,102,118,120,138,121,101,97,115,96,89,104,103,90,66,59,60,53,46,44,50,48,24,35,33,35,19,20,12,17,14,15,4032.0,524
4032,BELMORE_RD E of BURKE_RD,045 K04,-37.80236,145.06167,16974,374,3,1,2006-10-17 00:15:00,2,3,1,4,3,3,0,2,1,2,0,1,3,5,3,2,2,4,5,11,13,20,30,31,42,73,133,129,166,232,297,309,316,325,268,254,186,174,122,79,106,136,110,120,112,94,98,102,88,90,91,82,87,114,86,103,101,96,89,121,127,143,149,126,125,134,146,125,126,119,111,102,134,87,77,109,102,91,85,55,53,47,40,58,49,57,46,42,34,35,18,29,30,19,11,8,4032.0,529
4032,BELMORE_RD E of BURKE_RD,045 K04,-37.80236,145.06167,16974,374,3,1,2006-10-18 00:15:00,8,6,6,2,1,1,3,6,4,6,3,3,4,2,3,5,5,2,3,7,14,25,28,25,36,88,110,111,169,221,297,318,330,323,264,219,200,155,127,137,112,134,137,99,97,110,125,108,105,131,128,116,121,100,104,94,102,85,108,113,133,124,128,159,110,123,129,130,148,126,133,117,130,145,116,104,122,90,75,72,68,41,63,57,54,47,42,41,46,37,43,32,31,13,7,6,4032.0,518
4032,BELMORE_RD E of BURKE_RD,045 K04,-37.80236,145.06167,16974,374,3,1,2006-10-19 00:15:00,10,10,6,4,3,6,7,6,3,6,1,3,7,8,4,4,7,3,5,5,15,20,25,36,47,59,103,111,183,238,300,301,316,298,246,221,197,164,133,73,125,101,106,117,101,95,129,94,96,109,122,101,88,105,117,112,108,106,109,128,131,122,124,146,127,129,137,111,138,149,138,139,140,120,124,104,116,119,78,83,68,64,53,66,68,62,56,39,58,46,36,20,24,14,12,15,4032.0,538
4032,BELMORE_RD E of BURKE_RD,045 K04,-37.80236,145.06167,16974,374,3,1,2006-10-20 00:15:00,7,10,2,5,3,3,4,0,2,4,4,7,3,4,3,5,6,4,11,11,11,24,25,27,48,68,97,125,135,224,276,266,291,310,234,237,186,166,154,79,124,109,116,112,93,109,97,126,123,108,122,101,109,106,83,121,88,93,88,131,130,155,137,153,116,113,129,108,145,113,96,102,137,107,128,105,117,115,85,73,66,73,66,43,57,40,49,44,59,56,49,46,29,28,24,21,4032.0,500
4032,BELMORE_RD E of BURKE_RD,045 K04,-37.80236,145.06167,16974,374,3,1,2006-10-21 00:15:00,26,16,11,12,9,12,6,3,6,7,5,5,4,5,7,5,5,3,6,10,14,10,18,13,29,25,48,39,40,48,73,68,51,101,109,141,117,143,140,149,154,173,168,139,147,158,151,135,191,196,148,174,147,139,161,148,124,157,123,129,137,131,123,149,101,92,128,122,116,115,120,99,122,105,108,110,89,98,74,70,55,52,41,52,48,42,40,35,29,36,28,33,50,36,30,38,4032.0,121
4032,BELMORE_RD E of BURKE_RD,045 K04,-37.80236,145.06167,16974,374,3,1,2006-10-22 00:15:00,18,19,17,17,15,12,9,7,4,8,7,5,5,6,2,7,5,4,5,6,4,7,9,10,12,7,21,17,18,34,23,34,37,41,62,57,67,70,93,87,94,118,86,111,101,101,102,107,112,113,102,111,105,120,102,106,108,85,112,87,129,111,108,114,117,98,88,109,93,109,99,96,107,78,78,57,72,54,51,26,40,35,35,52,49,54,40,32,30,25,21,25,13,16,9,9,4032.0,57
4032,BELMORE_RD E of BURKE_RD,045 K04,-37.80236,145.06167,16974,374,3,1,2006-10-23 00:15:00,5,6,4,7,4,2,2,3,2,1,0,1,1,2,3,5,9,2,13,5,14,16,25,33,33,67,96,128,158,218,278,306,343,291,249,248,175,175,112,79,110,136,87,119,97,102,94,103,105,94,93,100,111,83,86,94,95,79,101,125,119,140,109,136,104,122,122,135,122,113,126,102,127,97,86,95,109,90,66,75,52,52,47,45,49,42,38,32,27,30,16,22,10,7,10,8,4032.0,496
4032,BELMORE_RD E of BURKE_RD,045 K04,-37.80236,145.06167,16974,374,3,1,2006-10-24 00:15:00,6,4,3,3,2,4,1,3,1,1,1,2,5,3,5,3,5,1,4,8,15,14,37,33,48,69,99,131,179,261,311,306,314,305,254,229,186,174,134,122,123,125,109,99,124,114,118,73,97,109,106,107,88,88,105,73,104,107,81,102,133,144,135,126,122,109,109,120,107,120,120,126,137,136,121,108,128,89,69,71,65,50,54,56,52,40,36,45,53,30,21,27,9,14,15,10,4032.0,572
4032,BELMORE_RD E of BURKE_RD,045 K04,-37.80236,145.06167,16974,374,3,1,2006-10-25 00:15:00,8,11,4,6,3,0,5,2,2,3,3,5,2,4,7,4,8,3,5,11,12,13,20,32,43,71,125,103,160,232,313,322,289,286,258,251,190,166,148,79,137,125,125,99,100,131,118,104,108,97,103,103,83,109,103,85,110,119,106,121,134,142,136,140,136,131,128,130,156,146,131,119,131,122,104,111,121,75,62,71,74,51,50,48,62,47,46,45,37,29,27,38,31,10,6,5,4032.0,545
4032,BELMORE_RD E of BURKE_RD,045 K04,-37.80236,145.06167,16974,374,3,1,2006-10-26 00:15:00,6,13,7,4,2,4,1,4,2,2,0,2,3,3,5,4,3,6,7,8,11,16,32,25,41,79,94,124,172,249,273,297,316,305,257,220,213,163,135,79,118,121,119,99,114,101,85,102,97,128,109,117,95,126,106,92,126,105,113,127,139,118,150,153,137,131,114,128,142,150,127,122,140,132,117,111,98,99,101,72,64,63,62,60,56,77,48,40,55,53,35,24,18,17,20,14,4032.0,522
4032,BELMORE_RD E of BURKE_RD,045 K04,-37.80236,145.06167,16974,374,3,1,2006-10-27 00:15:00,13,8,2,4,1,4,2,2,2,3,2,1,0,3,3,8,7,1,9,4,10,17,28,27,38,73,116,109,151,228,260,298,299,320,249,228,188,166,140,84,112,105,107,121,104,105,134,98,122,124,86,101,112,109,105,115,102,100,102,131,137,131,126,155,134,119,142,133,130,137,123,102,123,117,123,110,108,83,85,80,75,56,52,48,62,40,57,51,43,40,48,31,32,39,27,19,4032.0,488
4032,BELMORE_RD E of BURKE_RD,045 K04,-37.80236,145.06167,16974,374,3,1,2006-10-28 00:15:00,17,19,14,18,10,4,11,6,4,5,10,6,3,2,4,3,9,3,16,10,11,20,14,18,14,24,54,41,43,38,53,75,57,83,94,130,117,142,138,192,126,138,194,127,174,190,159,152,212,178,154,162,152,111,165,143,131,163,105,100,125,106,97,146,130,103,126,147,96,135,142,99,120,120,101,86,89,105,69,65,65,60,40,36,52,43,59,36,31,41,33,38,38,35,31,30,4032.0,91
4032,BELMORE_RD E of BURKE_RD,045 K04,-37.80236,145.06167,16974,374,3,1,2006-10-29 00:15:00,28,23,15,14,16,8,9,0,0,0,0,10,9,4,12,7,9,7,7,7,9,5,6,4,11,19,22,9,29,20,29,29,28,32,39,50,62,64,84,76,85,61,77,79,94,104,106,84,126,87,108,125,105,107,109,82,116,110,101,84,101,98,111,123,95,138,110,102,100,97,111,83,78,86,101,67,73,61,50,62,44,46,59,43,60,36,31,45,25,29,25,18,19,17,7,6,4032.0,49
4032,BELMORE_RD E of BURKE_RD,045 K04,-37.80236,145.06167,16974,374,3,1,2006-10-30 00:15:00,8,7,6,10,4,6,6,3,1,5,1,1,2,4,0,5,4,5,6,7,11,20,23,23,44,65,97,107,166,213,259,322,316,274,276,236,202,154,136,79,130,105,113,118,104,101,102,102,96,100,99,101,85,101,100,103,105,107,107,106,126,146,135,141,130,125,123,109,134,120,118,110,113,107,104,103,83,75,74,67,59,53,44,56,52,38,36,29,35,35,22,20,20,10,9,13,4032.0,472
4032,BELMORE_RD E of BURKE_RD,045 K04,-37.80236,145.06167,16974,374,3,1,2006-10-31 00:15:00,6,9,9,4,3,1,2,1,1,0,1,4,4,4,3,3,5,4,5,3,10,18,33,27,28,66,90,117,147,230,298,306,320,292,228,229,192,151,126,121,119,128,100,113,103,117,105,105,100,100,104,93,104,89,108,88,96,118,119,98,122,148,140,131,140,120,125,120,158,125,123,102,133,118,104,109,130,74,83,69,76,43,54,45,63,45,33,46,35,44,31,33,26,17,8,12,4032.0,528
4032,BURKE_RD S of HARP_RD,045 K04,-37.80256,145.06117,16624,374,5,1,2006-10-01 00:15:00,84,98,70,80,64,49,38,43,31,34,21,35,33,22,30,17,23,19,12,8,28,12,19,21,25,32,56,35,32,45,42,72,61,97,90,116,130,119,152,118,173,151,175,158,189,187,174,205,204,231,219,279,245,191,225,231,208,188,201,203,191,186,218,215,238,193,240,227,235,269,244,261,206,162,201,184,152,145,113,98,131,106,97,92,116,139,120,107,128,79,81,69,49,65,46,39,4032.0,87
4032,BURKE_RD S of HARP_RD,045 K04,-37.80256,145.06117,16624,374,5,1,2006-10-02 00:15:00,30,45,22,20,10,17,14,9,10,12,9,12,8,6,8,7,3,9,13,17,24,17,27,37,56,82,101,135,123,201,232,198,210,305,244,195,179,204,187,188,190,200,187,170,192,183,192,200,196,212,196,202,185,242,220,207,197,229,222,247,222,244,237,204,333,302,328,332,296,360,327,356,332,302,282,204,185,182,158,146,127,105,113,122,139,122,107,133,99,100,95,63,53,43,39,29,4032.0,433
4032,BURKE_RD S of HARP_RD,045 K04,-37.80256,145.06117,16624,374,5,1,2006-10-03 00:15:00,36,20,18,7,9,13,11,7,12,4,6,11,5,4,5,7,8,11,10,17,27,23,40,42,58,85,143,155,171,195,233,228,231,269,223,249,172,224,205,199,174,236,238,181,212,218,196,200,217,206,201,178,214,205,232,185,203,246,236,233,251,250,253,319,309,341,342,313,339,350,371,313,327,337,278,254,250,225,204,151,155,139,153,131,120,141,123,162,125,131,119,94,74,75,66,44,4032.0,428
4032,BURKE_RD S of HARP_RD,045 K04,-37.80256,145.06117,16624,374,5,1,2006-10-04 00:15:00,33,32,29,22,18,12,12,11,20,8,9,13,9,8,14,9,6,8,12,9,12,28,39,58,55,99,140,143,182,228,206,213,236,258,229,225,214,206,233,186,218,181,239,181,195,194,204,206,228,193,220,206,200,206,248,214,207,217,222,236,217,281,275,302,302,331,298,311,354,340,336,327,297,309,279,256,252,206,201,178,169,154,151,139,138,155,133,139,135,136,106,98,82,62,62,48,4032.0,434
4032,BURKE_RD S of HARP_RD,045 K04,-37.80256,145.06117,16624,374,5,1,2006-10-05 00:15:00,45,36,22,23,19,20,13,18,11,7,12,12,12,18,13,6,8,10,14,13,21,36,35,45,62,73,125,138,125,180,220,254,277,243,300,257,205,221,209,209,225,206,190,176,214,171,208,213,252,183,238,208,220,220,245,214,215,237,240,239,250,285,215,332,294,304,323,318,305,331,308,360,327,328,270,266,286,228,174,197,166,137,136,136,173,159,179,116,141,96,108,98,87,76,76,54,4032.0,400
4032,BURKE_RD S of HARP_RD,045 K04,-37.80256,145.06117,16624,374,5,1,2006-10-06 00:15:00,39,34,40,19,18,17,22,12,24,19,16,6,12,11,6,8,7,6,12,23,22,33,42,43,63,85,118,140,153,179,186,213,215,265,259,225,194,226,197,209,198,177,194,185,211,236,209,176,219,221,232,217,216,250,257,248,224,270,219,239,211,283,299,299,341,342,317,306,318,322,324,343,351,322,312,194,278,244,167,178,158,138,152,147,129,136,125,138,136,159,150,132,145,113,117,102,4032.0,365
4032,BURKE_RD S of HARP_RD,045 K04,-37.80256,145.06117,16624,374,5,1,2006-10-07 00:15:00,74,77,68,63,53,46,37,30,44,21,20,19,14,30,19,12,21,16,17,17,16,23,40,29,43,56,96,74,73,80,85,95,107,133,168,166,193,189,200,195,217,211,199,243,265,243,256,185,249,278,289,249,301,269,275,223,226,225,244,265,252,289,266,285,278,267,262,269,249,322,293,306,266,213,200,242,190,174,158,148,127,116,112,118,105,126,117,118,116,106,120,136,134,129,151,132,4032.0,165
4032,BURKE_RD S of HARP_RD,045 K04,-37.80256,145.06117,16624,374,5,1,2006-10-08 00:15:00,107,117,87,98,73,57,47,46,40,38,32,50,27,23,18,13,20,17,9,15,18,16,27,23,32,19,44,45,54,55,62,0,46,80,84,111,108,123,118,160,160,170,170,177,185,209,209,202,190,243,258,243,259,227,226,225,220,210,241,235,240,219,242,252,211,241,255,216,243,265,239,259,183,182,183,180,174,150,129,107,108,117,112,89,129,120,126,102,90,87,83,78,57,53,36,36,4032.0,117
4032,BURKE_RD S of HARP_RD,045 K04,-37.80256,145.06117,16624,374,5,1,2006-10-09 00:15:00,23,30,23,17,26,6,7,10,9,6,12,8,6,6,6,8,7,11,10,10,23,37,33,42,58,99,109,138,152,198,215,227,225,259,259,208,186,197,200,209,229,196,221,185,173,212,223,188,219,191,197,211,195,218,219,169,222,242,236,227,236,269,269,299,299,325,319,322,310,330,363,355,356,335,282,254,220,195,168,178,161,138,118,106,139,139,133,111,91,91,82,72,63,59,51,31,4032.0,413
4032,BURKE_RD S of HARP_RD,045 K04,-37.80256,145.06117,16624,374,5,1,2006-10-10 00:15:00,31,27,18,15,8,11,14,9,9,17,5,2,6,4,11,5,4,9,14,16,24,27,52,41,74,85,134,139,160,205,213,213,235,299,259,225,204,189,224,209,205,205,214,178,212,186,227,192,242,183,228,212,224,212,234,216,185,235,228,222,219,279,268,299,311,283,317,256,315,329,341,326,338,302,338,282,225,223,205,178,138,132,140,149,152,152,138,131,145,141,97,86,79,68,58,49,4032.0,418
4032,BURKE_RD S of HARP_RD,045 K04,-37.80256,145.06117,16624,374,5,1,2006-10-11 00:15:00,48,27,32,18,19,14,15,14,10,14,7,9,6,9,8,8,9,14,11,14,20,30,40,40,72,87,132,134,169,203,224,213,211,258,273,225,194,192,227,231,195,227,222,169,219,207,197,194,202,203,215,238,204,222,221,237,200,214,230,236,238,259,301,303,290,315,300,333,294,358,302,354,322,319,340,248,225,221,177,165,140,158,156,129,148,139,142,156,141,147,131,131,77,64,56,58,4032.0,427
4032,BURKE_RD S of HARP_RD,045 K04,-37.80256,145.06117,16624,374,5,1,2006-10-12 00:15:00,42,36,30,17,21,14,16,22,12,9,7,6,8,9,9,7,12,10,8,22,26,23,35,55,65,92,116,159,137,199,187,220,224,227,269,264,215,189,212,211,219,213,215,163,209,235,228,218,226,211,199,237,215,219,237,229,227,259,245,246,241,253,252,315,287,329,336,304,291,367,370,326,322,306,255,248,216,204,193,178,162,189,188,167,140,164,151,138,118,129,119,122,97,79,53,53,4032.0,386
4032,BURKE_RD S of HARP_RD,045 K04,-37.80256,145.06117,16624,374,5,1,2006-10-13 00:15:00,42,43,31,32,22,27,14,8,20,18,10,15,15,14,16,12,5,12,5,17,23,32,35,57,76,103,122,133,148,167,192,213,213,248,269,219,221,203,209,193,195,210,214,218,190,222,207,206,247,219,233,230,222,241,224,172,211,252,220,240,223,262,259,298,305,324,290,322,299,340,365,302,325,335,290,263,219,203,195,192,161,157,131,122,138,140,150,146,111,124,131,147,122,119,102,82,4032.0,359
4032,BURKE_RD S of HARP_RD,045 K04,-37.80256,145.06117,16624,374,5,1,2006-10-14 00:15:00,64,94,60,60,46,53,29,32,21,27,25,24,20,20,19,15,16,19,17,16,16,16,50,37,45,51,69,56,66,86,78,117,133,160,158,181,175,174,196,202,185,219,206,225,237,221,271,247,249,262,284,248,257,305,227,252,259,258,268,244,291,285,258,270,269,267,255,251,279,284,324,265,284,264,237,220,233,196,172,150,148,146,128,123,117,120,118,156,140,138,137,161,112,140,127,123,4032.0,164
4032,BURKE_RD S of HARP_RD,045 K04,-37.80256,145.06117,16624,374,5,1,2006-10-15 00:15:00,119,117,88,80,85,76,64,42,47,33,32,33,34,27,26,29,20,27,12,18,17,25,34,19,39,36,52,39,37,39,49,0,64,77,107,114,108,128,151,147,160,181,177,200,210,199,186,204,190,245,229,220,251,233,223,221,227,186,190,208,188,214,192,220,224,234,229,234,215,278,233,255,227,210,211,171,126,138,126,107,114,118,126,106,145,123,106,102,95,93,79,95,62,41,34,44,4032.0,88
4032,BURKE_RD S of HARP_RD,045 K04,-37.80256,145.06117,16624,374,5,1,2006-10-16 00:15:00,40,33,22,26,15,11,7,15,13,12,6,11,10,9,7,2,10,12,6,11,17,30,44,46,76,81,102,121,183,185,223,189,218,246,248,221,218,223,208,209,189,217,193,185,197,184,172,213,234,222,229,205,226,202,227,209,178,211,217,239,222,265,291,295,327,343,318,298,285,362,335,349,311,323,266,248,212,191,156,184,173,153,118,108,151,152,108,119,116,119,80,69,65,65,37,36,4032.0,408
4032,BURKE_RD S of HARP_RD,045 K04,-37.80256,145.06117,16624,374,5,1,2006-10-17 00:15:00,40,29,25,14,21,9,11,11,7,6,12,6,4,5,4,11,12,7,7,22,15,29,49,50,71,83,128,127,170,190,212,221,203,241,285,220,192,212,213,209,209,236,218,207,205,192,211,213,197,208,220,238,215,215,231,197,190,233,233,239,251,248,271,331,314,321,319,329,297,358,315,299,306,346,332,276,247,213,197,194,159,137,121,159,163,141,159,153,152,121,111,133,122,78,61,56,4032.0,402
4032,BURKE_RD S of HARP_RD,045 K04,-37.80256,145.06117,16624,374,5,1,2006-10-18 00:15:00,55,37,27,30,29,15,21,11,20,12,18,17,8,8,14,8,5,12,19,12,24,21,21,57,78,103,121,116,188,212,213,214,220,257,248,225,231,193,214,209,194,208,195,185,206,208,251,240,219,217,210,236,207,220,225,214,215,243,213,237,229,265,264,284,347,325,304,323,345,318,337,353,315,356,290,248,235,220,213,205,158,153,161,151,174,155,158,122,140,129,99,99,101,82,70,51,4032.0,425
4032,BURKE_RD S of HARP_RD,045 K04,-37.80256,145.06117,16624,374,5,1,2006-10-19 00:15:00,55,40,29,19,22,21,18,14,13,10,18,9,9,13,11,7,9,13,9,20,35,24,33,49,63,109,103,139,144,188,213,241,214,258,245,240,206,173,219,209,196,236,199,214,205,200,209,232,234,216,218,206,206,222,235,201,241,224,223,239,265,252,259,302,310,304,301,327,304,329,365,322,351,319,290,213,249,253,196,161,179,192,165,134,162,154,156,122,158,136,119,143,93,73,57,46,4032.0,401
4032,BURKE_RD S of HARP_RD,045 K04,-37.80256,145.06117,16624,374,5,1,2006-10-20 00:15:00,52,46,33,30,22,29,20,10,14,14,15,14,10,10,14,17,10,12,11,15,18,22,41,64,70,110,116,131,160,164,242,185,247,248,266,236,208,216,194,209,176,211,175,223,193,206,225,212,220,230,223,208,233,249,264,238,223,216,274,247,271,270,245,256,359,349,289,316,322,308,360,326,275,289,274,260,220,220,194,171,180,132,118,141,133,131,137,148,159,127,138,122,133,106,123,105,4032.0,406
4032,BURKE_RD S of HARP_RD,045 K04,-37.80256,145.06117,16624,374,5,1,2006-10-21 00:15:00,99,92,83,60,41,46,28,20,23,20,32,23,13,23,16,19,12,11,23,18,13,23,40,43,44,48,66,55,65,68,68,104,129,106,153,185,157,180,207,203,223,197,223,248,230,222,265,185,260,260,309,265,268,258,247,268,256,228,265,247,259,283,266,260,226,216,231,238,266,295,264,251,286,268,249,201,169,187,156,147,121,127,134,126,130,117,105,113,114,114,132,136,160,113,161,108,4032.0,136
4032,BURKE_RD S of HARP_RD,045 K04,-37.80256,145.06117,16624,374,5,1,2006-10-22 00:15:00,110,101,113,59,85,51,55,47,39,39,39,27,26,22,23,30,14,13,16,14,24,21,26,23,35,30,40,42,45,55,62,63,68,83,108,103,120,125,133,178,173,192,195,192,197,167,186,240,230,257,263,236,253,252,217,225,187,216,205,236,218,196,218,209,251,206,253,255,254,272,220,244,260,195,198,186,176,156,126,107,116,116,106,110,132,118,98,99,89,87,65,79,57,69,45,38,4032.0,117
4032,BURKE_RD S of HARP_RD,045 K04,-37.80256,145.06117,16624,374,5,1,2006-10-23 00:15:00,38,35,32,21,14,11,11,6,8,10,6,8,4,10,10,8,9,12,11,17,15,32,48,62,78,99,102,138,140,200,213,213,235,264,237,197,171,182,192,176,188,205,203,190,200,189,200,196,203,233,220,208,223,225,242,238,195,214,186,230,264,261,272,346,254,264,317,308,297,320,373,326,302,312,224,229,190,176,203,145,126,148,126,126,142,115,108,118,109,90,92,70,49,50,45,29,4032.0,413
4032,BURKE_RD S of HARP_RD,045 K04,-37.80256,145.06117,16624,374,5,1,2006-10-24 00:15:00,25,40,18,15,12,14,7,12,13,6,2,9,5,3,7,11,9,9,14,23,18,28,42,51,78,107,108,119,165,165,232,213,235,265,275,226,206,200,203,212,196,210,237,184,188,191,209,251,229,224,214,201,190,213,216,214,219,220,251,237,252,247,268,315,305,334,307,316,304,321,339,343,339,319,276,285,242,210,218,182,184,144,155,171,155,171,136,136,124,105,109,98,86,67,62,46,4032.0,397
4032,BURKE_RD S of HARP_RD,045 K04,-37.80256,145.06117,16624,374,5,1,2006-10-25 00:15:00,39,32,30,26,16,20,16,16,8,12,9,9,8,13,9,10,10,6,10,15,17,26,40,53,54,86,139,144,147,176,214,237,218,236,259,247,204,206,244,205,204,199,179,185,176,202,225,217,212,213,214,199,218,221,241,220,227,213,194,239,246,289,289,302,330,336,283,302,284,351,335,328,322,320,290,262,250,205,185,178,143,191,134,133,133,161,132,155,126,102,104,83,95,70,62,36,4032.0,390
4032,BURKE_RD S of HARP_RD,045 K04,-37.80256,145.06117,16624,374,5,1,2006-10-26 00:15:00,43,36,32,10,28,20,9,13,18,14,9,9,10,5,14,6,12,8,8,14,17,33,42,58,63,92,138,133,145,176,235,212,256,242,270,216,214,185,213,222,183,182,218,185,161,187,216,183,221,204,238,243,241,233,246,214,233,240,206,249,260,252,288,299,328,274,305,264,309,313,346,336,294,314,296,244,235,220,215,170,186,163,163,163,144,176,160,123,129,117,108,91,90,72,77,57,4032.0,411
4032,BURKE_RD S of HARP_RD,045 K04,-37.80256,145.06117,16624,374,5,1,2006-10-27 00:15:00,38,33,38,42,23,16,18,13,12,11,16,9,14,13,9,7,6,11,13,21,26,28,42,56,73,96,110,141,148,184,177,230,214,266,270,224,205,212,208,209,223,213,235,185,230,198,228,213,223,214,218,236,259,230,241,207,221,209,249,232,274,264,288,315,296,309,318,342,273,317,337,349,356,288,260,221,248,216,239,192,140,141,142,143,138,154,130,119,126,112,83,121,130,105,98,83,4032.0,361
4032,BURKE_RD S of HARP_RD,045 K04,-37.80256,145.06117,16624,374,5,1,2006-10-28 00:15:00,77,86,60,57,38,49,34,29,30,27,24,22,22,18,23,15,18,18,18,15,19,19,22,41,39,45,55,66,50,72,78,87,110,136,160,170,169,168,187,207,244,223,230,231,250,207,265,185,262,292,299,280,263,257,222,260,255,243,236,270,226,271,271,234,263,234,239,232,248,263,257,237,231,241,229,187,173,198,162,148,139,136,109,109,109,111,109,116,146,122,110,141,175,142,119,116,4032.0,150
4032,BURKE_RD S of HARP_RD,045 K04,-37.80256,145.06117,16624,374,5,1,2006-10-29 00:15:00,110,114,88,92,55,49,49,42,40,33,32,33,38,22,37,30,27,25,19,16,24,17,19,27,21,26,41,43,40,60,46,57,61,76,99,108,102,108,126,137,127,168,159,147,161,201,171,218,182,250,210,243,251,201,239,219,216,204,206,206,219,227,205,238,231,216,264,248,224,286,219,235,214,225,200,192,159,147,139,131,119,122,126,124,128,125,110,121,112,102,89,105,77,66,60,24,4032.0,106
4032,BURKE_RD S of HARP_RD,045 K04,-37.80256,145.06117,16624,374,5,1,2006-10-30 00:15:00,38,31,27,20,11,16,18,9,15,10,9,9,8,8,7,5,9,15,16,14,23,19,38,34,66,84,118,127,150,171,173,203,234,277,238,225,222,200,161,181,204,206,196,190,180,182,172,205,186,216,212,162,216,238,256,222,198,210,207,231,217,266,306,218,286,281,303,305,325,354,378,345,377,313,301,256,200,196,158,144,150,151,120,151,110,122,114,123,107,83,102,70,81,50,40,41,4032.0,344
4032,BURKE_RD S of HARP_RD,045 K04,-37.80256,145.06117,16624,374,5,1,2006-10-31 00:15:00,35,28,26,20,17,14,16,4,9,13,13,13,13,7,5,11,7,8,12,12,20,30,37,30,70,91,125,132,183,206,202,202,232,236,246,199,180,194,202,209,249,228,204,209,212,186,234,223,201,174,227,186,216,211,230,190,189,220,248,254,250,255,340,296,298,288,304,339,310,358,337,326,340,324,339,308,217,229,202,180,131,166,173,161,143,142,130,128,120,125,110,108,82,73,59,46,4032.0,408
4032,HARP_RD W of BURKE_RD,045 K04,-37.80225,145.06081,4763,374,7,1,2006-10-01 00:15:00,47,32,30,23,29,15,26,15,13,14,9,6,5,8,11,9,8,12,10,7,7,7,6,5,5,18,13,22,26,22,21,32,29,33,43,64,53,50,68,64,97,72,92,77,84,66,92,92,85,90,98,77,94,96,74,96,92,87,85,91,89,82,87,81,87,102,87,97,102,103,106,105,88,81,76,83,68,56,71,57,55,51,56,51,58,70,62,46,35,45,30,39,27,17,17,32,4032.0,43
4032,HARP_RD W of BURKE_RD,045 K04,-37.80225,145.06081,4763,374,7,1,2006-10-02 00:15:00,11,13,6,5,10,7,5,4,0,2,3,1,5,0,3,5,4,5,4,5,5,6,12,18,20,44,36,54,49,80,73,81,106,115,125,102,99,67,75,99,95,73,81,75,86,86,84,88,93,78,72,94,77,85,88,102,100,91,99,92,119,123,182,152,127,126,149,162,136,167,193,205,146,142,139,115,100,97,87,89,66,66,58,52,58,47,47,48,49,51,29,34,23,14,15,11,4032.0,153
4032,HARP_RD W of BURKE_RD,045 K04,-37.80225,145.06081,4763,374,7,1,2006-10-03 00:15:00,18,9,7,6,8,3,5,2,1,5,2,5,3,3,4,2,6,3,7,10,9,10,8,16,21,39,45,55,49,69,71,85,85,100,112,105,75,82,77,77,66,78,65,63,75,65,84,82,79,85,80,77,83,89,89,84,77,88,85,119,116,149,167,164,169,135,158,131,159,164,180,211,164,152,140,122,123,91,85,95,71,87,76,76,64,59,60,70,48,50,36,46,42,25,20,15,4032.0,140
4032,HARP_RD W of BURKE_RD,045 K04,-37.80225,145.06081,4763,374,7,1,2006-10-04 00:15:00,16,13,6,9,7,3,2,2,4,5,2,11,1,1,6,4,2,4,4,13,6,11,15,20,26,41,48,70,49,57,85,62,99,109,101,105,108,74,90,80,65,71,81,75,83,105,99,82,92,87,110,77,93,79,70,94,85,81,107,96,120,129,171,152,117,133,157,174,139,142,203,194,173,160,151,122,102,111,99,89,85,62,65,75,61,60,70,55,69,64,40,47,49,32,30,25,4032.0,142
4032,HARP_RD W of BURKE_RD,045 K04,-37.80225,145.06081,4763,374,7,1,2006-10-05 00:15:00,18,24,23,11,9,14,10,8,9,6,11,12,9,4,5,6,7,7,6,17,13,8,15,14,22,29,57,55,58,69,82,85,93,100,115,81,93,105,77,91,77,80,76,75,81,89,70,82,95,102,65,65,110,98,95,94,85,102,100,96,102,135,167,151,140,157,148,167,162,185,197,177,176,166,129,149,85,116,108,87,85,71,92,92,78,62,66,62,61,45,60,56,34,36,22,24,4032.0,151
4032,HARP_RD W of BURKE_RD,045 K04,-37.80225,145.06081,4763,374,7,1,2006-10-06 00:15:00,19,9,11,12,3,7,2,2,8,6,8,11,6,9,4,4,2,10,5,8,6,10,15,23,19,41,58,61,63,62,82,81,118,105,103,85,67,66,82,91,76,81,69,75,99,74,99,82,87,78,95,90,73,94,80,69,87,108,102,96,124,138,177,152,129,122,136,130,138,171,174,202,157,165,157,122,127,103,85,89,82,65,84,63,65,61,60,54,58,58,46,54,55,59,34,48,4032.0,144
4032,HARP_RD W of BURKE_RD,045 K04,-37.80225,145.06081,4763,374,7,1,2006-10-07 00:15:00,42,32,25,32,16,19,13,11,19,17,5,13,17,8,4,8,5,9,6,8,5,4,11,6,5,21,18,35,38,40,42,60,52,74,82,113,74,100,111,108,114,105,104,131,125,117,107,134,131,112,151,109,119,101,94,75,93,118,106,110,88,86,125,113,111,111,97,103,118,97,104,81,79,81,112,89,96,75,68,37,61,65,45,55,54,60,49,45,57,43,53,69,56,59,54,56,4032.0,82
4032,HARP_RD W of BURKE_RD,045 K04,-37.80225,145.06081,4763,374,7,1,2006-10-08 00:15:00,35,45,37,33,26,26,20,27,16,5,13,13,16,19,4,10,10,8,6,6,9,3,7,8,10,14,21,21,21,32,22,0,41,34,54,57,52,54,50,63,78,94,113,76,95,79,80,86,97,88,98,73,93,88,83,71,76,103,95,92,90,90,100,77,100,93,69,86,92,90,106,94,96,92,80,73,73,56,76,62,47,40,39,42,40,49,47,40,34,27,37,29,19,17,18,7,4032.0,54
4032,HARP_RD W of BURKE_RD,045 K04,-37.80225,145.06081,4763,374,7,1,2006-10-09 00:15:00,11,17,3,8,4,5,8,2,4,4,2,5,1,3,3,2,3,2,7,6,9,14,15,20,22,39,48,55,69,54,79,70,86,94,124,105,87,70,78,91,66,58,89,75,81,71,87,79,79,87,96,94,108,103,79,103,74,88,76,105,115,138,171,152,135,148,167,131,157,201,153,193,182,143,134,109,105,95,97,89,76,48,58,60,49,52,59,29,51,49,46,48,24,19,13,9,4032.0,133
4032,HARP_RD W of BURKE_RD,045 K04,-37.80225,145.06081,4763,374,7,1,2006-10-10 00:15:00,7,6,7,5,5,3,7,3,5,6,1,1,0,2,0,3,3,8,5,8,3,16,10,20,26,37,53,51,51,66,83,81,91,97,125,105,100,77,80,91,94,91,67,75,59,87,109,86,79,90,86,80,110,92,89,95,84,101,111,114,118,114,167,152,148,156,142,131,144,156,200,194,192,172,145,122,122,101,84,89,79,84,76,61,67,61,66,66,43,54,42,38,37,18,18,22,4032.0,149
4032,HARP_RD W of BURKE_RD,045 K04,-37.80225,145.06081,4763,374,7,1,2006-10-11 00:15:00,18,11,10,5,7,3,8,4,2,2,8,1,7,3,4,3,5,10,6,5,5,13,15,26,30,42,45,46,46,65,72,81,84,91,99,105,85,85,82,91,74,66,69,75,78,78,84,82,84,87,106,93,91,99,88,85,83,100,85,91,118,140,169,179,144,149,152,141,148,153,181,201,165,163,140,122,115,98,93,84,74,78,65,72,65,80,74,61,64,48,42,39,36,31,26,15,4032.0,137
4032,HARP_RD W of BURKE_RD,045 K04,-37.80225,145.06081,4763,374,7,1,2006-10-12 00:15:00,20,21,11,15,10,8,7,5,7,5,7,8,10,10,7,8,9,8,7,11,7,8,19,26,30,48,51,59,69,70,82,81,98,119,125,117,94,93,87,71,73,78,55,75,93,90,70,104,98,89,91,84,86,64,95,94,100,103,85,81,107,152,150,145,147,128,164,170,155,165,160,194,166,156,133,119,116,79,89,82,94,97,76,85,79,58,72,56,70,56,51,51,40,38,25,19,4032.0,152
4032,HARP_RD W of BURKE_RD,045 K04,-37.80225,145.06081,4763,374,7,1,2006-10-13 00:15:00,15,18,12,6,6,8,9,6,5,5,6,5,6,1,5,4,6,5,3,11,9,12,19,18,25,37,53,48,57,69,71,92,89,108,97,105,94,77,89,91,82,79,79,98,107,86,110,80,92,97,93,110,115,82,86,94,100,93,99,102,123,153,142,175,152,150,145,131,154,146,180,196,198,153,144,139,131,91,93,87,91,69,60,81,71,62,50,65,62,51,57,39,56,53,39,33,4032.0,140
4032,HARP_RD W of BURKE_RD,045 K04,-37.80225,145.06081,4763,374,7,1,2006-10-14 00:15:00,33,31,43,27,20,17,16,19,11,9,9,9,10,12,5,8,8,10,4,9,2,8,4,8,17,20,33,26,28,45,49,61,66,77,85,97,88,79,107,98,98,105,126,121,143,91,142,135,135,123,140,137,116,116,122,100,110,78,103,106,105,82,109,89,123,128,88,86,117,92,90,88,95,98,65,78,59,71,69,58,68,50,44,49,42,48,51,63,60,49,53,47,40,47,40,41,4032.0,94
4032,HARP_RD W of BURKE_RD,045 K04,-37.80225,145.06081,4763,374,7,1,2006-10-15 00:15:00,46,33,40,24,31,19,25,19,23,17,12,17,8,8,10,7,10,14,5,12,8,7,9,7,14,21,14,24,21,27,33,12,34,36,44,65,43,51,61,62,69,90,103,88,77,93,88,77,107,95,103,97,96,93,92,84,78,91,101,112,79,100,101,83,103,81,84,84,70,100,120,100,77,71,77,78,78,47,64,29,53,55,44,45,52,52,54,43,43,32,27,21,18,21,19,16,4032.0,60
4032,HARP_RD W of BURKE_RD,045 K04,-37.80225,145.06081,4763,374,7,1,2006-10-16 00:15:00,14,7,7,9,5,6,6,2,6,0,4,1,3,2,4,7,1,4,10,3,6,8,12,16,17,41,57,58,54,63,77,71,88,89,135,101,110,75,90,91,94,83,82,61,85,79,101,67,83,90,70,104,67,101,71,91,102,100,101,96,121,126,154,137,126,141,141,131,128,149,174,184,159,164,118,122,102,96,81,78,67,58,62,59,57,47,73,48,59,52,53,28,37,20,19,20,4032.0,140
4032,HARP_RD W of BURKE_RD,045 K04,-37.80225,145.06081,4763,374,7,1,2006-10-17 00:15:00,7,13,6,6,8,5,2,2,3,3,1,0,1,5,3,3,3,4,9,15,7,12,10,22,18,40,46,59,55,76,79,92,93,114,114,107,92,79,55,91,61,73,73,85,72,88,84,82,98,74,95,77,74,97,84,96,84,88,118,96,125,120,167,152,166,128,163,131,156,161,188,194,180,122,140,147,105,102,101,90,85,86,70,67,64,53,54,53,70,45,48,43,32,36,30,16,4032.0,155
4032,HARP_RD W of BURKE_RD,045 K04,-37.80225,145.06081,4763,374,7,1,2006-10-18 00:15:00,21,17,7,13,6,3,8,7,2,2,6,1,4,6,1,1,7,4,6,8,8,7,17,15,32,39,34,52,45,71,86,92,96,108,116,128,78,88,58,86,53,74,81,75,80,81,74,75,88,87,86,114,95,103,84,94,96,126,126,111,120,129,142,154,143,132,121,138,159,161,162,166,178,122,139,122,131,98,112,80,101,77,56,65,58,47,69,64,51,58,45,46,38,30,33,33,4032.0,157
4032,HARP_RD W of BURKE_RD,045 K04,-37.80225,145.06081,4763,374,7,1,2006-10-19 00:15:00,19,24,15,7,12,5,13,12,5,8,6,5,9,6,5,4,4,3,10,9,5,9,13,23,33,37,39,60,62,55,80,79,100,98,117,130,84,89,68,91,78,76,84,62,81,88,100,106,95,87,95,77,80,89,99,86,79,90,78,119,123,126,165,157,154,146,146,143,167,171,187,198,180,141,131,122,108,104,92,76,80,76,77,80,69,63,75,66,44,63,36,45,36,37,36,35,4032.0,135
4032,HARP_RD W of BURKE_RD,045 K04,-37.80225,145.06081,4763,374,7,1,2006-10-20 00:15:00,28,15,13,11,13,8,2,6,10,5,4,3,6,5,3,6,8,6,6,7,12,14,14,20,26,42,48,58,52,70,70,89,93,123,95,124,92,87,76,91,90,73,105,74,74,89,60,98,99,98,87,77,104,85,82,87,92,96,118,98,127,159,194,162,156,126,164,145,173,199,149,194,162,165,155,123,96,123,115,102,76,67,81,64,69,60,53,43,47,62,42,56,48,44,33,31,4032.0,140
4032,HARP_RD W of BURKE_RD,045 K04,-37.80225,145.06081,4763,374,7,1,2006-10-21 00:15:00,27,36,27,27,20,13,11,28,16,4,10,8,7,8,11,8,3,9,5,10,2,4,4,12,14,26,20,30,27,55,41,59,63,60,72,105,101,94,102,109,103,106,90,141,101,99,134,133,124,133,162,128,105,130,96,110,122,80,76,118,83,87,96,101,95,119,120,90,96,89,97,79,90,113,77,89,70,84,55,50,48,48,50,53,48,38,63,59,52,38,56,49,55,69,49,51,4032.0,96
4032,HARP_RD W of BURKE_RD,045 K04,-37.80225,145.06081,4763,374,7,1,2006-10-22 00:15:00,38,46,27,22,33,22,21,19,19,17,5,17,9,8,6,7,7,2,6,8,6,2,9,12,13,12,19,29,18,21,33,26,38,37,42,60,70,54,68,63,95,107,81,82,74,70,69,92,86,88,83,106,108,92,100,77,86,97,81,71,83,90,97,97,94,93,87,82,98,118,92,80,103,72,95,80,75,59,79,57,32,49,56,58,54,43,59,42,29,27,26,26,24,24,24,17,4032.0,54
4032,HARP_RD W of BURKE_RD,045 K04,-37.80225,145.06081,4763,374,7,1,2006-10-23 00:15:00,17,10,12,7,5,4,7,4,1,7,2,5,5,3,3,5,2,2,9,5,8,7,16,16,27,33,44,50,59,50,79,81,88,112,134,108,129,76,77,91,82,78,62,73,95,86,71,82,86,90,69,69,73,57,74,89,89,72,98,106,105,112,158,173,124,158,139,166,181,182,159,196,164,140,134,109,96,111,73,87,70,70,56,52,44,53,47,63,32,51,34,43,25,15,11,10,4032.0,129
4032,HARP_RD W of BURKE_RD,045 K04,-37.80225,145.06081,4763,374,7,1,2006-10-24 00:15:00,11,15,6,3,8,7,3,2,3,4,4,1,2,7,4,3,5,6,4,5,11,10,15,22,32,44,55,67,55,60,85,81,117,109,120,122,91,77,96,91,83,78,69,106,98,69,82,82,81,86,86,87,103,79,102,86,99,63,101,102,125,123,149,153,165,157,147,141,153,160,199,194,165,149,153,126,118,89,87,71,82,84,79,81,62,52,62,74,73,52,53,42,31,31,23,11,4032.0,145
4032,HARP_RD W of BURKE_RD,045 K04,-37.80225,145.06081,4763,374,7,1,2006-10-25 00:15:00,15,12,15,12,6,8,5,3,5,11,2,0,8,1,5,8,9,3,3,9,6,14,14,18,24,38,46,53,52,71,72,74,107,97,131,131,112,78,78,85,73,74,91,75,61,100,80,78,93,102,111,107,100,82,85,84,93,115,105,96,132,112,163,172,143,140,133,148,158,164,166,189,153,143,127,128,120,116,80,89,92,68,74,63,50,50,61,61,69,48,40,46,48,36,22,24,4032.0,143
4032,HARP_RD W of BURKE_RD,045 K04,-37.80225,145.06081,4763,374,7,1,2006-10-26 00:15:00,18,17,21,13,12,5,7,6,6,7,7,5,12,9,6,5,6,3,7,11,8,10,13,21,28,45,35,54,60,50,51,84,108,78,110,117,103,73,82,83,73,83,79,75,70,98,93,86,107,86,102,77,77,105,84,85,95,80,107,96,139,151,136,167,154,149,140,174,173,198,200,204,212,160,140,122,116,115,104,103,80,79,71,74,75,64,87,55,57,48,56,53,38,28,24,22,4032.0,101
4032,HARP_RD W of BURKE_RD,045 K04,-37.80225,145.06081,4763,374,7,1,2006-10-27 00:15:00,23,11,14,9,9,6,9,5,3,6,4,2,3,2,3,4,10,6,6,11,7,13,14,23,26,43,57,57,44,66,66,94,75,128,130,99,72,66,70,80,75,68,71,97,86,63,88,73,96,88,98,77,109,108,93,77,100,90,116,121,144,123,203,154,125,123,135,163,146,162,167,194,142,152,150,123,125,91,93,74,83,70,67,46,67,67,45,57,49,49,51,57,48,46,40,42,4032.0,132
4032,HARP_RD W of BURKE_RD,045 K04,-37.80225,145.06081,4763,374,7,1,2006-10-28 00:15:00,27,20,31,21,15,16,21,11,13,8,13,7,4,9,7,11,7,4,14,16,7,9,4,11,10,25,24,37,29,31,49,72,66,53,73,95,90,114,104,109,119,107,101,140,125,131,127,136,148,128,160,150,125,103,101,75,119,101,104,115,94,98,127,95,95,120,101,101,107,111,109,77,104,90,89,98,91,84,71,37,69,57,55,46,43,52,44,50,60,41,51,52,42,46,35,42,4032.0,80
4032,HARP_RD W of BURKE_RD,045 K04,-37.80225,145.06081,4763,374,7,1,2006-10-29 00:15:00,39,37,28,22,25,24,19,19,17,11,8,13,11,15,12,16,14,10,12,6,9,9,5,12,9,11,14,20,19,23,18,25,28,28,49,40,62,46,45,64,60,81,74,60,85,73,89,111,85,71,90,67,90,108,63,78,83,61,87,94,74,62,83,88,103,85,95,90,98,86,109,95,83,95,101,92,81,65,79,58,56,47,71,33,65,53,46,49,36,39,27,37,31,22,21,25,4032.0,41
4032,HARP_RD W of BURKE_RD,045 K04,-37.80225,145.06081,4763,374,7,1,2006-10-30 00:15:00,27,12,13,12,14,11,8,5,5,5,2,4,2,3,5,4,7,3,4,3,6,10,9,14,18,33,44,54,47,69,67,79,84,99,111,111,104,76,77,61,68,74,84,85,87,101,91,82,88,85,94,84,81,71,84,107,83,83,94,94,117,142,143,152,125,161,130,167,164,175,184,217,169,158,131,106,95,98,91,82,81,70,62,74,66,54,54,40,52,44,43,39,32,28,19,25,4032.0,136
4032,HARP_RD W of BURKE_RD,045 K04,-37.80225,145.06081,4763,374,7,1,2006-10-31 00:15:00,8,12,8,10,10,15,4,2,4,5,1,1,3,5,3,1,4,1,11,9,6,13,7,21,23,41,54,74,52,60,89,68,74,108,97,104,83,71,85,92,74,94,85,64,81,78,93,104,84,85,93,77,99,104,86,94,121,87,99,96,100,133,161,147,138,157,158,150,159,180,204,196,141,159,132,122,134,97,99,77,89,79,74,61,58,71,71,54,65,49,39,43,39,25,26,21,4032.0,149
4034,BURKE_RD N OF WHITEHORSE_RD,045 K07,-37.81147,145.05946,6376,2582,1,1,2006-10-01 00:15:00,85,77,66,55,52,34,43,38,34,27,22,21,13,24,21,9,11,22,16,17,24,28,44,35,40,63,60,76,62,55,71,78,92,107,139,130,147,149,186,197,211,225,196,197,202,194,183,183,216,234,211,220,196,201,255,191,221,226,182,191,171,211,194,194,193,185,194,187,217,215,202,209,194,170,181,197,159,110,101,99,98,86,88,107,92,129,101,85,74,76,60,63,48,42,29,38,4034.0,126
4034,BURKE_RD N OF WHITEHORSE_RD,045 K07,-37.81147,145.05946,6376,2582,1,1,2006-10-02 00:15:00,23,22,17,16,9,13,8,10,11,6,9,4,4,14,6,7,10,11,12,30,18,31,50,48,89,133,216,267,249,328,410,382,342,360,315,266,338,293,249,220,231,222,199,191,194,196,179,203,172,187,214,189,187,166,192,185,211,186,205,182,217,218,194,193,185,248,203,203,220,206,210,206,204,207,169,171,163,198,159,122,104,97,96,82,87,87,75,70,80,64,56,38,43,37,21,22,4034.0,738
4034,BURKE_RD N OF WHITEHORSE_RD,045 K07,-37.81147,145.05946,6376,2582,1,1,2006-10-03 00:15:00,13,27,12,5,8,7,12,4,1,8,9,8,6,11,9,7,4,13,16,40,30,39,52,79,111,166,237,244,336,350,417,344,382,358,288,328,335,286,288,265,212,220,232,190,185,231,196,205,220,207,217,181,213,177,175,205,201,263,199,204,226,232,218,225,204,254,210,214,227,209,222,249,233,218,211,201,177,176,163,155,143,108,109,116,104,91,111,104,101,82,88,68,62,49,39,32,4034.0,767
4034,BURKE_RD N OF WHITEHORSE_RD,045 K07,-37.81147,145.05946,6376,2582,1,1,2006-10-04 00:15:00,30,26,21,15,13,9,12,6,2,4,4,6,11,13,9,10,3,11,18,30,26,41,60,80,126,148,247,277,296,330,363,382,371,373,321,316,318,338,271,259,231,248,263,224,209,192,218,202,230,198,216,190,193,206,203,192,179,215,188,226,222,200,175,222,208,222,238,212,183,196,231,214,245,230,193,218,191,163,144,149,123,100,106,120,115,94,106,108,91,85,82,69,69,58,35,44,4034.0,693
4034,BURKE_RD N OF WHITEHORSE_RD,045 K07,-37.81147,145.05946,6376,2582,1,1,2006-10-05 00:15:00,27,26,22,18,10,22,11,7,7,5,6,14,9,14,4,9,10,14,23,28,27,42,47,81,112,148,222,281,276,343,341,419,370,358,326,288,326,311,284,264,234,243,235,214,203,219,211,231,239,227,194,211,195,213,218,199,191,206,225,209,259,251,185,233,211,200,207,204,206,248,240,207,199,241,219,184,214,197,143,161,117,92,140,143,105,101,111,119,87,93,68,86,69,41,35,43,4034.0,684
4034,BURKE_RD N OF WHITEHORSE_RD,045 K07,-37.81147,145.05946,6376,2582,1,1,2006-10-06 00:15:00,38,34,18,16,18,10,8,12,9,7,12,19,10,14,14,6,12,12,18,36,28,37,47,91,106,178,240,259,301,310,358,392,327,338,317,296,290,283,294,245,212,236,232,217,210,229,242,234,239,229,231,204,213,203,191,220,211,209,219,241,217,227,219,207,210,224,234,208,198,215,199,231,234,215,235,218,218,197,199,157,135,141,115,138,101,107,112,92,83,98,90,89,69,90,65,85,4034.0,668
4034,BURKE_RD N OF WHITEHORSE_RD,045 K07,-37.81147,145.05946,6376,2582,1,1,2006-10-07 00:15:00,55,61,47,44,39,31,26,28,20,21,19,18,25,21,16,15,13,16,19,14,24,8,27,31,41,70,83,112,80,96,116,140,142,197,213,268,239,274,268,248,252,241,253,270,226,259,266,298,277,292,212,234,269,269,232,277,234,226,226,218,216,238,198,230,191,204,230,206,230,207,195,198,225,254,224,232,226,212,185,141,153,140,116,110,116,108,121,119,101,93,106,109,102,124,123,117,4034.0,212
4034,BURKE_RD N OF WHITEHORSE_RD,045 K07,-37.81147,145.05946,6376,2582,1,1,2006-10-08 00:15:00,89,93,80,57,44,40,49,26,27,25,20,21,20,16,13,16,11,9,17,14,30,29,42,42,50,54,83,82,81,81,70,110,108,144,124,140,141,147,178,237,207,229,211,233,193,205,203,212,203,253,190,221,232,208,201,198,203,200,197,178,184,228,197,214,197,167,210,173,219,184,233,193,188,201,159,165,170,136,103,96,90,101,100,93,84,91,103,82,98,82,61,55,58,39,34,21,4034.0,151
4034,BURKE_RD N OF WHITEHORSE_RD,045 K07,-37.81147,145.05946,6376,2582,1,1,2006-10-09 00:15:00,17,22,9,15,10,6,9,6,4,5,7,6,13,8,6,4,13,8,17,30,24,50,63,59,92,161,187,297,277,372,401,349,363,358,325,290,321,311,262,259,234,202,232,234,204,199,217,196,176,202,179,186,178,210,184,168,199,192,214,209,243,204,222,219,203,214,177,221,192,226,223,217,202,203,191,203,159,194,136,124,115,103,65,102,88,81,85,83,81,73,49,51,50,33,31,25,4034.0,773
4034,BURKE_RD N OF WHITEHORSE_RD,045 K07,-37.81147,145.05946,6376,2582,1,1,2006-10-10 00:15:00,15,20,13,16,11,5,9,5,14,6,6,7,5,7,6,9,6,18,23,39,30,46,50,79,102,146,238,295,317,341,400,356,370,354,315,293,310,329,286,247,212,260,253,225,242,191,230,190,209,220,208,200,183,210,200,197,194,174,198,214,251,229,218,193,233,199,245,243,221,224,202,248,220,202,236,239,210,176,158,149,125,121,97,110,98,120,105,113,83,98,69,64,64,39,34,47,4034.0,741
4034,BURKE_RD N OF WHITEHORSE_RD,045 K07,-37.81147,145.05946,6376,2582,1,1,2006-10-11 00:15:00,35,26,14,13,16,9,15,5,5,4,9,4,10,13,11,5,5,14,13,40,26,41,57,82,104,163,243,252,283,319,394,363,384,367,329,339,325,281,307,233,242,222,233,231,209,197,226,214,174,241,197,193,189,213,184,206,210,218,203,240,236,214,198,240,207,230,177,212,201,206,243,230,168,217,203,239,192,198,166,136,137,114,111,123,99,101,97,121,98,98,72,64,63,53,33,32,4034.0,713
4034,BURKE_RD N OF WHITEHORSE_RD,045 K07,-37.81147,145.05946,6376,2582,1,1,2006-10-12 00:15:00,27,28,23,31,12,13,16,11,8,5,11,8,7,10,9,9,5,14,17,34,26,36,60,65,123,183,241,256,294,384,331,365,344,355,402,284,381,308,318,234,257,233,225,221,214,220,224,261,213,213,197,220,208,209,206,185,195,189,197,239,237,204,205,201,180,211,181,211,190,221,240,223,215,187,182,211,191,170,197,149,127,121,118,118,113,130,120,106,111,75,98,65,45,59,45,30,4034.0,715
4034,BURKE_RD N OF WHITEHORSE_RD,045 K07,-37.81147,145.05946,6376,2582,1,1,2006-10-13 00:15:00,35,29,22,17,16,14,21,8,13,7,8,9,10,8,17,9,12,9,21,34,27,39,60,79,112,171,243,266,277,345,365,358,366,370,315,296,330,296,267,259,218,229,231,223,218,223,238,217,213,218,227,210,172,210,211,206,200,186,208,220,214,232,190,222,231,216,196,218,202,222,252,211,243,218,223,240,218,215,175,149,153,131,130,115,90,112,97,99,84,94,99,91,64,78,63,70,4034.0,710
4034,BURKE_RD N OF WHITEHORSE_RD,045 K07,-37.81147,145.05946,6376,2582,1,1,2006-10-14 00:15:00,68,60,50,37,35,30,26,28,19,27,11,13,11,17,17,18,16,22,18,17,24,25,29,40,44,62,103,91,76,95,110,143,150,166,216,218,223,254,253,252,223,262,254,276,258,262,287,292,262,265,243,272,278,257,231,262,228,215,235,239,231,227,217,242,219,232,231,235,220,210,228,274,247,281,279,238,224,218,176,157,144,150,120,117,117,111,104,98,94,101,100,94,104,94,80,97,4034.0,205
4034,BURKE_RD N OF WHITEHORSE_RD,045 K07,-37.81147,145.05946,6376,2582,1,1,2006-10-15 00:15:00,109,81,75,45,55,47,33,43,30,39,22,20,16,17,29,16,17,20,20,21,35,44,43,56,39,63,71,72,64,71,87,65,75,127,140,168,136,175,207,212,196,199,236,211,194,213,231,204,199,205,203,212,201,245,216,234,230,201,194,200,195,211,224,194,234,209,210,195,221,201,208,205,196,186,197,179,133,108,108,100,88,98,98,110,108,115,87,95,106,79,56,47,50,41,32,35,4034.0,158
4034,BURKE_RD N OF WHITEHORSE_RD,045 K07,-37.81147,145.05946,6376,2582,1,1,2006-10-16 00:15:00,27,25,16,16,8,10,14,6,3,8,3,6,4,7,7,5,5,10,20,32,22,34,58,59,97,165,237,271,270,356,370,359,389,373,306,295,329,337,246,212,197,199,215,106,211,201,184,203,192,205,169,206,235,184,212,174,190,207,205,218,235,224,239,200,235,203,222,229,240,240,213,239,201,218,182,203,172,159,148,120,110,109,91,106,90,85,85,79,92,67,53,54,47,35,22,30,4034.0,726
4034,BURKE_RD N OF WHITEHORSE_RD,045 K07,-37.81147,145.05946,6376,2582,1,1,2006-10-17 00:15:00,18,23,11,8,13,7,11,3,7,5,2,4,13,3,6,11,7,11,20,33,28,29,50,75,107,160,266,271,331,316,398,388,396,343,341,343,353,350,326,254,254,244,257,223,186,203,225,193,193,217,205,211,202,195,198,162,201,217,207,223,243,208,211,204,218,228,218,273,171,232,186,231,204,208,208,218,203,186,142,148,121,112,121,125,112,109,120,123,132,86,83,60,60,43,38,38,4034.0,714
4034,BURKE_RD N OF WHITEHORSE_RD,045 K07,-37.81147,145.05946,6376,2582,1,1,2006-10-18 00:15:00,29,28,16,18,11,12,13,13,4,5,9,10,11,8,7,5,8,16,21,30,33,35,57,84,115,141,259,291,365,329,361,358,333,382,300,299,318,311,258,272,232,227,203,241,207,208,218,219,223,236,177,216,197,226,202,199,179,211,203,222,243,223,194,209,206,212,212,197,211,242,210,252,233,215,252,231,232,237,165,171,134,118,89,120,111,91,108,120,102,77,68,66,79,56,68,53,4034.0,690
4034,BURKE_RD N OF WHITEHORSE_RD,045 K07,-37.81147,145.05946,6376,2582,1,1,2006-10-19 00:15:00,44,28,17,15,11,13,18,10,4,9,11,5,12,4,11,15,11,6,24,32,21,44,52,75,111,178,234,266,306,353,347,441,380,325,314,296,380,301,284,283,252,279,216,231,212,241,217,215,203,221,220,210,192,218,223,184,228,186,241,220,240,210,209,240,225,239,226,232,190,213,213,215,223,205,239,224,228,206,161,151,140,123,128,129,89,121,104,106,97,93,68,72,66,64,58,45,4034.0,700
4034,BURKE_RD N OF WHITEHORSE_RD,045 K07,-37.81147,145.05946,6376,2582,1,1,2006-10-20 00:15:00,36,39,19,21,20,10,18,16,9,5,12,13,14,14,10,8,6,15,20,35,35,32,58,77,134,163,258,238,277,353,364,395,337,344,320,267,316,318,253,269,248,258,223,237,207,219,233,228,219,215,199,219,223,250,203,185,185,197,194,220,238,240,176,237,226,221,217,214,196,228,230,221,231,214,228,254,236,224,176,177,130,142,125,125,112,116,98,120,99,133,72,95,78,71,67,64,4034.0,717
4034,BURKE_RD N OF WHITEHORSE_RD,045 K07,-37.81147,145.05946,6376,2582,1,1,2006-10-21 00:15:00,49,56,54,49,44,17,14,28,26,16,11,18,8,14,15,18,9,14,22,19,22,24,18,38,52,77,93,97,80,94,132,175,151,167,214,247,256,280,268,262,269,259,224,265,236,274,280,311,298,256,277,257,248,255,269,271,233,266,237,216,204,224,203,236,205,248,217,215,217,231,217,233,245,234,201,220,173,195,166,160,134,119,121,97,113,122,138,97,94,103,97,109,96,97,103,87,4034.0,226
4034,BURKE_RD N OF WHITEHORSE_RD,045 K07,-37.81147,145.05946,6376,2582,1,1,2006-10-22 00:15:00,85,73,61,73,60,55,48,32,32,34,19,22,23,20,16,23,17,17,14,20,20,40,42,49,49,47,63,77,57,73,76,94,84,113,129,138,164,156,178,228,230,211,229,254,208,206,195,236,199,213,228,206,217,201,205,213,182,198,192,181,202,209,223,197,207,201,207,205,221,189,216,222,194,196,169,172,152,138,118,104,105,75,101,126,103,110,105,84,63,73,73,54,40,33,42,33,4034.0,149
4034,BURKE_RD N OF WHITEHORSE_RD,045 K07,-37.81147,145.05946,6376,2582,1,1,2006-10-23 00:15:00,28,29,18,15,7,11,14,7,7,7,7,8,8,2,8,6,8,17,13,32,32,38,60,66,96,150,208,254,326,319,384,391,354,308,338,316,305,286,248,207,243,215,209,192,192,209,213,194,235,214,210,197,196,163,206,203,214,188,196,199,219,192,214,215,217,191,206,205,171,237,220,216,185,185,188,216,168,178,121,138,111,86,91,104,98,74,79,87,76,80,56,45,30,39,26,33,4034.0,703
4034,BURKE_RD N OF WHITEHORSE_RD,045 K07,-37.81147,145.05946,6376,2582,1,1,2006-10-24 00:15:00,22,22,17,13,6,10,5,8,2,8,5,4,10,11,5,15,6,14,15,31,26,49,60,84,117,170,260,267,313,344,371,356,422,368,319,310,312,352,274,290,219,235,233,228,212,195,201,186,183,203,237,188,218,237,202,176,178,174,193,204,210,203,219,203,186,217,218,207,199,230,229,201,193,195,218,224,194,193,152,156,129,129,115,126,120,97,105,117,98,99,80,71,73,48,48,34,4034.0,715
4034,BURKE_RD N OF WHITEHORSE_RD,045 K07,-37.81147,145.05946,6376,2582,1,1,2006-10-25 00:15:00,28,31,15,19,16,7,13,8,5,5,7,8,8,3,8,6,5,14,14,31,24,39,54,75,95,159,221,271,307,345,368,382,342,359,322,296,326,332,286,226,254,250,239,197,188,216,196,199,225,221,235,200,189,196,201,213,206,199,203,220,230,201,209,222,200,207,208,209,221,222,216,239,228,223,184,201,196,198,150,135,126,123,124,124,99,94,82,118,102,74,63,89,68,54,27,38,4034.0,713
4034,BURKE_RD N OF WHITEHORSE_RD,045 K07,-37.81147,145.05946,6376,2582,1,1,2006-10-26 00:15:00,35,25,23,19,10,10,14,10,3,8,7,8,11,10,13,9,9,16,18,41,30,44,56,68,104,180,240,266,295,352,342,399,408,344,345,310,309,278,289,270,244,273,240,223,243,212,224,240,220,238,201,203,225,243,213,225,211,233,207,228,237,227,206,271,227,194,220,200,233,210,247,230,193,226,211,223,233,208,183,155,128,125,132,127,114,124,125,112,107,101,89,77,57,68,42,41,4034.0,694
4034,BURKE_RD N OF WHITEHORSE_RD,045 K07,-37.81147,145.05946,6376,2582,1,1,2006-10-27 00:15:00,26,22,24,18,17,14,18,10,8,7,9,10,14,11,15,5,7,10,19,29,32,32,58,87,108,165,232,281,350,327,368,376,378,337,341,314,311,260,271,264,225,279,228,237,231,230,200,212,236,248,240,223,255,215,235,194,185,210,201,235,226,233,200,223,217,196,208,199,241,205,196,212,210,242,221,210,184,197,160,164,134,124,101,142,117,94,105,84,92,109,90,86,73,77,72,70,4034.0,695
4034,BURKE_RD N OF WHITEHORSE_RD,045 K07,-37.81147,145.05946,6376,2582,1,1,2006-10-28 00:15:00,67,61,50,33,31,23,36,23,23,22,20,13,18,26,16,12,13,13,15,19,27,15,20,43,34,56,93,80,110,112,110,157,134,180,199,263,198,241,246,264,256,249,248,224,235,274,267,286,253,249,223,283,265,256,248,288,239,282,214,201,239,212,190,245,226,221,221,217,206,234,257,242,231,226,224,227,231,201,141,172,150,146,124,117,90,81,95,113,105,93,100,119,99,103,89,84,4034.0,222
4034,BURKE_RD N OF WHITEHORSE_RD,045 K07,-37.81147,145.05946,6376,2582,1,1,2006-10-29 00:15:00,100,95,74,59,61,38,34,0,0,0,0,24,20,26,28,17,20,25,28,14,24,27,23,32,36,48,59,69,56,64,69,68,84,89,98,118,141,163,179,185,178,191,180,196,194,212,172,211,228,225,222,221,208,219,225,225,214,216,169,209,169,226,200,193,218,204,213,207,229,214,235,204,191,203,191,171,130,117,145,99,87,103,110,118,101,101,98,109,96,80,80,77,61,38,39,34,4034.0,133
4034,BURKE_RD N OF WHITEHORSE_RD,045 K07,-37.81147,145.05946,6376,2582,1,1,2006-10-30 00:15:00,33,30,24,14,16,17,17,6,8,11,6,8,7,6,3,7,6,9,18,31,28,35,44,56,76,151,190,285,295,350,393,409,353,355,321,350,303,275,284,226,253,243,219,231,198,196,223,204,223,202,218,210,192,181,192,231,173,181,213,213,241,199,224,206,209,205,247,181,210,208,212,218,222,197,206,204,174,178,161,140,97,110,97,104,87,99,90,66,68,78,75,46,39,37,30,22,4034.0,743
4034,BURKE_RD N OF WHITEHORSE_RD,045 K07,-37.81147,145.05946,6376,2582,1,1,2006-10-31 00:15:00,28,26,24,18,17,18,6,10,2,10,5,7,4,7,4,12,7,4,17,30,24,39,34,70,90,154,219,241,332,385,387,401,400,341,329,297,306,295,255,280,257,203,200,222,209,210,208,214,214,216,208,204,202,197,208,190,201,225,179,223,218,202,229,223,227,233,193,217,207,211,184,202,257,208,211,214,193,181,175,139,142,136,111,101,100,91,106,107,113,91,84,75,54,48,38,36,4034.0,772
4034,WHITEHORSE_RD E OF BURKE_RD,045 K07,-37.81193,145.05982,17058,2582,3,1,2006-10-01 00:15:00,45,26,37,25,26,20,20,22,14,22,13,12,21,10,16,11,14,13,19,12,10,15,16,13,25,14,33,29,16,24,51,40,35,51,46,52,61,95,102,86,81,75,106,108,109,113,142,106,101,144,130,109,107,111,132,153,114,112,145,125,107,106,127,121,115,106,147,118,124,107,137,132,115,98,110,105,78,71,58,61,52,39,52,51,48,60,39,35,41,27,34,26,20,21,21,17,4034.0,75
4034,WHITEHORSE_RD E OF BURKE_RD,045 K07,-37.81193,145.05982,17058,2582,3,1,2006-10-02 00:15:00,16,12,8,9,5,9,5,3,7,4,6,0,6,3,5,8,8,8,8,15,15,11,24,34,35,63,91,127,171,228,228,253,270,248,204,182,140,147,131,125,130,119,124,111,120,120,116,135,142,135,103,131,122,134,112,117,105,119,135,133,144,130,132,131,107,101,131,99,129,105,132,104,117,120,107,90,79,92,78,70,67,43,53,73,76,58,59,47,40,50,44,23,30,25,18,17,4034.0,456
4034,WHITEHORSE_RD E OF BURKE_RD,045 K07,-37.81193,145.05982,17058,2582,3,1,2006-10-03 00:15:00,9,7,8,9,2,5,5,6,8,3,3,5,4,5,5,4,5,9,9,9,13,21,29,31,48,73,120,149,182,220,270,292,247,269,235,210,164,148,138,115,129,137,128,134,125,129,110,146,108,130,139,128,104,129,122,121,116,123,103,131,110,114,113,145,117,113,114,132,103,144,131,116,106,124,117,106,116,94,94,77,71,82,65,69,70,69,46,51,53,52,63,45,28,19,29,14,4034.0,490
4034,WHITEHORSE_RD E OF BURKE_RD,045 K07,-37.81193,145.05982,17058,2582,3,1,2006-10-04 00:15:00,17,10,15,4,10,3,4,3,8,6,5,5,6,4,5,5,5,6,4,10,7,19,27,41,54,71,108,137,183,230,238,268,285,244,224,227,182,158,152,134,131,138,132,139,116,130,138,151,134,123,123,146,104,118,124,101,126,108,95,138,119,125,154,129,102,114,127,109,135,120,129,100,108,118,133,116,92,103,109,79,65,62,74,76,71,69,65,52,48,60,35,39,32,32,23,17,4034.0,468
4034,WHITEHORSE_RD E OF BURKE_RD,045 K07,-37.81193,145.05982,17058,2582,3,1,2006-10-05 00:15:00,17,13,17,12,9,9,5,8,6,5,8,3,9,6,8,6,7,12,8,11,13,25,26,39,47,64,120,145,178,212,302,296,279,276,229,244,185,139,149,150,131,129,142,133,129,131,149,145,129,127,136,112,132,120,123,139,142,127,118,139,136,126,119,105,148,136,113,122,133,120,123,136,103,119,119,125,112,119,86,97,86,80,64,61,82,53,71,73,60,66,48,38,44,34,29,25,4034.0,514
4034,WHITEHORSE_RD E OF BURKE_RD,045 K07,-37.81193,145.05982,17058,2582,3,1,2006-10-06 00:15:00,21,16,19,16,9,6,10,7,2,11,4,7,18,5,10,4,3,7,8,7,18,23,28,42,54,80,87,146,167,172,260,283,242,271,192,149,164,134,137,139,150,129,127,142,119,113,142,153,147,115,130,140,111,129,118,111,109,117,120,118,153,124,125,113,135,134,114,126,94,140,119,129,138,138,144,105,124,116,111,109,101,125,122,98,116,70,73,55,63,76,66,52,67,40,46,34,4034.0,432
4034,WHITEHORSE_RD E OF BURKE_RD,045 K07,-37.81193,145.05982,17058,2582,3,1,2006-10-07 00:15:00,37,29,36,22,20,20,19,19,16,10,22,10,11,9,15,11,4,10,10,7,12,17,15,20,25,35,43,54,41,50,54,79,77,88,90,106,95,111,136,143,121,146,114,138,132,141,159,141,173,127,148,162,115,135,157,140,141,114,110,121,151,111,122,162,129,82,153,96,116,132,133,130,142,115,129,144,118,116,112,96,85,80,62,64,63,56,63,74,69,65,47,59,62,58,66,45,4034.0,104
4034,WHITEHORSE_RD E OF BURKE_RD,045 K07,-37.81193,145.05982,17058,2582,3,1,2006-10-08 00:15:00,41,44,41,31,37,28,24,20,21,31,13,19,14,17,10,9,15,7,7,10,12,11,13,22,16,15,38,40,28,29,29,35,39,38,57,65,71,96,93,100,72,101,74,106,113,111,134,107,97,140,123,100,120,105,107,115,116,127,103,132,104,138,147,112,114,129,127,124,115,114,121,155,101,95,98,99,113,66,66,61,56,50,53,51,57,57,53,47,27,31,29,23,18,25,20,19,4034.0,58
4034,WHITEHORSE_RD E OF BURKE_RD,045 K07,-37.81193,145.05982,17058,2582,3,1,2006-10-09 00:15:00,13,12,11,8,9,4,1,3,10,6,9,4,4,1,7,6,4,8,10,11,14,19,19,41,39,68,95,132,176,224,264,287,277,266,221,213,156,164,134,138,110,119,139,112,114,109,111,127,127,140,117,116,132,118,105,110,109,124,99,125,157,165,123,118,116,144,110,123,125,113,117,130,112,100,111,101,102,91,81,77,65,51,54,63,72,39,65,43,41,47,50,29,28,18,18,17,4034.0,488
4034,WHITEHORSE_RD E OF BURKE_RD,045 K07,-37.81193,145.05982,17058,2582,3,1,2006-10-10 00:15:00,9,15,10,8,7,6,8,7,3,0,2,2,3,4,5,9,3,8,12,11,12,20,30,43,52,72,116,158,194,225,273,279,251,274,227,196,179,141,140,126,101,129,125,111,131,135,148,135,112,127,132,114,141,117,104,125,118,114,109,144,120,161,131,144,105,117,129,112,128,134,146,126,110,123,103,117,104,108,89,79,52,76,73,57,73,67,61,52,59,65,41,40,30,33,21,17,4034.0,498
4034,WHITEHORSE_RD E OF BURKE_RD,045 K07,-37.81193,145.05982,17058,2582,3,1,2006-10-11 00:15:00,18,19,22,8,3,5,6,5,6,6,6,3,2,3,6,4,6,7,9,10,8,15,28,39,46,79,124,151,181,227,251,279,274,243,267,204,169,153,146,153,118,125,126,125,105,139,159,118,129,114,124,104,132,115,121,125,111,113,128,139,148,131,125,153,115,123,99,117,110,140,120,114,125,120,120,125,121,109,76,64,61,67,74,57,82,77,68,53,60,58,45,44,33,24,23,21,4034.0,478
4034,WHITEHORSE_RD E OF BURKE_RD,045 K07,-37.81193,145.05982,17058,2582,3,1,2006-10-12 00:15:00,19,15,11,8,11,3,10,3,3,4,4,2,9,7,3,8,5,5,10,16,14,25,25,48,47,94,102,140,183,221,294,296,283,254,222,209,189,141,157,108,125,130,139,124,142,134,137,124,124,135,132,105,122,117,119,122,118,126,105,106,120,148,139,139,132,109,111,95,109,103,140,144,119,105,101,77,120,89,97,81,69,77,87,77,67,69,62,60,52,58,54,48,67,29,22,13,4034.0,515
4034,WHITEHORSE_RD E OF BURKE_RD,045 K07,-37.81193,145.05982,17058,2582,3,1,2006-10-13 00:15:00,20,19,17,13,12,10,9,7,5,12,7,4,8,10,5,8,7,11,12,10,20,19,30,33,44,77,107,136,185,205,279,288,255,240,220,199,174,138,147,138,145,129,122,138,113,154,140,123,129,124,126,129,120,106,128,116,111,115,130,111,149,148,133,118,121,128,108,129,117,112,119,104,127,125,118,128,96,102,114,91,75,74,66,86,61,71,57,55,81,63,50,53,55,53,31,40,4034.0,484
4034,WHITEHORSE_RD E OF BURKE_RD,045 K07,-37.81193,145.05982,17058,2582,3,1,2006-10-14 00:15:00,34,37,25,25,13,15,17,27,12,7,15,8,16,15,12,4,5,17,13,8,13,16,18,25,25,30,38,55,42,48,66,83,68,83,98,127,97,108,122,135,115,142,143,130,158,178,147,134,166,157,122,141,142,130,146,128,122,139,142,125,131,115,135,135,149,123,106,118,115,117,108,107,148,110,123,137,126,121,119,91,63,88,70,68,75,55,57,53,57,67,67,69,60,60,50,32,4034.0,114
4034,WHITEHORSE_RD E OF BURKE_RD,045 K07,-37.81193,145.05982,17058,2582,3,1,2006-10-15 00:15:00,50,42,30,38,30,25,16,19,14,8,21,17,18,15,21,10,17,17,20,23,15,18,20,22,21,18,35,34,24,22,40,50,43,35,59,57,59,88,112,102,78,107,102,127,94,129,134,120,126,110,106,110,106,111,130,110,123,122,105,103,120,106,132,107,118,125,128,118,141,127,115,140,94,96,103,100,100,56,62,53,53,56,44,47,73,53,50,34,32,24,34,21,19,17,17,22,4034.0,62
4034,WHITEHORSE_RD E OF BURKE_RD,045 K07,-37.81193,145.05982,17058,2582,3,1,2006-10-16 00:15:00,16,12,10,9,10,3,5,4,3,3,2,4,6,4,6,7,7,9,6,7,13,17,23,36,45,69,86,144,178,232,243,299,259,268,268,189,167,150,130,119,116,109,132,131,131,119,118,136,123,128,123,137,122,137,115,113,135,123,101,144,149,139,137,131,117,129,107,114,106,109,143,120,126,97,107,105,99,109,78,65,63,57,64,66,70,67,56,55,46,51,30,23,25,23,13,9,4034.0,475
4034,WHITEHORSE_RD E OF BURKE_RD,045 K07,-37.81193,145.05982,17058,2582,3,1,2006-10-17 00:15:00,9,7,9,6,8,6,3,5,4,4,4,4,6,2,6,6,8,5,9,10,13,12,37,35,50,74,110,152,189,261,291,298,248,288,251,224,178,165,139,167,138,121,108,121,127,123,124,125,143,132,101,137,120,111,120,119,122,112,116,127,111,143,133,111,136,128,120,121,126,118,127,111,132,105,111,107,129,111,81,89,72,75,76,57,70,62,56,55,66,38,48,44,70,37,22,14,4034.0,552
4034,WHITEHORSE_RD E OF BURKE_RD,045 K07,-37.81193,145.05982,17058,2582,3,1,2006-10-18 00:15:00,25,16,15,7,12,5,6,8,8,7,9,5,11,3,3,4,5,7,10,11,13,18,29,46,52,73,114,154,173,235,286,282,299,271,305,239,156,138,167,155,132,122,122,145,143,135,118,140,140,141,134,120,135,129,130,125,113,132,131,161,147,149,147,136,121,110,129,112,128,132,139,123,132,139,112,104,122,112,98,77,72,53,63,69,71,73,82,68,57,47,47,39,26,21,20,38,4034.0,521
4034,WHITEHORSE_RD E OF BURKE_RD,045 K07,-37.81193,145.05982,17058,2582,3,1,2006-10-19 00:15:00,15,14,11,7,8,7,6,5,7,5,7,4,6,3,7,9,8,10,12,11,9,27,23,39,41,78,103,150,153,236,279,290,275,276,237,213,178,180,152,123,135,132,138,137,132,105,145,143,139,137,142,126,114,108,134,88,128,126,139,129,129,160,108,127,131,128,127,102,141,138,130,115,107,118,106,132,115,110,108,71,90,77,66,60,82,75,65,42,53,43,50,51,33,39,35,21,4034.0,515
4034,WHITEHORSE_RD E OF BURKE_RD,045 K07,-37.81193,145.05982,17058,2582,3,1,2006-10-20 00:15:00,27,21,10,20,11,11,11,7,14,10,12,6,4,6,13,9,7,12,6,12,15,20,34,43,50,77,100,158,171,198,243,281,233,276,226,206,141,139,129,152,126,130,135,136,139,131,131,126,135,127,137,127,127,126,120,109,111,118,121,117,144,151,150,116,131,109,126,110,111,98,127,118,120,129,118,119,126,113,115,98,84,72,61,84,88,66,63,49,74,42,43,72,51,47,39,34,4034.0,441
4034,WHITEHORSE_RD E OF BURKE_RD,045 K07,-37.81193,145.05982,17058,2582,3,1,2006-10-21 00:15:00,25,30,16,23,14,17,23,7,13,15,12,9,12,7,13,15,10,12,8,9,9,10,20,16,22,35,40,51,50,46,52,69,69,80,90,124,104,130,124,134,132,137,119,144,131,149,140,154,138,122,150,138,128,139,117,149,119,136,121,124,126,104,159,106,109,94,116,103,138,119,111,114,96,104,105,129,110,99,77,70,70,91,70,77,63,59,69,43,75,55,72,66,67,45,57,48,4034.0,98
4034,WHITEHORSE_RD E OF BURKE_RD,045 K07,-37.81193,145.05982,17058,2582,3,1,2006-10-22 00:15:00,45,42,38,30,31,24,24,22,16,28,15,14,11,15,15,10,11,8,12,13,9,11,19,11,20,18,26,25,29,34,37,47,39,51,36,74,60,88,101,95,79,104,105,115,106,101,139,126,104,136,120,133,114,108,119,128,117,102,126,121,109,91,136,136,99,115,114,131,110,134,149,130,110,87,74,102,85,69,63,60,51,57,56,51,63,50,48,41,33,32,30,22,25,22,9,18,4034.0,71
4034,WHITEHORSE_RD E OF BURKE_RD,045 K07,-37.81193,145.05982,17058,2582,3,1,2006-10-23 00:15:00,8,15,11,8,11,6,3,5,2,1,1,4,4,1,3,5,11,7,4,10,11,23,17,46,40,60,103,148,181,231,261,282,255,265,215,192,159,140,130,150,122,122,108,125,117,112,120,109,139,121,121,108,133,115,97,101,122,104,131,133,134,148,111,121,123,143,112,131,122,123,111,107,111,111,101,106,77,93,88,83,71,49,74,49,68,44,45,40,43,36,33,24,21,12,16,16,4034.0,492
4034,WHITEHORSE_RD E OF BURKE_RD,045 K07,-37.81193,145.05982,17058,2582,3,1,2006-10-24 00:15:00,9,9,7,6,6,2,4,6,4,2,5,2,2,3,2,8,6,4,3,14,17,21,38,39,37,89,107,144,178,225,246,289,278,274,233,213,181,145,149,138,134,135,128,135,103,146,135,138,128,133,130,125,132,111,125,124,113,122,118,140,124,131,129,106,113,104,95,132,119,125,128,119,102,111,111,134,97,106,92,81,74,76,77,63,69,55,64,66,47,45,39,33,41,28,14,24,4034.0,471
4034,WHITEHORSE_RD E OF BURKE_RD,045 K07,-37.81193,145.05982,17058,2582,3,1,2006-10-25 00:15:00,16,16,10,10,5,6,8,3,10,5,3,4,5,2,2,7,4,3,7,6,14,21,30,42,50,73,102,151,176,234,276,282,287,236,214,271,208,153,172,135,145,120,143,135,139,134,130,132,135,123,122,124,117,121,125,126,132,104,131,154,135,139,127,122,126,121,126,117,106,143,134,116,103,138,114,106,100,104,107,66,68,60,71,70,72,52,73,72,67,37,47,34,28,17,14,21,4034.0,510
4034,WHITEHORSE_RD E OF BURKE_RD,045 K07,-37.81193,145.05982,17058,2582,3,1,2006-10-26 00:15:00,21,10,9,7,10,7,4,8,8,0,6,7,6,2,4,8,6,6,6,11,11,27,32,33,51,81,97,133,200,224,275,289,264,267,255,213,179,161,143,153,133,118,143,131,129,141,124,126,134,125,126,114,129,121,124,103,118,122,121,129,133,127,148,145,132,126,115,119,111,132,119,142,126,102,123,104,120,119,101,90,86,61,69,77,69,64,74,53,69,62,49,47,43,34,36,25,4034.0,499
4034,WHITEHORSE_RD E OF BURKE_RD,045 K07,-37.81193,145.05982,17058,2582,3,1,2006-10-27 00:15:00,19,15,20,18,12,10,8,5,7,11,6,4,8,5,4,4,12,8,11,10,14,29,36,49,38,69,113,145,165,231,279,265,275,278,246,216,176,159,149,139,133,127,143,128,140,147,121,128,123,136,129,141,109,128,103,122,114,128,134,125,147,148,146,132,122,120,109,119,120,135,142,127,131,111,118,107,105,102,96,80,63,69,75,67,74,74,59,52,56,49,67,45,57,33,22,21,4034.0,510
4034,WHITEHORSE_RD E OF BURKE_RD,045 K07,-37.81193,145.05982,17058,2582,3,1,2006-10-28 00:15:00,18,31,26,20,24,23,18,14,13,12,15,10,10,20,17,5,12,10,9,5,9,16,15,25,19,34,46,43,47,29,62,68,60,77,97,92,108,116,106,138,114,157,124,119,135,118,162,137,166,133,162,114,136,112,128,134,145,141,154,137,141,120,117,120,134,104,153,123,122,146,114,110,109,111,113,127,94,111,95,92,77,77,69,84,57,60,47,58,62,53,49,57,100,56,52,43,4034.0,91
4034,WHITEHORSE_RD E OF BURKE_RD,045 K07,-37.81193,145.05982,17058,2582,3,1,2006-10-29 00:15:00,37,39,35,30,31,18,23,0,0,0,0,24,19,16,19,15,18,14,20,13,19,11,13,18,9,22,24,29,28,24,35,36,33,54,40,47,72,75,88,85,69,72,78,97,110,119,86,124,102,127,117,119,110,135,109,113,111,126,106,112,124,121,138,126,136,112,140,115,135,125,147,144,106,115,117,106,88,73,91,96,53,70,71,64,69,58,44,45,44,29,36,27,38,38,23,18,4034.0,59
4034,WHITEHORSE_RD E OF BURKE_RD,045 K07,-37.81193,145.05982,17058,2582,3,1,2006-10-30 00:15:00,19,8,13,9,8,3,9,6,4,5,6,9,5,1,8,3,4,9,9,10,7,18,21,26,33,62,87,131,181,207,266,289,295,268,244,213,166,147,149,126,113,150,126,132,121,131,144,111,134,136,126,123,140,125,146,138,131,131,114,114,147,166,117,143,117,121,111,110,125,120,121,121,106,122,111,101,113,106,92,90,60,61,64,59,49,50,51,44,46,32,39,32,30,24,10,18,4034.0,473
4034,WHITEHORSE_RD E OF BURKE_RD,045 K07,-37.81193,145.05982,17058,2582,3,1,2006-10-31 00:15:00,11,14,14,14,6,7,6,9,4,4,5,6,5,5,7,7,7,5,13,13,16,21,35,33,33,78,104,138,184,228,269,243,262,268,234,202,183,153,157,137,138,116,112,135,122,141,141,122,113,132,125,124,112,111,107,101,118,120,120,123,120,132,130,147,112,125,109,112,107,105,125,125,114,124,124,113,108,94,103,82,88,86,80,73,64,57,60,67,62,63,49,44,31,37,16,12,4034.0,497
4034,BURKE_RD S OF WHITEHORSE_RD,045 K07,-37.81216,145.05933,16623,2582,5,1,2006-10-01 00:15:00,101,105,80,78,68,55,47,45,32,30,27,33,29,26,30,17,19,16,10,8,32,16,15,20,17,29,37,32,31,36,49,59,63,77,87,103,106,103,151,140,175,153,185,171,198,185,178,197,228,202,249,237,243,181,219,226,248,188,222,202,200,199,209,237,243,196,215,219,248,241,260,235,193,182,198,186,150,148,123,89,116,112,91,87,102,133,111,95,134,88,91,62,61,52,45,34,4034.0,85
4034,BURKE_RD S OF WHITEHORSE_RD,045 K07,-37.81216,145.05933,16623,2582,5,1,2006-10-02 00:15:00,35,45,23,16,13,16,11,7,10,11,7,10,8,4,8,4,7,8,14,13,19,23,24,32,62,75,106,140,163,136,196,192,180,205,207,164,201,187,203,173,173,196,175,173,185,201,163,207,197,200,208,206,218,189,213,197,212,227,228,240,227,251,205,255,310,305,307,331,303,355,312,338,313,302,287,204,191,179,151,152,117,112,117,103,140,141,125,132,115,95,89,66,57,49,44,24,4034.0,332
4034,BURKE_RD S OF WHITEHORSE_RD,045 K07,-37.81216,145.05933,16623,2582,5,1,2006-10-03 00:15:00,29,14,15,8,10,15,12,7,11,8,7,10,8,3,7,5,8,8,9,18,22,23,38,44,58,90,154,141,142,163,202,179,211,211,192,197,198,205,184,204,171,219,211,187,207,217,184,176,235,189,195,219,188,239,213,202,180,262,247,235,255,258,220,250,262,342,318,287,350,320,375,325,326,331,264,273,256,218,187,150,144,133,152,116,131,146,127,148,149,145,133,95,78,79,69,50,4034.0,365
4034,BURKE_RD S OF WHITEHORSE_RD,045 K07,-37.81216,145.05933,16623,2582,5,1,2006-10-04 00:15:00,33,37,26,17,14,10,14,8,20,10,7,12,12,8,12,8,3,7,13,8,13,27,35,48,62,99,136,137,154,180,190,191,174,189,195,230,195,208,216,177,192,185,227,224,202,195,192,194,185,197,214,206,201,200,211,218,205,212,198,206,218,263,220,259,307,284,321,323,276,313,342,332,314,315,287,252,227,202,214,173,173,142,141,126,147,160,147,150,141,135,133,98,94,59,54,43,4034.0,370
4034,BURKE_RD S OF WHITEHORSE_RD,045 K07,-37.81216,145.05933,16623,2582,5,1,2006-10-05 00:15:00,49,36,22,19,17,15,20,11,9,7,10,9,12,11,11,7,5,7,10,14,20,28,33,36,53,92,132,137,128,154,207,205,149,189,230,226,192,203,257,186,194,189,204,207,209,160,227,216,225,202,214,234,199,208,234,199,208,243,229,249,252,282,220,284,307,279,286,312,289,333,345,317,367,288,297,252,264,218,184,196,177,146,131,154,174,152,162,115,123,106,102,121,93,68,84,44,4034.0,361
4034,BURKE_RD S OF WHITEHORSE_RD,045 K07,-37.81216,145.05933,16623,2582,5,1,2006-10-06 00:15:00,43,33,39,23,16,20,14,13,20,19,17,7,12,13,9,6,7,6,9,13,15,24,37,37,69,90,113,146,125,164,213,149,179,205,204,210,186,191,209,186,210,206,182,170,210,218,218,223,194,225,216,212,212,226,230,236,222,227,246,261,208,274,227,304,291,323,307,289,308,315,358,346,317,332,285,222,254,248,176,184,186,141,178,140,142,135,123,126,137,149,141,141,93,118,63,44,4034.0,377
4034,BURKE_RD S OF WHITEHORSE_RD,045 K07,-37.81216,145.05933,16623,2582,5,1,2006-10-07 00:15:00,76,76,67,77,49,41,32,26,34,22,31,18,17,23,19,13,21,13,13,10,12,28,36,27,34,65,80,76,67,83,89,102,109,133,142,172,154,182,192,191,201,188,198,249,223,253,241,255,242,269,266,250,285,269,233,291,241,246,247,264,261,285,280,274,256,259,261,273,265,291,285,287,266,195,213,212,202,191,173,165,123,118,123,141,121,119,123,113,120,108,134,136,133,133,164,142,4034.0,172
4034,BURKE_RD S OF WHITEHORSE_RD,045 K07,-37.81216,145.05933,16623,2582,5,1,2006-10-08 00:15:00,123,123,87,99,80,57,52,49,48,42,31,40,28,28,15,17,13,16,14,12,22,14,26,20,28,19,37,41,45,42,56,70,54,73,84,110,109,121,144,179,185,168,182,192,184,220,206,227,194,263,274,246,243,249,245,259,221,217,251,230,226,218,226,261,226,252,239,239,242,243,245,233,186,214,205,197,166,145,132,119,108,114,115,81,113,122,103,110,95,96,81,84,56,51,48,33,4034.0,98
4034,BURKE_RD S OF WHITEHORSE_RD,045 K07,-37.81216,145.05933,16623,2582,5,1,2006-10-09 00:15:00,26,27,21,13,19,6,8,9,10,5,13,6,5,7,3,5,8,9,11,13,22,35,28,38,63,98,118,141,143,179,191,196,181,180,225,188,167,186,200,186,206,176,211,176,173,198,226,195,198,199,224,192,168,201,210,182,191,224,223,230,252,289,240,231,282,277,305,315,291,369,349,339,313,327,246,241,202,183,164,147,162,123,128,105,134,141,134,145,141,102,85,67,69,59,51,30,4034.0,370
4034,BURKE_RD S OF WHITEHORSE_RD,045 K07,-37.81216,145.05933,16623,2582,5,1,2006-10-10 00:15:00,39,19,15,11,8,12,10,10,8,16,2,3,8,3,8,8,6,6,8,15,21,28,40,34,79,94,130,132,141,181,182,181,179,216,218,170,186,196,230,198,209,209,190,196,228,187,214,176,210,191,250,210,198,213,234,213,183,243,237,209,264,252,219,272,319,285,317,327,310,346,333,352,364,318,306,284,217,211,180,162,155,140,157,153,160,160,136,151,159,125,95,101,86,66,60,48,4034.0,363
4034,BURKE_RD S OF WHITEHORSE_RD,045 K07,-37.81216,145.05933,16623,2582,5,1,2006-10-11 00:15:00,56,30,24,20,21,13,15,14,13,12,5,9,9,6,9,5,9,10,11,10,17,33,40,29,68,91,140,131,171,160,191,176,191,198,204,205,165,205,209,238,196,203,204,182,222,178,182,211,196,207,196,226,210,189,195,237,199,211,222,254,243,286,234,240,309,309,271,298,322,322,368,355,303,339,321,242,266,227,171,174,149,144,138,131,144,123,152,134,159,132,148,132,83,78,55,63,4034.0,351
4034,BURKE_RD S OF WHITEHORSE_RD,045 K07,-37.81216,145.05933,16623,2582,5,1,2006-10-12 00:15:00,36,40,28,22,13,15,12,19,14,16,4,8,10,3,8,7,7,7,6,14,24,25,35,45,70,89,121,149,134,162,166,192,172,182,200,244,185,203,224,205,166,184,183,199,209,226,204,207,205,199,222,231,183,225,193,212,203,257,228,232,223,247,183,234,318,312,324,299,315,349,316,365,288,312,254,263,205,233,188,191,167,170,173,144,154,156,154,162,125,135,111,126,90,79,49,58,4034.0,328
4034,BURKE_RD S OF WHITEHORSE_RD,045 K07,-37.81216,145.05933,16623,2582,5,1,2006-10-13 00:15:00,48,45,25,26,27,20,12,5,16,14,9,14,14,10,15,12,9,9,7,15,20,31,29,45,72,112,131,115,116,154,207,188,179,191,228,208,192,199,208,186,215,204,225,206,190,205,221,214,218,186,224,217,238,217,207,219,202,209,234,253,251,239,215,258,307,279,276,299,291,364,335,302,344,337,287,253,229,207,203,198,181,156,139,128,151,137,143,152,117,100,134,135,93,105,63,84,4034.0,361
4034,BURKE_RD S OF WHITEHORSE_RD,045 K07,-37.81216,145.05933,16623,2582,5,1,2006-10-14 00:15:00,73,101,56,65,50,53,23,27,26,34,27,29,19,16,18,13,13,13,18,17,18,10,36,33,36,42,66,71,59,88,84,99,123,145,155,185,193,171,187,188,210,205,205,239,200,223,271,240,239,299,295,260,225,269,225,230,252,250,283,237,280,259,274,266,269,237,261,250,295,274,321,239,321,246,230,223,213,202,188,166,163,148,147,118,119,133,118,139,145,136,149,141,113,134,128,117,4034.0,172
4034,BURKE_RD S OF WHITEHORSE_RD,045 K07,-37.81216,145.05933,16623,2582,5,1,2006-10-15 00:15:00,130,154,106,73,83,79,63,41,51,34,33,37,34,22,33,27,21,24,13,17,24,22,35,19,31,25,49,31,36,39,54,73,73,79,100,111,120,125,160,145,154,186,188,219,198,201,215,222,250,248,245,225,239,225,227,207,244,189,229,214,204,218,212,238,220,220,251,228,247,267,227,253,239,212,188,174,138,138,124,125,110,121,109,124,134,117,112,100,83,101,81,104,70,44,32,51,4034.0,93
4034,BURKE_RD S OF WHITEHORSE_RD,045 K07,-37.81216,145.05933,16623,2582,5,1,2006-10-16 00:15:00,35,29,22,26,18,13,3,13,11,11,9,11,10,8,5,4,8,10,4,10,19,24,40,42,76,85,122,130,161,165,173,169,178,195,191,210,174,209,183,186,190,192,194,158,211,207,173,178,215,194,229,217,208,200,239,190,196,195,206,225,235,263,225,337,267,308,300,288,298,374,312,390,295,329,237,223,201,183,173,175,186,145,122,96,147,147,108,116,116,97,68,66,65,63,49,36,4034.0,338
4034,BURKE_RD S OF WHITEHORSE_RD,045 K07,-37.81216,145.05933,16623,2582,5,1,2006-10-17 00:15:00,48,26,26,12,23,10,7,6,7,8,11,5,8,4,8,8,4,6,9,22,16,28,33,49,76,86,139,112,151,172,182,178,154,183,216,188,181,213,227,238,176,244,187,224,169,214,176,197,190,224,209,206,207,203,209,187,180,213,223,209,274,290,222,236,286,343,295,282,339,324,326,332,342,345,303,266,241,212,192,173,123,144,109,130,168,164,140,148,178,113,120,130,118,79,63,53,4034.0,354
4034,BURKE_RD S OF WHITEHORSE_RD,045 K07,-37.81216,145.05933,16623,2582,5,1,2006-10-18 00:15:00,57,39,30,24,25,16,17,12,16,16,16,17,10,7,8,7,6,9,13,12,21,24,30,65,72,107,131,118,149,187,241,150,180,208,167,211,191,204,183,234,200,208,196,199,177,193,243,241,220,237,222,197,206,223,217,195,238,229,214,226,238,242,181,269,315,328,327,302,321,323,364,366,306,317,334,285,287,207,194,217,167,146,129,149,169,161,145,133,141,144,114,112,112,79,70,42,4034.0,428
4034,BURKE_RD S OF WHITEHORSE_RD,045 K07,-37.81216,145.05933,16623,2582,5,1,2006-10-19 00:15:00,58,41,26,17,21,19,15,13,7,15,16,9,12,12,9,2,10,9,13,16,24,23,30,44,55,113,108,137,166,182,164,209,158,218,214,201,187,191,233,181,212,203,197,217,192,196,192,222,214,208,225,208,206,210,243,199,218,226,211,233,264,259,250,270,300,291,319,297,286,342,347,349,334,329,286,239,243,212,192,169,171,145,159,122,155,166,140,145,164,145,152,112,84,77,51,46,4034.0,346
4034,BURKE_RD S OF WHITEHORSE_RD,045 K07,-37.81216,145.05933,16623,2582,5,1,2006-10-20 00:15:00,54,33,31,24,23,22,22,14,12,13,7,17,11,11,13,15,6,11,5,16,16,28,34,64,84,106,128,140,153,154,224,178,189,175,241,193,179,209,190,223,200,195,187,209,202,208,229,223,211,239,239,245,195,231,231,217,218,224,219,267,268,267,216,250,309,304,298,282,315,367,314,310,279,304,251,220,240,210,171,172,162,135,116,147,112,149,143,151,163,142,133,125,131,120,137,113,4034.0,378
4034,BURKE_RD S OF WHITEHORSE_RD,045 K07,-37.81216,145.05933,16623,2582,5,1,2006-10-21 00:15:00,106,84,82,54,43,48,34,33,25,23,28,19,15,18,13,15,14,12,18,17,13,19,31,35,41,42,56,64,56,58,95,103,142,115,160,172,160,194,231,202,212,222,215,227,208,239,269,242,278,297,307,280,261,248,275,275,243,238,237,268,246,252,246,273,220,220,244,257,269,289,245,265,272,243,221,218,175,186,177,150,123,131,142,135,139,118,114,107,125,98,126,143,184,141,166,119,4034.0,153
4034,BURKE_RD S OF WHITEHORSE_RD,045 K07,-37.81216,145.05933,16623,2582,5,1,2006-10-22 00:15:00,165,101,115,68,85,61,59,52,40,42,41,28,33,22,23,26,12,18,17,13,17,16,24,25,22,28,37,37,40,42,54,52,73,95,111,97,117,129,146,174,171,197,212,194,204,184,228,232,238,247,263,247,253,242,231,221,220,211,245,223,222,195,197,232,247,229,260,258,261,248,223,224,252,199,199,207,182,148,129,115,116,127,104,124,134,120,89,94,95,96,72,75,66,61,41,40,4034.0,96
4034,BURKE_RD S OF WHITEHORSE_RD,045 K07,-37.81216,145.05933,16623,2582,5,1,2006-10-23 00:15:00,35,33,35,18,19,9,9,5,12,10,4,9,4,8,10,9,4,8,12,13,14,34,36,67,71,102,121,129,136,166,184,205,182,203,212,145,195,172,173,188,178,191,202,184,194,189,199,208,193,237,194,190,232,204,215,225,203,187,188,227,271,247,267,324,241,262,349,285,279,345,356,317,320,322,242,230,181,208,163,130,121,142,118,118,151,126,110,120,92,83,97,67,43,49,51,36,4034.0,350
4034,BURKE_RD S OF WHITEHORSE_RD,045 K07,-37.81216,145.05933,16623,2582,5,1,2006-10-24 00:15:00,28,32,19,14,10,15,9,8,12,5,5,8,7,4,8,8,5,7,13,18,19,26,30,69,73,91,131,118,127,173,164,181,203,192,207,210,197,184,184,186,173,183,222,186,179,177,198,219,211,231,206,195,194,197,230,208,218,225,222,228,220,259,208,272,264,311,325,302,283,333,348,338,298,346,278,248,250,219,194,157,152,140,155,158,153,156,138,134,136,122,101,88,88,66,63,49,4034.0,337
4034,BURKE_RD S OF WHITEHORSE_RD,045 K07,-37.81216,145.05933,16623,2582,5,1,2006-10-25 00:15:00,39,34,28,28,15,21,14,11,8,13,12,7,9,7,6,12,11,7,9,13,15,25,44,48,60,92,139,129,132,147,201,191,161,199,191,215,184,195,205,205,214,200,207,232,202,201,212,220,220,228,214,199,200,210,228,203,215,218,208,231,270,267,253,273,274,303,273,320,299,320,367,306,336,332,274,248,234,219,171,152,161,140,140,125,158,140,138,135,115,106,106,82,99,75,62,36,4034.0,348
4034,BURKE_RD S OF WHITEHORSE_RD,045 K07,-37.81216,145.05933,16623,2582,5,1,2006-10-26 00:15:00,46,36,27,7,21,21,8,15,15,8,7,6,8,7,8,11,11,8,6,12,22,27,39,54,70,95,148,123,143,155,195,183,201,159,226,207,176,195,215,213,212,198,187,186,195,199,208,165,241,202,263,235,224,206,204,215,226,234,231,240,258,257,276,247,298,273,294,285,342,318,309,360,289,344,281,261,257,236,200,191,200,167,171,166,148,165,174,131,135,125,108,90,93,75,69,47,4034.0,350
4034,BURKE_RD S OF WHITEHORSE_RD,045 K07,-37.81216,145.05933,16623,2582,5,1,2006-10-27 00:15:00,40,45,26,38,20,20,17,14,10,16,16,6,18,10,7,9,7,5,12,15,22,27,39,51,77,108,127,130,124,169,172,199,191,181,219,214,158,207,195,225,214,201,222,193,220,195,235,196,203,210,268,223,236,231,216,220,205,232,245,232,277,291,202,286,309,257,339,278,315,306,338,338,318,299,283,219,239,214,206,184,141,150,169,133,144,152,145,128,117,126,99,126,129,114,114,90,4034.0,341
4034,BURKE_RD S OF WHITEHORSE_RD,045 K07,-37.81216,145.05933,16623,2582,5,1,2006-10-28 00:15:00,104,64,52,57,35,50,33,30,36,26,27,20,21,19,23,16,14,19,14,16,15,17,19,31,34,41,60,68,55,81,91,104,134,141,150,172,162,192,197,235,223,216,233,227,252,219,279,236,302,310,293,261,260,263,248,258,225,255,238,254,232,268,255,224,252,237,239,256,248,277,257,243,239,247,210,185,190,184,180,171,146,142,130,118,124,123,114,131,175,134,124,150,157,133,142,117,4034.0,172
4034,BURKE_RD S OF WHITEHORSE_RD,045 K07,-37.81216,145.05933,16623,2582,5,1,2006-10-29 00:15:00,127,119,87,89,65,47,46,0,0,0,0,36,35,34,40,30,24,22,16,17,20,21,19,28,22,25,33,36,38,38,41,50,57,83,100,100,103,101,129,140,134,161,175,148,173,195,185,212,216,248,220,247,268,210,245,212,211,197,189,211,236,225,213,219,234,236,264,235,230,242,223,242,225,233,201,180,169,151,148,111,117,122,135,119,116,127,120,120,110,126,86,110,74,67,63,28,4034.0,79
4034,BURKE_RD S OF WHITEHORSE_RD,045 K07,-37.81216,145.05933,16623,2582,5,1,2006-10-30 00:15:00,35,21,26,19,13,17,12,8,16,11,8,15,8,11,9,5,7,15,17,14,20,21,34,38,73,88,129,131,134,148,175,177,164,193,205,205,218,178,175,182,210,198,178,177,189,183,177,198,206,182,198,208,200,217,204,207,199,219,198,223,252,280,273,283,307,274,304,288,330,346,345,355,326,329,314,213,243,193,155,139,140,147,117,140,113,131,130,124,110,135,95,68,76,52,38,46,4034.0,323
4034,BURKE_RD S OF WHITEHORSE_RD,045 K07,-37.81216,145.05933,16623,2582,5,1,2006-10-31 00:15:00,41,29,23,18,13,12,11,8,11,13,11,13,11,6,5,8,6,6,11,13,18,25,32,38,68,100,124,152,141,170,176,170,184,189,186,165,164,207,196,211,218,184,176,185,191,186,214,199,179,194,212,181,229,202,228,179,202,228,242,231,230,277,285,310,268,262,282,292,331,325,329,331,332,334,312,267,253,217,170,163,153,160,164,141,148,162,137,133,118,141,94,106,85,81,56,45,4034.0,346
4034,COTHAM_RD W OF BURKE_RD,045 K07,-37.81184,145.05901,6622,2582,7,1,2006-10-01 00:15:00,37,25,33,30,33,35,23,11,13,17,23,19,15,9,10,14,13,9,14,11,8,10,12,10,8,11,14,20,9,20,21,16,21,40,29,53,42,48,56,63,76,74,91,79,82,76,99,96,87,103,79,116,90,109,89,96,110,99,93,96,104,104,107,110,81,96,98,102,99,96,99,107,106,93,87,55,66,71,59,59,39,38,47,53,73,69,42,58,25,31,28,38,21,24,21,21,4034.0,41
4034,COTHAM_RD W OF BURKE_RD,045 K07,-37.81184,145.05901,6622,2582,7,1,2006-10-02 00:15:00,10,13,8,7,6,10,5,4,5,7,6,2,5,2,3,5,5,3,4,6,5,10,10,19,21,18,25,35,44,75,77,75,66,139,130,84,99,76,90,87,72,83,84,98,66,102,53,77,59,76,73,93,97,92,108,102,92,71,118,92,117,142,146,154,175,147,163,157,164,212,211,109,161,163,115,95,80,90,73,47,74,58,48,60,62,54,37,49,59,47,36,36,32,34,17,12,4034.0,152
4034,COTHAM_RD W OF BURKE_RD,045 K07,-37.81184,145.05901,6622,2582,7,1,2006-10-03 00:15:00,15,9,11,3,9,1,3,2,6,2,3,2,4,5,4,1,0,0,4,5,13,9,11,8,23,21,39,35,56,71,59,84,101,131,140,88,102,95,89,77,63,89,71,81,106,90,74,85,95,112,85,95,104,101,100,92,97,99,112,138,115,146,130,177,182,154,189,143,167,225,184,204,200,139,140,143,92,95,88,67,75,75,54,66,59,64,52,52,63,32,29,39,34,29,29,18,4034.0,130
4034,COTHAM_RD W OF BURKE_RD,045 K07,-37.81184,145.05901,6622,2582,7,1,2006-10-04 00:15:00,17,21,10,6,7,6,9,5,9,4,3,6,4,3,4,2,3,4,4,5,5,8,8,12,26,17,30,38,63,62,52,107,91,120,152,117,83,93,81,61,90,105,79,102,83,89,64,108,94,105,109,90,69,81,100,100,103,100,98,110,133,147,135,156,186,146,146,164,188,201,208,210,165,162,158,128,83,117,83,73,103,62,70,75,65,74,76,76,56,66,37,44,35,31,25,19,4034.0,114
4034,COTHAM_RD W OF BURKE_RD,045 K07,-37.81184,145.05901,6622,2582,7,1,2006-10-05 00:15:00,12,12,12,16,11,12,10,7,8,6,6,6,3,2,4,3,2,1,6,4,10,8,10,15,16,23,33,46,49,48,63,83,83,110,141,115,100,78,85,92,84,92,92,103,96,109,102,99,94,103,102,97,120,117,117,118,114,91,116,114,128,144,156,139,160,165,166,186,188,175,196,194,172,162,151,131,94,111,81,97,75,83,75,74,64,79,85,68,71,56,40,52,37,37,26,28,4034.0,111
4034,COTHAM_RD W OF BURKE_RD,045 K07,-37.81184,145.05901,6622,2582,7,1,2006-10-06 00:15:00,24,30,15,13,12,13,9,13,15,6,9,5,9,6,7,8,4,4,8,16,9,4,12,12,21,21,24,39,48,40,79,69,106,120,143,110,100,90,77,100,68,85,90,90,80,100,105,88,123,122,109,94,94,105,102,119,96,99,84,115,141,158,137,161,172,152,148,177,164,203,188,176,172,152,137,131,105,89,95,91,83,76,66,64,51,72,55,78,75,69,53,67,51,51,33,42,4034.0,119
4034,COTHAM_RD W OF BURKE_RD,045 K07,-37.81184,145.05901,6622,2582,7,1,2006-10-07 00:15:00,43,38,39,33,27,25,27,25,19,13,12,9,13,11,14,6,10,12,13,11,7,7,9,9,14,8,8,25,32,15,28,34,47,66,83,97,82,85,74,104,106,119,108,138,107,112,137,127,136,126,117,134,142,136,120,113,110,114,123,115,131,121,109,104,113,113,117,113,108,102,102,108,75,87,112,84,70,86,58,62,57,53,52,58,52,58,36,55,61,49,61,70,45,60,54,78,4034.0,43
4034,COTHAM_RD W OF BURKE_RD,045 K07,-37.81184,145.05901,6622,2582,7,1,2006-10-08 00:15:00,56,37,42,38,34,26,24,29,28,34,24,17,32,11,12,14,13,12,6,5,8,9,5,11,7,16,19,9,15,27,31,19,29,34,34,35,48,57,55,66,59,91,85,86,79,82,73,86,99,105,84,113,94,94,83,110,87,82,83,89,110,118,105,101,112,104,113,89,101,117,102,103,99,76,88,75,81,72,52,44,41,57,49,46,72,67,55,37,42,44,33,31,25,27,12,8,4034.0,58
4034,COTHAM_RD W OF BURKE_RD,045 K07,-37.81184,145.05901,6622,2582,7,1,2006-10-09 00:15:00,16,14,9,8,11,3,9,2,5,2,6,5,5,1,0,2,1,1,4,3,9,8,10,17,15,28,25,36,51,72,88,74,115,141,111,128,64,73,61,90,87,93,91,75,84,117,130,113,104,103,96,104,96,76,101,78,107,95,110,130,120,166,158,159,141,148,173,147,188,200,209,194,172,141,140,128,80,101,63,77,66,70,50,58,63,48,54,58,53,29,38,33,20,25,19,10,4034.0,160
4034,COTHAM_RD W OF BURKE_RD,045 K07,-37.81184,145.05901,6622,2582,7,1,2006-10-10 00:15:00,10,13,7,12,6,6,8,5,3,6,7,2,2,3,3,0,4,2,3,6,7,4,6,19,28,28,29,39,44,72,80,84,100,131,126,110,106,98,92,97,79,88,92,73,83,85,81,116,97,102,88,91,93,93,103,101,87,106,114,114,123,133,135,149,154,163,162,167,201,203,182,194,157,162,140,122,96,121,94,97,80,101,84,71,64,75,76,67,67,59,43,34,30,34,26,19,4034.0,152
4034,COTHAM_RD W OF BURKE_RD,045 K07,-37.81184,145.05901,6622,2582,7,1,2006-10-11 00:15:00,24,19,22,14,5,6,13,6,11,7,7,2,2,5,3,4,2,3,4,9,9,4,8,11,14,25,39,28,45,54,79,85,105,125,126,116,114,106,69,89,79,80,88,82,96,104,90,86,84,111,105,97,92,95,116,97,87,110,113,111,107,140,125,172,167,139,177,164,184,178,196,194,180,164,129,126,94,124,90,84,75,76,83,66,54,70,81,68,63,61,50,37,35,41,24,23,4034.0,133
4034,COTHAM_RD W OF BURKE_RD,045 K07,-37.81184,145.05901,6622,2582,7,1,2006-10-12 00:15:00,25,17,18,10,5,6,7,5,1,3,4,2,3,6,2,4,2,6,4,5,11,3,11,18,28,21,32,45,61,55,76,90,80,144,139,105,91,95,70,104,90,88,94,92,104,107,88,103,103,84,112,95,95,99,112,101,96,91,128,114,120,144,140,168,147,143,172,161,205,183,209,185,195,173,140,128,125,93,107,78,74,84,93,95,63,70,73,65,62,70,42,39,40,51,27,14,4034.0,131
4034,COTHAM_RD W OF BURKE_RD,045 K07,-37.81184,145.05901,6622,2582,7,1,2006-10-13 00:15:00,20,18,17,13,7,16,14,5,12,14,7,13,5,3,7,5,1,2,7,5,12,8,6,17,19,21,32,42,45,59,73,86,101,118,139,120,104,73,97,90,84,100,86,97,115,103,81,83,102,105,83,115,115,117,99,113,107,105,120,106,125,147,135,169,179,162,167,168,179,195,186,194,178,181,151,128,123,96,82,80,74,66,64,61,62,83,74,66,61,62,56,59,62,59,26,48,4034.0,132
4034,COTHAM_RD W OF BURKE_RD,045 K07,-37.81184,145.05901,6622,2582,7,1,2006-10-14 00:15:00,45,28,24,27,23,32,24,17,17,20,15,10,15,13,16,9,13,9,7,11,7,10,9,9,14,7,22,24,22,29,38,39,51,71,68,84,84,64,79,110,95,107,98,138,82,141,145,113,124,130,151,114,147,135,132,89,88,88,116,115,140,117,143,114,96,110,86,113,108,124,98,117,100,92,99,84,75,46,57,68,52,58,27,50,43,44,38,53,64,63,77,83,70,50,62,58,4034.0,67
4034,COTHAM_RD W OF BURKE_RD,045 K07,-37.81184,145.05901,6622,2582,7,1,2006-10-15 00:15:00,27,42,45,44,42,22,36,23,23,22,12,17,20,13,24,11,13,14,11,7,8,18,9,9,9,13,18,8,12,12,24,24,28,43,37,35,45,63,52,64,79,90,71,100,103,85,68,103,87,113,95,106,96,116,98,75,110,91,94,95,111,97,118,112,90,104,83,94,101,91,113,90,70,73,73,76,61,60,67,58,42,51,64,82,72,53,52,29,43,40,39,31,18,18,22,16,4034.0,36
4034,COTHAM_RD W OF BURKE_RD,045 K07,-37.81184,145.05901,6622,2582,7,1,2006-10-16 00:15:00,14,14,16,9,10,2,4,2,8,5,4,4,3,1,1,3,4,0,5,8,12,10,9,15,15,19,25,34,47,57,53,71,100,139,144,121,100,82,94,76,89,84,81,95,75,103,91,96,106,75,84,92,95,101,97,94,111,104,103,132,130,153,135,146,167,166,158,175,186,218,199,194,172,146,161,114,94,82,76,72,75,68,70,50,66,57,55,56,73,59,35,30,15,20,18,16,4034.0,110
4034,COTHAM_RD W OF BURKE_RD,045 K07,-37.81184,145.05901,6622,2582,7,1,2006-10-17 00:15:00,14,9,18,7,8,13,7,5,4,2,3,2,2,7,4,3,2,2,5,4,14,4,7,17,20,33,36,49,53,47,83,84,121,129,127,111,100,100,90,101,102,82,76,100,81,93,100,91,88,100,112,112,69,102,107,109,102,107,119,123,130,144,135,171,156,150,173,186,196,210,194,195,196,159,143,135,108,117,79,61,53,75,86,72,77,60,83,63,62,56,49,55,43,29,25,26,4034.0,130
4034,COTHAM_RD W OF BURKE_RD,045 K07,-37.81184,145.05901,6622,2582,7,1,2006-10-18 00:15:00,30,19,21,15,12,9,12,9,8,6,6,7,10,10,2,4,3,6,9,11,10,7,12,22,17,20,38,38,55,43,80,84,81,128,148,127,99,86,95,79,87,92,88,101,98,113,105,118,100,115,110,91,96,104,108,86,103,111,98,108,106,144,129,154,156,166,161,185,165,203,218,171,190,162,147,128,110,119,93,86,60,87,83,70,77,84,70,63,54,43,49,46,50,28,25,29,4034.0,123
4034,COTHAM_RD W OF BURKE_RD,045 K07,-37.81184,145.05901,6622,2582,7,1,2006-10-19 00:15:00,18,21,10,8,3,9,7,7,8,3,3,6,5,4,2,6,5,1,5,7,10,5,12,17,36,22,36,43,45,51,81,88,100,126,128,131,85,71,88,94,92,103,74,63,99,118,81,100,70,96,104,121,96,113,124,96,112,112,118,116,141,146,135,161,167,150,166,164,188,222,224,221,153,162,140,119,120,119,100,91,74,77,90,75,80,73,61,55,66,47,50,43,41,45,41,32,4034.0,132
4034,COTHAM_RD W OF BURKE_RD,045 K07,-37.81184,145.05901,6622,2582,7,1,2006-10-20 00:15:00,16,23,21,20,11,13,11,6,8,13,9,3,6,3,10,11,8,6,7,8,7,7,8,15,29,20,36,45,41,64,76,102,113,119,121,130,79,81,61,85,101,82,88,91,93,86,79,82,94,119,105,104,105,123,117,100,85,74,95,84,112,110,147,148,169,163,161,164,173,185,208,174,199,162,151,121,118,79,90,80,58,69,51,56,50,57,53,58,67,71,54,53,59,60,43,49,4034.0,140
4034,COTHAM_RD W OF BURKE_RD,045 K07,-37.81184,145.05901,6622,2582,7,1,2006-10-21 00:15:00,38,37,31,31,24,22,12,4,13,15,12,7,6,6,8,7,13,3,13,8,12,8,12,7,12,10,11,22,14,33,27,44,51,55,55,89,81,92,82,100,102,107,108,126,84,113,140,145,133,136,138,145,129,128,132,121,102,84,128,115,136,127,136,104,125,124,98,126,108,109,98,112,108,80,96,97,69,65,66,60,76,52,51,47,49,44,55,56,56,56,66,65,61,58,56,55,4034.0,60
4034,COTHAM_RD W OF BURKE_RD,045 K07,-37.81184,145.05901,6622,2582,7,1,2006-10-22 00:15:00,57,55,50,42,41,32,35,25,23,24,23,18,13,20,18,14,7,4,12,10,7,10,7,7,9,11,11,15,19,19,26,32,29,39,43,46,46,54,41,75,104,84,100,119,84,97,90,105,104,88,114,77,96,112,112,84,96,109,79,89,97,114,97,101,93,86,109,105,128,118,92,107,111,67,87,79,83,62,64,52,51,50,43,65,72,59,56,43,54,35,29,24,27,34,16,24,4034.0,45
4034,COTHAM_RD W OF BURKE_RD,045 K07,-37.81184,145.05901,6622,2582,7,1,2006-10-23 00:15:00,14,14,8,11,6,8,9,4,3,3,7,4,4,7,3,3,2,4,3,5,8,11,13,19,22,30,20,55,46,54,40,63,65,124,124,122,93,112,65,87,85,61,76,87,93,82,113,108,91,102,97,115,91,74,120,101,88,116,111,118,138,125,161,153,173,183,176,171,181,203,196,194,181,171,135,111,112,85,64,83,80,67,54,57,54,53,47,44,66,40,33,31,24,21,13,3,4034.0,94
4034,COTHAM_RD W OF BURKE_RD,045 K07,-37.81184,145.05901,6622,2582,7,1,2006-10-24 00:15:00,13,13,12,5,7,7,3,6,3,2,3,3,1,2,1,5,3,2,7,7,10,9,5,15,20,24,35,55,54,37,80,106,91,123,99,108,95,102,90,68,104,87,80,104,84,112,85,97,111,122,85,96,107,76,112,93,82,90,108,84,117,140,115,176,157,139,165,180,193,211,197,224,177,181,119,148,107,91,99,80,110,92,83,42,63,77,61,66,71,45,44,49,27,28,28,24,4034.0,117
4034,COTHAM_RD W OF BURKE_RD,045 K07,-37.81184,145.05901,6622,2582,7,1,2006-10-25 00:15:00,22,26,14,10,13,12,10,7,7,5,4,4,4,2,7,5,6,1,4,6,8,7,10,15,26,24,31,41,39,81,63,66,95,94,105,123,93,79,89,70,87,101,69,104,94,106,84,91,119,106,105,95,93,116,112,101,96,104,102,105,145,118,135,132,167,150,169,164,165,203,214,165,153,162,130,116,123,114,100,97,60,79,72,63,51,56,65,69,66,70,49,40,33,27,20,26,4034.0,144
4034,COTHAM_RD W OF BURKE_RD,045 K07,-37.81184,145.05901,6622,2582,7,1,2006-10-26 00:15:00,12,18,11,8,12,10,6,6,4,3,2,6,4,1,4,5,1,5,8,2,6,4,12,12,24,12,25,40,43,65,76,88,94,132,140,112,86,110,82,96,68,92,93,95,75,81,81,95,81,81,79,93,99,97,127,90,84,133,95,102,98,143,135,134,182,163,196,187,181,224,206,182,172,143,165,128,94,74,91,76,71,73,64,72,75,73,73,51,59,64,52,45,39,36,25,20,4034.0,141
4034,COTHAM_RD W OF BURKE_RD,045 K07,-37.81184,145.05901,6622,2582,7,1,2006-10-27 00:15:00,17,14,12,15,19,7,13,10,4,8,6,5,8,4,9,3,6,2,3,10,7,5,8,16,21,20,34,45,27,83,65,99,108,111,115,117,75,89,99,111,85,95,82,110,82,97,93,107,107,117,124,109,93,95,109,106,114,107,132,119,130,154,145,146,124,162,160,171,166,179,152,187,133,165,134,132,142,112,85,84,80,40,48,40,69,53,53,62,56,49,50,48,60,52,45,44,4034.0,148
4034,COTHAM_RD W OF BURKE_RD,045 K07,-37.81184,145.05901,6622,2582,7,1,2006-10-28 00:15:00,52,32,28,25,20,20,24,9,18,15,15,17,10,18,9,6,4,17,4,7,9,11,8,10,6,11,14,25,21,23,37,40,41,66,70,74,80,70,108,99,99,115,98,134,126,142,134,148,118,136,134,133,138,129,118,125,88,82,112,97,115,121,136,104,106,129,93,112,127,109,92,84,92,102,68,83,68,85,84,46,48,55,51,61,57,37,51,55,48,41,39,65,64,40,44,53,4034.0,60
4034,COTHAM_RD W OF BURKE_RD,045 K07,-37.81184,145.05901,6622,2582,7,1,2006-10-29 00:15:00,47,42,40,30,30,43,31,0,0,0,0,16,20,23,10,20,12,13,17,13,15,13,10,16,15,10,17,13,20,27,15,29,25,33,33,39,28,26,37,60,54,92,63,74,76,80,92,110,85,102,96,94,105,107,97,92,126,91,110,106,89,104,82,106,99,105,116,94,99,119,102,103,85,86,91,106,80,72,54,71,56,53,57,61,66,35,41,48,39,31,37,27,30,18,33,18,4034.0,42
4034,COTHAM_RD W OF BURKE_RD,045 K07,-37.81184,145.05901,6622,2582,7,1,2006-10-30 00:15:00,12,16,16,12,8,5,9,9,5,2,3,4,2,3,2,2,3,1,6,6,8,8,8,8,19,22,32,43,45,53,67,84,111,112,140,94,95,87,59,86,76,93,87,102,79,89,105,88,88,102,78,95,95,86,112,120,87,107,111,121,120,122,134,135,162,165,170,176,184,176,183,161,172,181,133,118,94,74,80,73,58,54,74,71,52,49,60,54,51,49,30,29,46,27,22,20,4034.0,120
4034,COTHAM_RD W OF BURKE_RD,045 K07,-37.81184,145.05901,6622,2582,7,1,2006-10-31 00:15:00,16,13,13,8,11,4,6,4,7,6,1,9,3,6,1,6,4,4,5,9,10,8,7,13,19,14,32,51,59,50,48,76,97,136,101,110,97,65,91,69,111,97,101,77,114,79,74,95,103,126,95,103,97,97,107,103,100,103,102,120,111,144,135,141,146,180,173,155,182,203,187,166,172,162,161,140,130,108,99,78,63,78,79,71,74,60,81,59,47,41,50,45,31,32,30,11,4034.0,98
4035,BURKE_RD N of MONT ALBERT_RD,045 J09,-37.8172654,145.0583603,6377,376,1,1,2006-10-01 00:15:00,78,101,61,67,58,35,51,38,35,29,25,25,19,25,19,14,16,19,21,17,21,27,41,36,46,61,63,77,67,61,64,73,79,86,133,114,134,137,162,193,188,180,198,198,187,189,186,189,192,216,189,229,182,178,228,226,194,221,179,200,152,183,196,160,170,188,163,187,189,217,217,179,147,174,182,162,155,118,95,89,98,85,81,89,79,122,102,97,71,71,48,52,50,46,40,37,4035.0,125
4035,BURKE_RD N of MONT ALBERT_RD,045 J09,-37.8172654,145.0583603,6377,376,1,1,2006-10-02 00:15:00,28,26,17,13,12,14,12,11,14,7,10,3,10,15,6,10,7,20,14,23,20,25,43,41,95,128,201,245,235,292,280,283,281,269,358,218,244,308,206,244,200,185,210,186,188,180,163,181,160,177,183,206,174,165,200,181,179,179,210,208,178,227,170,170,213,184,216,172,184,236,202,187,194,187,141,162,152,189,153,130,99,86,111,89,107,86,91,81,76,76,57,46,43,71,30,23,4035.0,572
4035,BURKE_RD N of MONT ALBERT_RD,045 J09,-37.8172654,145.0583603,6377,376,1,1,2006-10-03 00:15:00,16,26,14,7,13,9,8,6,4,6,9,9,7,8,9,9,4,14,16,28,25,38,42,75,99,159,226,221,287,301,273,304,286,287,297,294,282,254,263,243,205,191,213,180,194,195,191,195,208,202,185,194,208,185,175,190,190,201,194,198,196,186,166,230,233,228,226,194,193,220,195,228,211,203,182,198,158,163,156,146,134,119,115,113,112,103,109,93,115,84,89,65,72,59,39,38,4035.0,574
4035,BURKE_RD N of MONT ALBERT_RD,045 J09,-37.8172654,145.0583603,6377,376,1,1,2006-10-04 00:15:00,23,33,29,14,17,11,10,8,4,6,5,10,9,11,8,10,5,11,14,25,17,42,50,55,129,144,223,248,261,277,270,290,274,346,266,286,235,291,258,212,203,223,248,205,211,186,171,202,248,196,206,199,184,196,189,179,178,215,186,203,190,186,137,224,178,200,232,222,195,181,236,181,223,165,215,187,196,174,163,146,125,100,116,109,136,107,96,107,110,100,76,64,61,90,41,42,4035.0,547
4035,BURKE_RD N of MONT ALBERT_RD,045 J09,-37.8172654,145.0583603,6377,376,1,1,2006-10-05 00:15:00,29,26,24,22,18,20,5,6,8,5,9,13,9,15,5,11,14,11,26,26,20,43,40,72,129,132,190,233,235,312,290,315,263,275,301,286,247,311,244,248,219,227,202,204,188,221,224,230,219,209,217,191,200,239,193,193,184,205,214,213,204,225,174,247,213,228,203,216,182,276,214,205,165,206,213,176,194,174,146,188,141,118,147,137,132,101,105,132,67,47,72,88,69,77,43,36,4035.0,602
4035,BURKE_RD N of MONT ALBERT_RD,045 J09,-37.8172654,145.0583603,6377,376,1,1,2006-10-06 00:15:00,46,38,20,19,22,9,8,15,6,9,9,18,11,13,15,9,14,13,19,24,22,39,45,77,105,192,215,240,271,257,282,323,291,299,315,285,236,247,260,247,196,254,227,238,213,230,227,209,203,243,246,201,228,201,185,217,187,215,232,213,192,230,180,243,208,206,197,243,213,198,175,221,208,204,214,222,234,201,215,191,154,155,145,174,139,124,103,96,96,95,102,111,80,98,76,87,4035.0,539
4035,BURKE_RD N of MONT ALBERT_RD,045 J09,-37.8172654,145.0583603,6377,376,1,1,2006-10-07 00:15:00,61,75,54,42,42,35,33,28,18,20,13,15,24,19,24,14,11,13,23,15,21,12,27,28,42,69,95,95,86,97,119,157,128,186,200,233,225,239,240,224,206,218,242,268,238,197,286,258,261,290,212,218,211,242,283,244,236,237,218,212,215,214,190,202,207,181,183,207,232,185,198,169,254,225,220,236,204,241,200,162,157,140,106,110,118,115,135,135,120,109,103,121,123,109,126,132,4035.0,216
4035,BURKE_RD N of MONT ALBERT_RD,045 J09,-37.8172654,145.0583603,6377,376,1,1,2006-10-08 00:15:00,96,101,83,53,44,71,46,30,32,30,25,24,21,20,15,16,17,13,15,20,28,36,42,43,49,66,88,74,100,88,62,105,114,130,118,144,143,155,164,216,184,218,212,226,219,192,196,206,194,241,184,209,235,207,187,190,188,194,194,162,177,207,184,183,182,158,139,191,209,182,203,179,165,202,165,147,118,131,104,90,93,103,107,108,87,120,95,98,108,86,72,58,62,39,59,19,4035.0,150
4035,BURKE_RD N of MONT ALBERT_RD,045 J09,-37.8172654,145.0583603,6377,376,1,1,2006-10-09 00:15:00,20,22,8,14,11,7,7,10,5,5,11,7,12,6,4,7,12,8,17,22,21,43,54,56,90,144,178,278,251,286,282,322,260,319,281,253,266,232,214,244,216,223,156,208,199,193,214,192,170,188,214,175,174,193,161,164,197,180,186,206,201,210,180,190,234,204,178,199,210,194,206,219,169,175,202,199,151,178,140,121,107,97,73,115,102,78,106,83,89,75,64,50,43,43,31,26,4035.0,568
4035,BURKE_RD N of MONT ALBERT_RD,045 J09,-37.8172654,145.0583603,6377,376,1,1,2006-10-10 00:15:00,17,23,21,18,14,9,10,5,11,8,7,6,6,9,8,10,8,16,24,35,29,43,50,67,121,145,216,245,289,291,282,266,292,280,322,241,247,290,272,211,221,230,198,216,208,192,242,198,198,174,215,170,196,210,191,183,172,192,182,215,192,208,182,227,214,197,230,197,203,201,207,220,199,196,225,211,191,186,170,145,116,129,108,123,112,117,108,129,86,121,87,64,57,46,41,43,4035.0,573
4035,BURKE_RD N of MONT ALBERT_RD,045 J09,-37.8172654,145.0583603,6377,376,1,1,2006-10-11 00:15:00,31,40,16,14,19,12,15,8,6,5,11,3,9,10,9,8,6,12,15,27,19,39,47,78,98,168,240,235,243,284,308,276,323,306,318,273,266,242,283,216,222,192,210,223,187,186,216,193,186,261,202,173,182,188,180,178,197,206,204,216,217,209,186,199,217,231,195,181,195,216,218,198,198,182,187,214,175,185,171,143,120,123,117,139,101,94,107,130,105,101,75,71,72,65,34,30,4035.0,592
4035,BURKE_RD N of MONT ALBERT_RD,045 J09,-37.8172654,145.0583603,6377,376,1,1,2006-10-12 00:15:00,33,35,19,26,16,9,15,8,10,7,11,6,4,7,8,10,7,11,17,30,22,38,52,60,120,180,212,252,256,306,267,294,263,305,326,304,269,302,244,207,237,218,200,200,188,202,201,227,180,200,162,227,221,206,215,185,178,173,180,211,196,178,151,222,199,195,162,191,220,196,242,207,172,199,193,193,186,168,162,143,123,116,119,116,120,150,110,117,112,107,111,79,61,69,33,29,4035.0,573
4035,BURKE_RD N of MONT ALBERT_RD,045 J09,-37.8172654,145.0583603,6377,376,1,1,2006-10-13 00:15:00,36,40,24,22,27,18,20,8,12,11,12,11,12,7,10,13,7,12,17,24,18,37,49,69,103,161,208,258,234,269,303,282,277,309,263,256,257,270,256,244,208,225,206,225,210,213,241,198,213,222,226,164,186,192,192,216,197,183,182,213,198,221,178,265,191,254,179,233,202,231,187,211,205,216,201,220,188,237,153,170,157,146,122,136,103,108,90,107,95,115,139,98,99,90,93,90,4035.0,572
4035,BURKE_RD N of MONT ALBERT_RD,045 J09,-37.8172654,145.0583603,6377,376,1,1,2006-10-14 00:15:00,79,60,57,42,40,21,32,30,38,25,9,14,19,17,21,20,18,20,18,17,24,26,22,40,46,64,92,90,87,89,109,144,151,153,196,223,190,221,198,258,203,216,227,225,217,208,263,274,250,245,218,206,284,277,226,237,241,219,221,222,222,218,241,201,202,222,220,222,221,191,265,250,195,240,238,229,220,213,176,161,133,149,114,118,133,124,91,123,111,112,112,117,110,105,99,102,4035.0,198
4035,BURKE_RD N of MONT ALBERT_RD,045 J09,-37.8172654,145.0583603,6377,376,1,1,2006-10-15 00:15:00,98,91,78,72,62,60,36,39,34,39,30,23,22,21,23,19,19,25,18,24,37,47,48,53,50,65,82,70,67,68,91,70,80,109,130,157,137,148,209,187,208,209,221,231,198,197,225,207,209,209,213,198,234,211,232,184,221,202,202,174,227,185,206,190,238,175,207,196,215,205,180,224,176,151,188,181,129,105,127,97,101,100,106,127,132,119,104,88,107,80,74,45,44,48,49,33,4035.0,159
4035,BURKE_RD N of MONT ALBERT_RD,045 J09,-37.8172654,145.0583603,6377,376,1,1,2006-10-16 00:15:00,33,26,19,17,9,12,16,6,4,8,5,5,3,9,8,5,5,8,18,23,18,31,47,54,86,146,218,251,225,306,307,291,282,306,276,294,265,275,241,213,190,189,192,191,197,201,168,185,201,231,171,198,203,185,199,186,193,183,192,221,180,193,232,208,213,226,204,194,248,199,228,201,185,194,189,171,145,159,130,130,122,117,94,105,97,91,105,82,87,79,53,56,53,50,23,31,4035.0,613
4035,BURKE_RD N of MONT ALBERT_RD,045 J09,-37.8172654,145.0583603,6377,376,1,1,2006-10-17 00:15:00,25,25,11,10,20,8,9,5,5,7,4,6,10,5,5,14,7,10,19,23,26,29,44,69,88,158,218,275,261,248,303,346,260,335,242,336,256,270,284,251,232,217,226,207,192,186,214,177,200,184,190,218,196,187,185,173,182,215,198,202,192,184,160,209,222,209,178,213,158,220,195,210,195,195,157,207,181,186,163,140,107,105,118,136,119,108,112,127,127,95,93,71,78,53,36,40,4035.0,551
4035,BURKE_RD N of MONT ALBERT_RD,045 J09,-37.8172654,145.0583603,6377,376,1,1,2006-10-18 00:15:00,35,30,19,19,15,13,14,13,7,4,9,10,12,11,8,7,7,11,14,24,33,32,52,69,102,162,229,252,290,315,305,311,290,275,303,282,252,270,220,280,226,202,183,209,199,216,197,213,216,233,165,176,232,217,204,191,207,195,203,191,234,185,184,197,225,198,224,175,187,250,204,228,203,184,239,210,216,193,173,176,119,105,102,140,102,105,112,113,120,90,80,74,81,63,57,58,4035.0,620
4035,BURKE_RD N of MONT ALBERT_RD,045 J09,-37.8172654,145.0583603,6377,376,1,1,2006-10-19 00:15:00,43,34,20,14,18,15,11,10,6,7,12,6,13,4,11,13,13,10,18,29,22,43,55,59,107,167,211,260,236,289,269,288,260,278,316,276,284,284,242,246,225,246,239,208,192,234,194,220,207,196,211,192,182,202,197,188,209,171,241,202,191,208,185,252,205,210,230,246,209,199,200,197,220,177,237,232,205,182,211,147,142,119,115,123,98,135,113,101,94,100,73,83,73,84,54,43,4035.0,558
4035,BURKE_RD N of MONT ALBERT_RD,045 J09,-37.8172654,145.0583603,6377,376,1,1,2006-10-20 00:15:00,41,40,25,27,19,14,20,14,13,8,14,9,13,14,12,9,9,14,20,26,35,40,44,71,124,160,235,219,265,276,294,316,289,301,289,258,271,260,241,239,213,241,223,228,205,197,225,216,204,226,204,188,214,213,199,199,176,182,241,198,198,195,212,199,224,214,191,208,187,238,195,201,219,189,202,247,217,209,176,188,144,166,108,133,130,97,104,109,103,128,85,100,82,74,71,84,4035.0,570
4035,BURKE_RD N of MONT ALBERT_RD,045 J09,-37.8172654,145.0583603,6377,376,1,1,2006-10-21 00:15:00,52,63,55,53,39,21,17,29,26,20,13,13,10,16,19,18,11,11,19,15,30,20,24,33,50,87,86,87,77,99,131,158,149,165,178,230,227,213,268,248,240,212,214,238,250,240,242,265,268,268,262,222,250,209,246,287,226,221,237,211,197,245,229,203,207,225,209,230,211,223,211,194,226,214,203,202,179,194,165,146,141,111,133,116,107,110,140,105,104,92,103,131,107,127,95,98,4035.0,230
4035,BURKE_RD N of MONT ALBERT_RD,045 J09,-37.8172654,145.0583603,6377,376,1,1,2006-10-22 00:15:00,94,96,64,84,60,56,60,37,34,39,16,23,20,19,20,22,19,14,23,19,22,45,53,47,60,47,69,70,65,82,93,100,93,91,121,124,147,155,155,210,208,197,214,224,211,197,195,244,196,211,221,199,216,226,191,211,158,201,212,177,182,199,196,213,198,187,206,180,193,203,188,232,171,207,155,158,136,119,119,116,119,79,112,112,146,108,99,99,76,77,65,50,53,32,48,35,4035.0,175
4035,BURKE_RD N of MONT ALBERT_RD,045 J09,-37.8172654,145.0583603,6377,376,1,1,2006-10-23 00:15:00,28,30,46,21,13,12,11,6,6,8,7,5,9,4,9,6,7,14,9,25,30,37,54,53,96,147,207,242,271,272,307,263,318,253,339,285,252,252,223,212,225,185,192,189,181,186,182,194,191,213,187,199,196,159,192,167,207,190,193,161,175,211,190,227,205,187,201,172,192,207,205,201,164,191,169,196,160,156,128,138,118,93,94,102,92,82,95,98,79,88,57,41,30,40,27,29,4035.0,579
4035,BURKE_RD N of MONT ALBERT_RD,045 J09,-37.8172654,145.0583603,6377,376,1,1,2006-10-24 00:15:00,27,29,19,15,9,11,7,7,1,7,6,6,9,9,4,13,5,14,10,25,23,47,67,84,109,167,243,232,297,302,270,299,286,331,310,261,255,297,245,251,209,213,211,223,227,200,173,179,188,190,223,188,227,218,218,171,179,192,171,210,175,215,173,213,177,178,177,219,218,224,201,198,198,177,174,196,186,157,152,149,126,116,122,114,121,105,123,114,119,99,85,76,65,64,51,33,4035.0,572
4035,BURKE_RD N of MONT ALBERT_RD,045 J09,-37.8172654,145.0583603,6377,376,1,1,2006-10-25 00:15:00,33,40,16,22,16,8,12,9,7,4,8,10,7,4,7,6,6,11,13,27,23,40,48,70,101,153,208,225,270,273,310,279,297,300,305,265,270,272,264,230,224,233,233,183,173,217,181,200,216,206,234,193,171,188,201,180,180,187,170,223,199,203,157,233,257,190,196,222,217,220,212,191,213,219,148,233,173,181,138,167,125,134,139,123,114,97,106,112,105,76,64,82,67,63,30,38,4035.0,583
4035,BURKE_RD N of MONT ALBERT_RD,045 J09,-37.8172654,145.0583603,6377,376,1,1,2006-10-26 00:15:00,56,50,22,19,14,10,9,7,4,9,5,9,9,9,12,11,9,13,20,30,27,40,50,66,101,167,220,244,253,308,302,318,270,329,305,246,264,256,253,252,200,247,219,191,223,210,193,230,208,237,186,185,221,199,207,207,210,191,216,198,207,185,188,224,225,196,233,185,243,198,256,226,192,199,183,186,214,186,190,151,119,141,137,137,106,115,149,110,112,105,89,75,58,94,72,33,4035.0,610
4035,BURKE_RD N of MONT ALBERT_RD,045 J09,-37.8172654,145.0583603,6377,376,1,1,2006-10-27 00:15:00,39,22,23,20,22,14,16,10,11,11,11,12,14,11,10,5,9,11,11,23,27,35,58,86,96,149,215,243,270,292,318,277,295,328,270,264,255,241,256,251,209,217,228,201,194,216,189,206,201,209,223,216,221,219,213,190,185,206,195,245,185,211,174,223,202,203,163,178,223,224,194,199,210,227,197,208,199,175,173,178,120,129,112,134,117,95,114,94,100,115,114,92,81,87,90,75,4035.0,610
4035,BURKE_RD N of MONT ALBERT_RD,045 J09,-37.8172654,145.0583603,6377,376,1,1,2006-10-28 00:15:00,71,73,57,45,42,30,42,24,27,23,15,13,16,25,22,12,13,19,13,16,21,20,20,42,36,54,83,80,111,109,118,138,131,157,189,209,200,217,227,221,235,212,234,219,217,251,241,229,236,230,231,255,259,250,214,247,246,282,195,219,220,239,201,200,209,203,203,219,182,237,217,216,211,220,216,217,192,210,185,174,149,136,115,119,95,92,95,148,113,105,81,127,122,102,91,97,4035.0,227
4035,BURKE_RD N of MONT ALBERT_RD,045 J09,-37.8172654,145.0583603,6377,376,1,1,2006-10-29 00:15:00,99,95,76,53,55,53,37,0,0,0,0,34,30,27,29,22,26,24,31,16,26,30,24,41,36,53,53,74,74,65,76,64,84,85,125,121,127,146,188,185,178,184,163,197,188,201,173,211,208,212,213,243,192,218,198,202,184,198,165,230,182,216,179,192,215,210,207,199,201,200,186,214,208,185,201,154,163,113,132,99,110,98,121,113,126,92,107,105,101,87,67,92,61,45,41,42,4035.0,141
4035,BURKE_RD N of MONT ALBERT_RD,045 J09,-37.8172654,145.0583603,6377,376,1,1,2006-10-30 00:15:00,32,24,25,15,17,12,17,9,11,7,9,3,14,4,7,5,8,10,14,23,24,30,43,51,67,147,184,254,265,257,338,307,294,278,255,343,236,258,244,203,226,203,200,204,175,174,187,191,206,191,190,194,168,161,201,214,181,186,183,219,175,220,172,182,205,190,212,257,179,205,210,182,210,175,191,175,158,154,117,124,109,103,100,110,85,86,93,71,72,80,81,49,32,42,37,26,4035.0,595
4035,BURKE_RD N of MONT ALBERT_RD,045 J09,-37.8172654,145.0583603,6377,376,1,1,2006-10-31 00:15:00,26,23,28,17,18,17,8,7,7,9,3,6,7,5,4,10,11,6,15,26,24,42,34,60,77,137,193,230,272,337,289,328,284,326,293,268,241,223,252,227,211,206,195,182,199,184,183,189,215,201,191,198,193,191,186,179,201,193,187,190,176,195,181,218,204,215,186,174,194,208,195,189,230,170,192,181,184,178,171,137,136,125,121,97,105,93,111,115,110,91,86,74,53,55,44,38,4035.0,626
4035,MONT ALBERT_RD E of BURKE_RD,045 J09,-37.81744,145.05873,19787,376,3,1,2006-10-01 00:15:00,37,41,28,24,14,22,14,11,18,18,13,13,12,8,22,15,16,14,7,7,12,3,13,17,17,18,35,16,30,27,47,52,46,49,48,71,86,91,107,125,104,117,128,101,100,128,98,127,110,112,103,92,145,97,124,126,97,107,122,105,114,115,118,81,132,107,109,106,109,88,98,83,109,79,99,85,60,55,63,38,43,39,40,28,48,41,53,46,21,32,31,18,16,10,16,8,4035.0,74
4035,MONT ALBERT_RD E of BURKE_RD,045 J09,-37.81744,145.05873,19787,376,3,1,2006-10-02 00:15:00,11,5,8,5,10,8,6,4,1,5,1,8,9,3,8,11,6,8,4,3,11,12,33,32,44,60,99,140,222,300,205,217,212,235,205,198,125,144,173,132,110,132,96,105,102,105,103,95,109,93,110,102,91,126,98,99,110,130,96,117,148,95,124,159,108,122,120,131,103,104,113,100,127,122,119,114,110,93,76,65,72,35,59,42,55,40,53,51,48,33,30,34,31,12,9,11,4035.0,505
4035,MONT ALBERT_RD E of BURKE_RD,045 J09,-37.81744,145.05873,19787,376,3,1,2006-10-03 00:15:00,9,6,2,0,4,7,4,4,5,1,2,2,8,6,2,2,4,2,11,5,10,27,34,41,64,65,131,200,228,253,235,202,193,240,235,218,165,162,179,99,139,138,107,81,114,130,102,104,112,125,127,76,96,112,107,89,112,115,103,119,158,124,124,123,118,100,107,131,119,112,116,162,109,149,100,91,115,98,99,89,96,73,61,58,47,60,53,61,40,37,37,47,36,15,14,14,4035.0,488
4035,MONT ALBERT_RD E of BURKE_RD,045 J09,-37.81744,145.05873,19787,376,3,1,2006-10-04 00:15:00,17,8,3,5,5,3,3,3,4,2,3,9,4,6,9,5,7,2,5,7,11,18,37,62,52,63,146,183,223,202,291,228,174,156,205,225,203,175,183,150,137,109,115,118,120,140,121,116,110,103,97,104,111,95,131,87,95,115,97,126,136,128,127,111,137,128,114,111,128,139,125,144,110,168,119,112,102,124,79,74,74,82,86,58,49,43,54,49,49,43,39,26,28,26,14,14,4035.0,493
4035,MONT ALBERT_RD E of BURKE_RD,045 J09,-37.81744,145.05873,19787,376,3,1,2006-10-05 00:15:00,7,16,6,11,9,10,7,5,2,7,3,4,6,2,5,6,4,10,7,5,12,29,33,46,46,62,151,157,272,290,239,206,207,205,230,184,215,184,161,172,142,122,136,133,90,120,115,111,111,130,135,122,103,128,96,117,117,104,111,124,128,127,156,126,133,99,132,113,142,152,138,126,128,123,123,112,83,107,99,76,78,80,61,68,52,65,53,51,43,66,54,28,29,36,18,22,4035.0,529
4035,MONT ALBERT_RD E of BURKE_RD,045 J09,-37.81744,145.05873,19787,376,3,1,2006-10-06 00:15:00,14,10,9,10,7,4,7,13,7,3,7,6,4,4,8,15,4,6,10,5,14,22,30,60,48,76,126,198,230,250,264,205,228,176,171,181,185,185,168,145,128,123,123,124,119,123,121,106,135,122,103,141,122,115,101,100,117,110,104,121,124,143,164,150,129,129,116,117,117,146,130,136,129,138,141,148,107,113,94,73,38,72,65,58,35,68,63,51,60,55,48,53,51,37,39,41,4035.0,514
4035,MONT ALBERT_RD E of BURKE_RD,045 J09,-37.81744,145.05873,19787,376,3,1,2006-10-07 00:15:00,20,16,20,28,26,19,15,7,18,4,17,10,8,19,14,6,0,17,7,4,8,21,23,16,22,31,55,66,35,42,82,94,101,92,138,156,118,160,161,190,152,138,159,151,162,142,164,163,144,106,150,163,188,155,145,134,115,121,123,131,129,89,114,100,100,96,106,136,109,104,115,120,117,98,109,134,91,115,81,117,72,70,81,40,75,45,39,62,62,52,56,41,32,58,45,51,4035.0,124
4035,MONT ALBERT_RD E of BURKE_RD,045 J09,-37.81744,145.05873,19787,376,3,1,2006-10-08 00:15:00,49,36,23,26,29,19,17,17,13,22,24,11,10,15,13,13,7,15,11,4,19,15,14,16,22,26,18,38,30,27,38,39,46,46,65,92,98,92,94,109,98,113,122,139,109,115,112,105,107,92,117,128,107,119,145,119,113,89,84,111,104,132,104,89,103,108,96,118,100,103,123,99,92,67,102,83,79,56,57,49,39,59,58,53,37,46,59,27,35,33,30,27,24,11,9,11,4035.0,65
4035,MONT ALBERT_RD E of BURKE_RD,045 J09,-37.81744,145.05873,19787,376,3,1,2006-10-09 00:15:00,4,14,7,7,4,6,8,7,7,2,4,4,4,2,3,5,8,1,15,4,9,23,49,38,48,63,105,185,237,262,270,190,175,169,226,226,162,163,183,149,148,122,98,111,110,101,95,110,104,113,112,128,108,116,97,112,85,82,118,99,144,134,141,123,103,114,119,113,120,90,100,123,127,131,85,96,80,98,73,72,57,68,54,43,50,56,33,29,25,33,26,21,32,11,21,9,4035.0,532
4035,MONT ALBERT_RD E of BURKE_RD,045 J09,-37.81744,145.05873,19787,376,3,1,2006-10-10 00:15:00,8,8,4,7,1,13,5,0,9,2,0,4,8,2,2,8,5,3,9,2,24,25,39,45,62,77,125,180,252,291,251,178,217,226,190,212,187,177,147,148,136,159,138,117,102,108,101,114,91,117,106,138,104,104,106,85,101,100,103,139,93,128,118,158,109,126,143,117,138,138,112,134,135,129,109,136,144,111,85,78,70,57,74,53,68,38,50,53,37,32,24,28,22,23,13,16,4035.0,542
4035,MONT ALBERT_RD E of BURKE_RD,045 J09,-37.81744,145.05873,19787,376,3,1,2006-10-11 00:15:00,9,6,5,7,5,5,3,2,2,1,6,10,4,4,6,4,7,2,13,9,13,28,39,46,42,93,98,198,231,287,237,259,160,168,198,221,175,236,157,138,146,141,122,106,104,143,114,142,110,106,113,106,115,107,100,89,111,100,116,129,117,132,110,145,121,130,110,129,114,119,128,135,129,132,135,134,116,90,97,82,76,74,63,48,56,60,46,60,48,47,37,41,19,29,16,10,4035.0,524
4035,MONT ALBERT_RD E of BURKE_RD,045 J09,-37.81744,145.05873,19787,376,3,1,2006-10-12 00:15:00,4,14,4,13,10,6,9,4,3,3,1,4,4,4,4,2,6,8,6,4,12,33,52,34,54,80,176,169,248,261,257,187,196,175,192,221,160,192,161,145,136,130,125,116,128,95,122,107,117,123,100,89,115,134,103,123,108,78,113,129,143,141,131,107,94,133,125,113,140,138,145,102,143,106,134,134,128,88,109,54,64,65,81,71,67,59,48,52,44,29,68,29,46,24,22,29,4035.0,518
4035,MONT ALBERT_RD E of BURKE_RD,045 J09,-37.81744,145.05873,19787,376,3,1,2006-10-13 00:15:00,8,22,9,23,6,6,12,5,5,10,3,7,6,1,5,6,6,8,13,10,9,21,49,47,63,63,137,198,205,283,225,206,177,173,205,180,182,164,188,149,138,138,144,142,116,137,112,113,132,159,111,121,121,99,98,122,120,95,103,108,163,150,150,121,118,132,130,118,114,124,118,140,138,113,106,111,120,103,113,99,86,78,83,68,56,50,36,49,48,46,48,37,39,49,41,23,4035.0,508
4035,MONT ALBERT_RD E of BURKE_RD,045 J09,-37.81744,145.05873,19787,376,3,1,2006-10-14 00:15:00,29,21,29,20,25,20,11,19,10,9,16,6,17,8,15,4,5,11,9,9,13,17,26,28,29,34,48,60,40,39,95,106,95,97,123,165,111,197,141,149,111,152,186,147,126,169,165,162,179,163,149,172,137,118,147,116,146,105,98,135,115,111,126,119,109,105,121,148,103,121,112,117,116,153,150,155,133,112,101,87,100,79,80,51,60,63,50,41,44,44,42,48,43,50,33,53,4035.0,134
4035,MONT ALBERT_RD E of BURKE_RD,045 J09,-37.81744,145.05873,19787,376,3,1,2006-10-15 00:15:00,30,31,23,31,24,23,24,14,10,20,17,11,10,5,22,8,14,18,22,31,25,9,27,21,18,36,22,32,22,31,43,51,61,56,72,81,106,105,106,120,119,107,105,122,113,109,122,107,130,124,141,124,108,130,110,108,96,110,108,118,105,87,125,119,88,130,100,105,85,94,101,92,98,104,78,74,61,59,42,42,62,45,37,47,70,48,46,53,36,35,29,25,21,16,9,11,4035.0,74
4035,MONT ALBERT_RD E of BURKE_RD,045 J09,-37.81744,145.05873,19787,376,3,1,2006-10-16 00:15:00,4,14,5,6,5,7,8,7,2,3,3,1,4,3,4,5,10,4,10,6,14,16,52,42,68,80,119,174,268,244,235,226,213,150,219,184,198,152,156,135,141,140,113,126,99,96,97,123,99,117,102,95,104,93,92,116,112,84,87,116,143,145,111,125,101,128,121,126,105,136,111,105,136,104,97,106,87,86,95,66,64,70,59,47,38,45,39,61,33,42,36,28,29,14,10,5,4035.0,479
4035,MONT ALBERT_RD E of BURKE_RD,045 J09,-37.81744,145.05873,19787,376,3,1,2006-10-17 00:15:00,14,1,3,4,0,2,9,4,4,9,0,2,4,8,2,2,10,9,11,3,16,23,42,46,48,92,176,192,204,269,271,192,196,168,250,195,237,174,126,165,179,100,109,105,115,100,98,106,118,140,101,118,85,113,111,108,120,99,119,117,122,130,132,129,117,123,143,170,144,148,128,146,119,120,137,106,107,107,93,91,67,78,73,77,43,42,49,41,40,40,35,29,24,23,20,16,4035.0,540
4035,MONT ALBERT_RD E of BURKE_RD,045 J09,-37.81744,145.05873,19787,376,3,1,2006-10-18 00:15:00,17,14,10,8,8,18,6,2,2,2,3,7,4,2,7,6,6,4,10,5,13,25,52,60,69,73,153,205,223,261,143,254,183,200,199,223,186,160,150,158,131,151,99,146,114,116,131,111,113,130,117,114,83,121,109,118,94,121,92,124,121,119,146,156,111,93,121,149,115,163,150,130,126,133,123,141,130,114,71,67,52,68,85,47,73,49,63,62,46,50,45,37,24,19,12,13,4035.0,404
4035,MONT ALBERT_RD E of BURKE_RD,045 J09,-37.81744,145.05873,19787,376,3,1,2006-10-19 00:15:00,18,10,9,6,13,4,9,7,8,8,8,13,7,3,2,6,11,2,4,4,14,42,31,49,42,100,153,193,222,221,313,232,185,201,221,222,216,187,153,161,142,143,142,147,102,112,109,99,85,117,123,151,121,83,129,91,104,100,101,104,168,156,138,158,130,133,131,146,103,161,145,125,115,132,138,132,112,132,78,75,86,59,67,68,84,62,52,71,49,56,61,47,40,35,18,18,4035.0,534
4035,MONT ALBERT_RD E of BURKE_RD,045 J09,-37.81744,145.05873,19787,376,3,1,2006-10-20 00:15:00,23,14,7,6,6,11,13,3,4,7,2,10,1,9,16,13,12,14,5,7,6,20,39,55,72,77,132,182,170,275,242,223,186,172,189,185,167,209,168,147,138,166,169,107,118,125,145,108,142,125,129,108,101,106,125,131,105,127,110,124,138,133,149,138,112,110,147,132,112,104,139,123,129,128,99,142,128,121,112,77,81,60,59,74,68,61,54,87,58,71,76,59,29,47,34,31,4035.0,517
4035,MONT ALBERT_RD E of BURKE_RD,045 J09,-37.81744,145.05873,19787,376,3,1,2006-10-21 00:15:00,43,18,23,25,12,28,15,9,9,8,4,8,10,16,9,2,5,1,1,5,6,10,17,21,32,31,64,64,53,49,83,99,114,105,130,129,112,156,154,151,142,145,146,159,173,125,137,145,179,136,151,174,126,117,123,163,132,135,92,117,110,127,134,103,125,107,87,100,129,101,101,112,135,125,126,129,111,123,105,75,64,74,77,64,52,54,47,52,45,43,53,49,56,49,47,29,4035.0,132
4035,MONT ALBERT_RD E of BURKE_RD,045 J09,-37.81744,145.05873,19787,376,3,1,2006-10-22 00:15:00,41,34,36,36,27,19,17,2,14,19,14,12,10,10,10,8,9,16,20,10,7,9,26,14,27,24,33,41,36,38,43,52,59,70,65,100,95,110,98,107,79,120,103,109,89,120,123,137,102,120,138,109,99,97,124,138,124,112,102,118,106,98,98,143,123,121,121,119,134,108,98,122,96,109,107,73,78,64,57,51,56,50,59,46,58,39,36,38,39,29,25,28,20,24,11,17,4035.0,81
4035,MONT ALBERT_RD E of BURKE_RD,045 J09,-37.81744,145.05873,19787,376,3,1,2006-10-23 00:15:00,11,10,6,8,7,4,8,0,8,2,2,3,7,6,2,4,2,6,11,4,14,20,32,58,57,79,104,160,232,311,219,258,182,212,177,184,211,179,158,136,118,130,120,124,113,117,91,109,95,100,97,106,102,93,117,103,109,100,108,115,138,145,123,128,124,125,129,137,109,138,122,92,122,119,109,77,87,99,67,72,63,63,54,52,61,36,34,43,37,29,29,26,17,22,18,6,4035.0,530
4035,MONT ALBERT_RD E of BURKE_RD,045 J09,-37.81744,145.05873,19787,376,3,1,2006-10-24 00:15:00,14,6,5,7,5,9,6,9,2,0,3,2,10,2,8,3,8,0,6,8,13,14,46,50,60,81,129,225,236,242,281,200,234,172,231,215,197,170,157,156,107,127,127,128,93,131,108,142,98,109,97,92,85,112,118,93,90,107,122,117,164,113,136,104,107,126,125,119,127,121,144,154,129,149,140,113,121,118,103,69,65,63,52,46,58,50,58,46,35,35,36,28,31,27,13,7,4035.0,523
4035,MONT ALBERT_RD E of BURKE_RD,045 J09,-37.81744,145.05873,19787,376,3,1,2006-10-25 00:15:00,6,11,8,10,6,7,2,15,1,4,2,6,11,0,4,3,8,1,9,8,8,26,48,43,59,80,151,213,209,281,248,264,190,169,178,207,208,203,176,163,143,124,118,135,100,121,120,95,122,120,94,117,98,108,108,145,105,98,134,124,116,138,172,118,95,125,111,122,117,128,136,157,101,137,113,105,118,107,92,83,87,75,72,55,63,57,69,61,36,41,44,28,21,23,18,13,4035.0,529
4035,MONT ALBERT_RD E of BURKE_RD,045 J09,-37.81744,145.05873,19787,376,3,1,2006-10-26 00:15:00,17,7,5,3,6,4,7,2,5,2,2,4,3,4,4,7,4,11,4,6,19,26,42,30,72,68,177,177,206,275,262,231,233,177,176,205,196,193,207,141,146,133,123,134,127,91,110,99,107,121,117,151,108,123,127,127,102,119,117,106,142,140,127,131,138,140,157,111,130,129,112,127,132,129,127,109,99,93,107,71,88,87,78,59,73,45,60,52,48,61,39,47,35,26,32,7,4035.0,537
4035,MONT ALBERT_RD E of BURKE_RD,045 J09,-37.81744,145.05873,19787,376,3,1,2006-10-27 00:15:00,23,13,14,18,5,1,8,6,7,5,8,5,7,1,6,4,10,3,13,15,7,26,55,52,65,73,156,205,200,269,268,237,174,161,231,160,171,185,162,133,163,173,109,129,107,133,127,131,163,127,134,106,131,117,127,99,101,106,129,147,127,135,149,147,132,111,136,139,107,117,131,112,124,141,136,144,144,95,93,104,79,70,78,67,60,73,50,47,46,36,45,34,47,43,49,28,4035.0,537
4035,MONT ALBERT_RD E of BURKE_RD,045 J09,-37.81744,145.05873,19787,376,3,1,2006-10-28 00:15:00,37,32,15,16,22,17,19,17,12,16,9,8,6,10,11,10,15,7,11,15,4,11,15,17,24,33,62,49,39,59,103,114,111,101,97,130,114,146,173,158,133,148,162,148,112,147,163,154,157,166,153,142,124,121,127,136,157,140,122,105,101,101,117,122,126,130,128,120,110,97,104,111,86,120,116,94,111,116,89,97,84,73,74,65,68,53,59,64,57,57,59,42,50,39,49,36,4035.0,162
4035,MONT ALBERT_RD E of BURKE_RD,045 J09,-37.81744,145.05873,19787,376,3,1,2006-10-29 00:15:00,42,47,20,24,16,22,15,0,0,0,0,17,19,16,10,11,20,11,10,12,2,11,18,13,10,28,20,34,24,33,33,31,34,41,49,112,68,68,92,123,115,119,104,104,114,109,114,109,126,108,126,104,128,117,104,131,110,98,112,112,117,111,121,107,125,111,101,100,83,119,74,112,120,97,96,93,67,69,55,47,56,50,57,58,75,47,60,37,40,32,38,38,22,19,20,8,4035.0,66
4035,MONT ALBERT_RD E of BURKE_RD,045 J09,-37.81744,145.05873,19787,376,3,1,2006-10-30 00:15:00,15,5,9,13,12,6,3,4,5,2,2,2,7,6,4,2,4,8,2,6,6,18,32,30,45,73,101,173,227,275,261,229,204,178,219,208,171,178,162,113,155,127,121,135,110,128,89,105,85,117,85,56,123,99,104,86,103,95,113,93,152,153,100,143,114,128,109,125,119,116,113,95,126,108,85,79,98,80,82,64,73,75,60,63,52,45,38,48,34,33,47,19,29,18,17,14,4035.0,536
4035,MONT ALBERT_RD E of BURKE_RD,045 J09,-37.81744,145.05873,19787,376,3,1,2006-10-31 00:15:00,8,7,9,3,2,5,3,1,0,4,6,4,2,3,8,4,13,1,7,12,10,27,24,40,57,69,123,204,227,207,280,247,228,211,223,206,216,198,175,150,108,114,111,130,109,125,123,115,99,113,102,110,113,96,141,100,94,103,100,147,137,136,124,129,114,120,147,143,123,157,127,132,112,180,118,116,135,116,82,75,69,71,60,65,72,71,39,32,44,32,44,13,39,17,18,17,4035.0,487
4035,BURKE_RD S of BARKERS_RD,045 J09,-37.81912,145.05801,16621,376,5,1,2006-10-01 00:15:00,94,92,66,65,50,42,30,30,34,30,14,33,24,14,24,16,22,14,9,13,17,14,13,13,21,23,36,25,30,32,47,59,62,58,66,99,79,88,109,124,144,103,153,136,143,158,144,144,164,167,167,203,184,158,174,161,176,167,160,152,144,146,156,180,158,152,154,176,184,190,198,151,135,145,173,134,125,118,83,89,109,92,72,73,95,108,96,84,112,83,65,50,55,46,36,35,4035.0,79
4035,BURKE_RD S of BARKERS_RD,045 J09,-37.81912,145.05801,16621,376,5,1,2006-10-02 00:15:00,35,33,31,15,13,15,8,6,6,13,8,11,10,4,9,5,7,7,15,12,22,20,27,36,64,71,95,120,153,140,165,143,158,140,145,93,118,181,163,161,145,140,131,130,153,161,152,170,147,149,147,143,134,142,162,155,147,177,157,175,152,143,156,183,181,183,240,203,218,223,251,215,244,202,172,147,146,128,121,125,136,93,85,81,115,104,92,99,99,74,65,51,46,47,44,20,4035.0,305
4035,BURKE_RD S of BARKERS_RD,045 J09,-37.81912,145.05801,16621,376,5,1,2006-10-03 00:15:00,35,15,17,7,9,13,13,8,8,7,12,8,10,2,11,5,7,9,12,16,28,22,34,45,55,97,134,125,129,173,163,174,178,151,145,134,147,160,120,169,145,166,176,144,156,152,146,140,164,152,142,162,164,158,155,143,137,164,173,166,173,150,144,160,143,204,205,206,242,262,223,225,245,199,184,181,170,167,134,112,93,97,108,104,98,115,105,113,93,103,97,68,94,53,59,43,4035.0,336
4035,BURKE_RD S of BARKERS_RD,045 J09,-37.81912,145.05801,16621,376,5,1,2006-10-04 00:15:00,30,41,23,24,9,11,12,3,16,11,8,8,17,9,12,12,7,10,11,15,14,28,41,70,61,94,116,124,137,158,150,160,159,141,151,161,141,145,155,151,143,164,159,172,165,160,152,128,152,171,160,152,155,146,163,161,156,142,146,172,145,178,156,152,178,188,227,201,216,218,260,201,240,216,170,154,167,168,161,132,124,104,107,109,125,119,109,114,116,112,100,85,76,54,53,33,4035.0,308
4035,BURKE_RD S of BARKERS_RD,045 J09,-37.81912,145.05801,16621,376,5,1,2006-10-05 00:15:00,49,29,28,13,16,22,14,14,11,7,10,9,17,11,12,7,7,9,8,14,25,29,32,44,57,104,133,128,130,121,197,153,158,178,128,133,146,126,161,120,153,159,148,145,162,135,166,163,166,169,159,154,156,188,177,158,148,135,157,192,170,170,149,161,189,205,210,206,200,250,199,245,224,202,211,165,197,155,153,137,136,128,99,132,138,135,140,99,109,83,73,97,83,76,67,42,4035.0,318
4035,BURKE_RD S of BARKERS_RD,045 J09,-37.81912,145.05801,16621,376,5,1,2006-10-06 00:15:00,41,27,37,21,19,16,17,11,10,17,15,10,11,10,9,5,7,9,15,15,23,33,30,54,74,91,114,119,121,132,168,163,151,193,135,133,131,140,176,128,156,166,141,127,195,170,170,137,148,166,162,171,156,186,175,170,159,196,185,167,159,186,166,147,141,175,218,224,197,220,233,235,254,233,162,125,132,160,147,119,157,120,148,123,108,119,99,113,116,110,121,114,117,82,95,100,4035.0,300
4035,BURKE_RD S of BARKERS_RD,045 J09,-37.81912,145.05801,16621,376,5,1,2006-10-07 00:15:00,56,68,58,58,41,34,51,25,26,20,22,19,16,22,14,20,18,15,16,14,9,20,38,26,42,62,74,78,67,75,77,88,87,101,115,117,126,149,147,135,166,161,157,161,171,156,179,165,175,177,167,179,196,173,193,209,178,186,179,186,199,214,205,200,188,166,191,215,215,221,222,193,188,152,185,146,145,149,138,131,103,86,101,100,125,118,112,91,105,52,47,37,80,124,156,94,4035.0,152
4035,BURKE_RD S of BARKERS_RD,045 J09,-37.81912,145.05801,16621,376,5,1,2006-10-08 00:15:00,99,102,90,71,57,64,41,40,41,39,28,32,25,28,16,10,11,16,13,15,19,17,21,20,23,17,39,50,38,44,53,69,55,63,76,96,95,99,92,144,141,141,146,163,144,180,149,172,161,202,196,187,184,192,194,209,150,165,176,182,176,186,164,188,179,161,212,171,219,188,179,166,148,165,158,162,130,120,105,110,101,94,94,81,97,112,72,101,80,76,85,65,47,49,44,35,4035.0,97
4035,BURKE_RD S of BARKERS_RD,045 J09,-37.81912,145.05801,16621,376,5,1,2006-10-09 00:15:00,19,25,16,19,19,4,7,9,10,7,12,6,4,9,10,10,6,12,9,13,27,31,28,43,57,109,114,138,122,142,148,163,167,161,123,143,148,132,136,161,136,137,145,133,142,148,186,149,166,176,163,118,140,141,158,157,148,174,160,153,180,167,152,146,145,144,215,186,212,205,234,245,201,218,176,176,141,131,129,127,128,99,91,88,114,106,101,87,80,86,83,68,68,58,37,32,4035.0,290
4035,BURKE_RD S of BARKERS_RD,045 J09,-37.81912,145.05801,16621,376,5,1,2006-10-10 00:15:00,32,16,15,9,10,13,14,11,11,13,6,5,7,3,10,7,7,10,7,14,19,26,44,49,74,99,132,123,135,159,157,147,165,153,148,130,151,136,164,171,137,168,145,166,158,146,159,162,147,132,184,150,144,163,166,167,143,184,178,172,169,181,167,146,212,159,210,206,218,212,246,243,215,254,188,174,164,171,132,103,95,97,112,109,110,140,103,117,112,93,91,87,69,62,52,40,4035.0,316
4035,BURKE_RD S of BARKERS_RD,045 J09,-37.81912,145.05801,16621,376,5,1,2006-10-11 00:15:00,42,39,19,30,14,9,16,13,16,7,5,7,14,9,12,7,10,9,16,16,10,29,41,37,73,99,134,145,138,148,156,130,171,159,159,129,143,157,161,163,124,169,160,147,151,125,124,172,144,154,117,168,149,158,144,172,156,155,177,181,168,165,143,150,194,185,194,231,228,226,245,223,240,212,208,146,179,172,159,137,120,104,122,104,113,108,106,115,114,118,119,108,74,68,62,50,4035.0,304
4035,BURKE_RD S of BARKERS_RD,045 J09,-37.81912,145.05801,16621,376,5,1,2006-10-12 00:15:00,34,36,30,19,14,8,13,18,13,9,6,7,12,4,6,10,5,8,4,15,33,22,31,57,66,52,84,142,131,141,166,168,141,173,134,133,156,168,140,158,136,148,146,152,144,197,149,172,145,148,162,192,133,155,170,143,175,177,189,171,145,182,132,160,233,190,207,196,236,208,236,244,184,234,158,167,167,183,122,132,140,119,127,107,121,115,124,120,105,112,86,106,79,75,45,47,4035.0,307
4035,BURKE_RD S of BARKERS_RD,045 J09,-37.81912,145.05801,16621,376,5,1,2006-10-13 00:15:00,45,38,27,33,23,13,16,9,16,12,13,19,15,15,18,11,10,8,8,19,12,36,29,48,80,110,104,115,106,136,195,144,141,178,134,134,158,134,158,161,159,167,164,150,162,133,189,154,184,158,146,145,184,146,139,167,160,164,164,162,166,168,165,139,172,214,210,207,187,248,206,217,234,231,165,188,140,164,167,142,150,116,112,110,129,109,125,107,92,101,105,125,97,88,62,77,4035.0,331
4035,BURKE_RD S of BARKERS_RD,045 J09,-37.81912,145.05801,16621,376,5,1,2006-10-14 00:15:00,75,83,48,52,42,51,19,34,29,29,18,19,20,23,15,13,11,10,13,16,13,16,33,25,34,40,60,70,61,84,73,92,105,100,115,134,141,107,138,133,166,157,165,162,139,170,203,177,181,200,176,166,186,175,163,169,173,204,186,177,192,176,203,190,189,167,183,216,218,201,233,203,215,180,172,189,147,159,126,128,140,120,110,100,111,117,83,106,129,119,113,127,115,109,106,85,4035.0,157
4035,BURKE_RD S of BARKERS_RD,045 J09,-37.81912,145.05801,16621,376,5,1,2006-10-15 00:15:00,118,125,109,52,73,76,48,35,35,26,25,25,24,19,24,22,21,18,11,18,25,20,21,19,34,24,37,22,30,33,51,65,58,70,87,95,102,115,126,112,136,128,153,167,127,173,168,181,180,184,208,185,174,180,172,164,164,174,176,151,157,172,151,178,192,149,187,177,198,194,181,191,185,174,159,157,103,104,110,90,111,81,96,111,114,103,105,86,79,73,70,97,55,48,35,48,4035.0,84
4035,BURKE_RD S of BARKERS_RD,045 J09,-37.81912,145.05801,16621,376,5,1,2006-10-16 00:15:00,35,28,16,24,15,12,5,14,7,15,10,8,15,5,5,6,7,18,7,6,20,20,41,38,71,78,120,124,120,132,133,155,164,150,142,132,115,152,136,155,143,130,162,145,148,163,146,144,158,158,166,148,166,150,172,161,151,150,145,199,178,113,184,174,185,219,190,198,216,239,229,207,221,216,170,142,135,154,125,143,128,100,81,91,114,128,95,95,100,82,69,53,58,62,42,30,4035.0,265
4035,BURKE_RD S of BARKERS_RD,045 J09,-37.81912,145.05801,16621,376,5,1,2006-10-17 00:15:00,35,31,22,16,22,11,9,7,6,9,8,6,15,3,8,9,6,6,12,24,12,21,33,52,77,78,129,108,143,146,155,145,151,170,133,126,150,150,159,168,145,196,140,161,134,184,143,161,182,153,169,168,151,162,163,146,128,154,146,180,184,178,156,160,183,193,176,205,203,222,212,205,206,223,193,188,163,147,143,115,107,108,106,109,151,136,101,106,115,86,103,100,98,62,62,47,4035.0,301
4035,BURKE_RD S of BARKERS_RD,045 J09,-37.81912,145.05801,16621,376,5,1,2006-10-18 00:15:00,46,36,26,27,14,16,18,14,13,15,16,23,6,3,13,7,12,12,15,15,21,24,35,50,74,101,123,118,141,181,190,144,166,150,157,133,131,143,163,169,168,159,151,116,158,160,175,171,170,156,166,138,169,153,162,167,142,161,175,166,185,145,172,159,182,206,210,200,223,239,228,244,208,201,223,159,197,141,144,181,127,102,99,94,132,126,127,100,117,109,109,94,106,69,53,44,4035.0,371
4035,BURKE_RD S of BARKERS_RD,045 J09,-37.81912,145.05801,16621,376,5,1,2006-10-19 00:15:00,55,45,24,14,22,15,15,14,8,15,18,14,13,10,12,4,16,10,11,15,22,21,32,43,61,107,110,144,122,160,165,166,147,169,136,131,146,171,142,134,175,168,158,161,142,169,161,152,181,158,178,144,141,151,175,187,167,162,160,177,155,162,177,195,171,188,231,176,202,237,233,200,244,241,181,189,184,163,145,113,143,126,137,100,137,133,102,114,106,115,137,138,73,69,52,40,4035.0,325
4035,BURKE_RD S of BARKERS_RD,045 J09,-37.81912,145.05801,16621,376,5,1,2006-10-20 00:15:00,44,35,31,19,23,19,22,11,12,13,10,11,12,7,13,14,8,7,11,15,24,29,39,57,84,103,121,117,122,123,182,153,147,162,138,134,154,144,158,161,155,167,144,161,155,146,183,165,139,166,186,173,165,185,151,178,169,158,180,191,189,150,162,154,179,184,213,207,216,248,216,200,177,201,195,149,151,165,143,132,118,123,81,122,106,121,112,120,114,121,100,102,106,116,120,89,4035.0,305
4035,BURKE_RD S of BARKERS_RD,045 J09,-37.81912,145.05801,16621,376,5,1,2006-10-21 00:15:00,91,73,69,42,46,40,26,23,18,20,23,17,19,14,14,11,11,19,15,15,17,17,31,35,43,39,65,56,49,61,67,94,120,86,112,116,108,133,153,145,152,143,164,166,171,169,179,201,175,248,190,189,195,184,189,196,190,172,177,181,173,206,185,184,151,162,198,188,205,220,161,192,210,191,156,154,161,147,152,131,114,104,119,125,117,103,105,92,108,87,104,141,154,119,134,121,4035.0,128
4035,BURKE_RD S of BARKERS_RD,045 J09,-37.81912,145.05801,16621,376,5,1,2006-10-22 00:15:00,135,86,105,65,58,53,57,40,38,40,32,25,23,19,17,20,10,20,14,12,13,17,22,24,19,28,34,39,37,45,48,60,66,88,102,94,103,114,113,121,154,154,161,121,159,134,180,177,185,194,182,190,202,185,171,181,175,161,188,148,176,147,160,194,163,181,186,200,198,191,165,161,197,161,161,146,170,118,101,97,101,101,89,96,106,93,88,79,90,85,69,80,49,60,39,39,4035.0,93
4035,BURKE_RD S of BARKERS_RD,045 J09,-37.81912,145.05801,16621,376,5,1,2006-10-23 00:15:00,30,29,27,24,13,6,9,5,12,15,9,9,7,12,8,13,7,11,13,13,17,34,37,63,72,102,105,131,123,135,175,132,161,145,148,118,152,141,137,126,132,155,125,150,146,137,155,178,136,205,140,167,161,153,176,137,165,158,143,186,182,157,160,197,179,183,189,182,198,254,212,227,216,201,172,174,126,149,124,101,104,105,89,90,137,97,104,90,85,70,86,62,36,43,44,24,4035.0,310
4035,BURKE_RD S of BARKERS_RD,045 J09,-37.81912,145.05801,16621,376,5,1,2006-10-24 00:15:00,35,35,31,15,9,15,9,7,7,6,5,8,6,7,9,10,4,8,12,18,16,25,33,70,82,102,138,106,105,175,143,177,149,167,140,134,145,133,158,161,135,150,160,145,136,137,167,158,186,144,142,182,164,124,186,175,171,170,172,152,157,165,163,188,203,184,189,205,222,206,232,214,250,214,182,176,164,161,127,117,103,94,113,115,121,135,123,97,98,102,105,67,71,65,49,49,4035.0,318
4035,BURKE_RD S of BARKERS_RD,045 J09,-37.81912,145.05801,16621,376,5,1,2006-10-25 00:15:00,38,36,33,29,13,11,11,12,8,12,14,7,9,9,7,12,13,5,9,16,19,31,41,68,51,92,126,132,103,127,173,180,171,144,156,116,146,97,141,151,157,145,161,169,150,147,165,161,165,156,159,138,151,162,173,157,177,146,149,180,193,170,133,162,183,197,203,213,202,232,247,181,240,241,185,171,147,143,133,126,126,109,106,109,116,106,105,120,79,95,80,70,83,71,54,44,4035.0,300
4035,BURKE_RD S of BARKERS_RD,045 J09,-37.81912,145.05801,16621,376,5,1,2006-10-26 00:15:00,41,34,27,11,21,19,7,11,15,11,16,8,8,9,7,8,10,7,12,9,28,24,37,61,65,92,147,121,126,142,178,174,156,161,145,133,133,146,165,164,169,151,142,128,134,160,155,149,162,161,176,147,151,155,154,155,165,166,182,181,182,163,164,170,198,180,210,212,221,205,233,208,225,218,194,175,180,157,155,143,155,121,161,116,125,136,130,100,105,94,86,84,72,81,64,52,4035.0,320
4035,BURKE_RD S of BARKERS_RD,045 J09,-37.81912,145.05801,16621,376,5,1,2006-10-27 00:15:00,38,36,33,36,16,15,17,10,15,17,21,7,13,12,7,16,7,6,9,15,34,30,42,59,80,95,130,125,122,135,166,168,135,148,140,123,158,144,166,182,179,153,167,158,153,155,174,154,153,165,167,175,146,191,146,144,153,174,176,177,183,199,167,175,184,202,207,199,210,234,248,228,246,195,186,153,188,174,140,152,111,135,132,108,128,135,126,102,105,106,102,113,118,94,105,74,4035.0,301
4035,BURKE_RD S of BARKERS_RD,045 J09,-37.81912,145.05801,16621,376,5,1,2006-10-28 00:15:00,96,60,42,47,34,41,31,36,29,25,23,19,24,23,16,21,13,17,12,10,21,19,21,30,38,37,52,58,55,79,87,93,102,113,124,137,117,129,140,151,158,148,171,174,161,173,169,174,215,195,176,192,199,172,151,191,195,173,181,188,187,180,194,172,172,181,192,191,166,206,170,198,173,166,155,146,151,132,135,132,130,114,114,110,108,106,108,122,149,122,119,140,141,113,126,102,4035.0,166
4035,BURKE_RD S of BARKERS_RD,045 J09,-37.81912,145.05801,16621,376,5,1,2006-10-29 00:15:00,103,97,74,74,50,51,44,0,0,0,0,33,31,17,41,25,24,16,11,16,20,12,15,21,17,25,34,29,35,34,34,49,57,74,83,81,95,89,103,111,98,123,119,107,146,150,171,180,169,182,171,204,209,181,170,161,136,164,151,172,162,201,183,178,177,177,198,184,176,188,192,172,199,164,150,129,130,129,118,107,102,109,110,91,106,105,96,108,102,101,74,96,61,71,54,29,4035.0,68
4035,BURKE_RD S of BARKERS_RD,045 J09,-37.81912,145.05801,16621,376,5,1,2006-10-30 00:15:00,33,20,28,16,11,15,13,6,18,8,9,16,5,10,11,6,12,15,19,13,23,19,32,37,69,89,126,116,128,121,183,123,148,120,157,162,146,139,143,135,138,139,143,127,126,160,143,148,148,163,161,154,149,152,166,169,143,153,146,193,166,163,129,182,170,186,208,196,188,232,203,240,234,173,210,146,159,133,129,116,117,105,90,109,86,110,109,106,89,71,93,57,64,47,34,44,4035.0,304
4035,BURKE_RD S of BARKERS_RD,045 J09,-37.81912,145.05801,16621,376,5,1,2006-10-31 00:15:00,42,20,23,19,16,9,12,6,7,10,11,12,10,7,14,8,13,7,10,11,22,28,28,44,69,92,118,137,109,172,121,152,151,149,140,127,134,135,136,158,163,140,135,147,163,143,160,146,140,126,166,156,158,172,181,140,152,191,176,154,170,215,152,175,185,173,180,204,207,206,257,215,216,202,251,218,160,158,139,114,119,111,141,112,108,127,109,109,91,96,83,102,75,73,52,39,4035.0,293
4035,BARKERS_RD W of BURKE_RD,045 J09,-37.8188,145.05739,6313,376,7,1,2006-10-01 00:15:00,52,55,76,48,35,53,36,39,28,27,21,25,26,27,26,13,23,22,9,14,21,11,15,19,10,9,14,16,12,23,18,14,29,35,38,45,46,59,56,69,90,103,102,112,122,116,118,125,135,141,164,125,146,142,147,135,133,147,133,128,151,150,135,137,179,123,155,146,154,160,142,130,120,111,104,120,104,71,85,85,54,54,64,58,67,72,55,52,50,41,36,44,35,29,23,26,4035.0,41
4035,BARKERS_RD W of BURKE_RD,045 J09,-37.8188,145.05739,6313,376,7,1,2006-10-02 00:15:00,20,14,12,15,5,8,3,7,6,6,4,1,5,4,2,0,6,5,1,4,6,5,9,10,19,23,28,42,59,70,97,149,166,213,125,115,75,94,87,94,89,92,113,102,90,113,97,105,125,129,125,130,125,127,112,132,118,136,117,140,178,213,213,202,205,232,230,246,232,218,231,251,218,265,220,168,144,129,147,87,90,81,87,81,65,68,79,73,56,69,51,47,49,24,25,18,4035.0,167
4035,BARKERS_RD W of BURKE_RD,045 J09,-37.8188,145.05739,6313,376,7,1,2006-10-03 00:15:00,13,14,14,10,6,9,4,9,5,6,4,6,2,3,3,1,1,4,2,4,2,4,9,10,14,24,40,42,67,79,120,150,181,212,162,105,108,82,124,100,93,99,94,125,107,112,115,115,111,126,104,140,109,158,135,125,111,179,159,156,182,202,216,185,187,213,215,199,259,239,273,219,236,248,220,199,193,151,152,126,117,108,113,83,96,105,92,71,88,68,78,45,57,48,34,24,4035.0,199
4035,BARKERS_RD W of BURKE_RD,045 J09,-37.8188,145.05739,6313,376,7,1,2006-10-04 00:15:00,22,24,9,19,12,4,7,12,8,7,7,7,5,3,5,2,2,3,1,4,5,5,7,14,16,13,43,31,66,80,123,126,160,173,173,135,121,105,112,120,87,92,98,121,111,148,118,126,121,117,124,125,130,124,146,127,154,143,131,157,190,223,223,192,222,212,238,224,239,226,216,269,235,257,224,199,178,155,126,116,109,122,101,97,103,82,109,108,102,103,83,75,62,48,38,24,4035.0,203
4035,BARKERS_RD W of BURKE_RD,045 J09,-37.8188,145.05739,6313,376,7,1,2006-10-05 00:15:00,26,22,24,15,16,10,8,10,3,4,6,2,5,5,1,3,3,2,3,1,4,4,12,9,16,14,34,58,59,90,110,145,173,191,181,131,97,109,114,117,95,96,105,113,113,117,138,130,137,142,154,134,131,134,134,136,132,152,167,155,170,198,249,206,206,214,240,224,260,234,239,228,246,244,194,195,186,158,116,129,103,110,107,90,107,106,94,81,77,95,83,77,67,46,45,31,4035.0,200
4035,BARKERS_RD W of BURKE_RD,045 J09,-37.8188,145.05739,6313,376,7,1,2006-10-06 00:15:00,27,20,18,23,18,12,16,5,12,16,9,5,3,9,2,7,5,1,2,5,6,7,3,10,15,12,35,38,68,80,99,133,181,189,170,144,103,120,124,118,82,106,125,150,112,124,122,132,142,144,133,143,161,150,130,146,144,164,155,164,179,197,210,210,197,239,194,201,247,232,256,234,217,239,222,161,163,168,153,105,96,74,78,76,87,99,74,86,89,81,107,61,103,48,77,75,4035.0,179
4035,BARKERS_RD W of BURKE_RD,045 J09,-37.8188,145.05739,6313,376,7,1,2006-10-07 00:15:00,69,64,48,52,48,33,22,24,31,26,30,16,21,16,16,13,10,22,9,9,15,15,5,13,8,11,12,33,25,29,35,49,49,66,80,108,100,131,139,125,130,138,123,167,145,167,171,171,181,207,198,206,167,168,161,165,151,151,168,178,172,173,159,163,161,160,170,153,166,176,141,178,151,119,115,135,124,107,76,83,85,71,72,54,72,54,80,66,84,61,95,83,80,90,76,107,4035.0,64
4035,BARKERS_RD W of BURKE_RD,045 J09,-37.8188,145.05739,6313,376,7,1,2006-10-08 00:15:00,75,88,59,54,54,38,44,27,32,32,31,27,24,28,19,24,12,23,11,13,17,11,16,18,8,19,25,22,23,12,24,31,30,24,40,50,69,55,71,93,89,105,93,105,122,107,134,119,127,123,146,131,142,143,127,139,129,134,115,127,109,139,187,142,137,155,121,132,139,151,160,128,114,115,118,81,92,77,72,70,48,78,46,65,53,51,45,47,41,46,51,43,33,33,28,17,4035.0,36
4035,BARKERS_RD W of BURKE_RD,045 J09,-37.8188,145.05739,6313,376,7,1,2006-10-09 00:15:00,29,15,8,12,4,12,5,11,1,1,3,4,4,3,1,4,6,3,5,5,1,4,9,14,20,21,35,53,64,83,98,123,158,196,168,125,79,89,112,112,109,100,99,106,94,101,115,121,99,99,126,137,132,118,109,121,110,146,138,146,176,229,245,216,173,189,230,241,224,236,257,248,264,270,222,162,163,140,136,109,106,96,92,78,108,68,68,52,61,74,49,42,36,25,25,16,4035.0,181
4035,BARKERS_RD W of BURKE_RD,045 J09,-37.8188,145.05739,6313,376,7,1,2006-10-10 00:15:00,15,17,12,11,5,11,7,5,6,5,3,1,1,3,3,4,0,2,5,2,10,8,11,9,14,23,40,41,46,88,110,122,165,182,167,111,101,89,107,107,96,97,116,99,131,109,124,114,124,139,109,153,127,120,144,134,141,143,155,166,163,220,190,219,197,242,228,254,238,265,249,236,291,200,224,204,192,163,152,120,134,111,97,109,95,90,101,104,104,73,59,60,54,48,35,34,4035.0,198
4035,BARKERS_RD W of BURKE_RD,045 J09,-37.8188,145.05739,6313,376,7,1,2006-10-11 00:15:00,33,17,12,14,14,7,4,5,6,7,7,5,3,3,3,1,4,4,4,6,5,4,5,14,15,21,30,42,57,87,111,119,147,177,155,180,110,97,98,102,100,118,98,120,139,130,126,125,130,127,164,108,123,130,122,146,139,164,128,154,174,247,206,232,203,204,230,210,214,250,236,228,213,251,224,194,189,156,145,123,88,99,98,82,87,104,101,80,107,92,80,57,60,48,37,29,4035.0,198
4035,BARKERS_RD W of BURKE_RD,045 J09,-37.8188,145.05739,6313,376,7,1,2006-10-12 00:15:00,18,16,15,18,15,14,7,5,8,7,9,2,2,4,3,2,6,3,1,2,8,8,15,12,14,36,42,50,54,82,121,160,202,176,173,168,122,108,130,134,102,119,119,114,146,102,141,130,136,119,144,124,138,145,125,168,148,152,152,171,183,226,206,183,188,212,231,232,243,257,239,233,240,227,206,228,161,175,146,113,112,103,121,107,117,102,93,89,83,80,77,76,77,46,39,37,4035.0,203
4035,BARKERS_RD W of BURKE_RD,045 J09,-37.8188,145.05739,6313,376,7,1,2006-10-13 00:15:00,25,27,16,21,22,15,13,13,8,14,4,9,9,2,3,5,4,4,6,5,10,8,14,14,18,23,43,56,51,83,107,137,180,192,194,133,112,118,104,112,118,118,120,109,101,115,126,143,132,138,139,136,132,140,146,129,140,150,153,161,207,227,212,185,216,193,212,232,242,234,249,250,235,218,222,201,166,156,133,104,107,97,102,90,93,87,77,83,81,78,92,78,84,76,39,60,4035.0,190
4035,BARKERS_RD W of BURKE_RD,045 J09,-37.8188,145.05739,6313,376,7,1,2006-10-14 00:15:00,70,61,52,55,42,43,26,21,30,24,24,22,20,19,15,10,15,9,9,12,10,7,15,16,12,21,18,25,29,35,47,51,61,71,80,102,90,123,139,128,122,139,130,167,155,144,155,176,174,221,203,206,166,188,173,181,179,191,142,185,167,206,175,173,164,173,193,170,176,189,159,143,183,162,137,129,83,90,79,70,65,78,63,59,74,76,74,82,80,75,86,75,78,74,81,88,4035.0,82
4035,BARKERS_RD W of BURKE_RD,045 J09,-37.8188,145.05739,6313,376,7,1,2006-10-15 00:15:00,71,69,59,51,41,53,44,24,34,36,32,27,24,28,23,26,23,14,14,16,18,19,21,26,20,13,26,28,17,22,23,31,36,39,37,39,63,62,71,64,80,95,102,122,118,115,121,104,118,139,120,130,136,131,131,150,126,138,116,131,157,153,169,144,131,170,167,141,168,168,160,128,128,111,106,83,100,81,77,72,65,68,69,55,47,59,64,57,63,47,43,53,35,26,14,22,4035.0,45
4035,BARKERS_RD W of BURKE_RD,045 J09,-37.8188,145.05739,6313,376,7,1,2006-10-16 00:15:00,21,27,7,13,4,7,7,6,5,5,5,4,15,2,3,5,1,4,5,9,14,3,15,12,18,25,32,51,58,80,85,133,140,177,189,146,97,90,103,87,90,103,93,115,114,107,119,120,112,136,120,128,144,116,131,98,125,132,136,125,215,224,203,211,188,214,245,230,224,263,248,256,237,249,208,199,176,134,113,102,132,120,72,77,75,71,62,72,75,51,36,45,36,42,23,34,4035.0,165
4035,BARKERS_RD W of BURKE_RD,045 J09,-37.8188,145.05739,6313,376,7,1,2006-10-17 00:15:00,22,13,9,10,15,6,6,2,5,10,4,6,1,3,5,4,2,3,4,6,7,8,6,7,15,27,45,44,67,88,99,135,163,182,168,126,118,120,114,119,109,111,98,104,113,118,125,138,102,105,123,128,133,129,118,123,151,144,134,176,183,232,173,205,203,199,260,228,242,236,229,244,263,221,230,228,156,145,127,130,112,101,103,94,87,98,103,111,91,81,85,82,70,48,48,55,4035.0,187
4035,BARKERS_RD W of BURKE_RD,045 J09,-37.8188,145.05739,6313,376,7,1,2006-10-18 00:15:00,42,27,14,22,15,20,12,9,8,7,4,9,5,6,3,2,6,1,6,9,3,5,12,16,10,26,54,53,67,103,101,149,177,202,173,150,117,119,124,128,121,111,100,128,105,121,141,139,138,134,125,131,128,132,151,146,156,151,153,175,171,257,228,210,216,213,231,243,231,255,261,197,239,269,206,219,180,146,147,140,121,109,113,89,109,109,105,82,80,96,69,76,67,51,54,42,4035.0,204
4035,BARKERS_RD W of BURKE_RD,045 J09,-37.8188,145.05739,6313,376,7,1,2006-10-19 00:15:00,36,25,16,13,20,8,12,10,8,5,10,8,7,8,3,3,4,5,5,4,13,7,19,8,18,34,45,66,78,102,84,160,179,197,180,146,135,122,143,140,114,119,134,113,144,104,144,145,146,142,138,152,145,141,143,148,168,170,147,163,193,221,209,221,220,246,252,213,241,227,253,244,223,239,201,187,187,179,158,136,127,128,128,94,120,104,113,119,138,100,88,57,66,54,44,43,4035.0,186
4035,BARKERS_RD W of BURKE_RD,045 J09,-37.8188,145.05739,6313,376,7,1,2006-10-20 00:15:00,34,28,14,22,27,17,12,14,15,8,11,13,7,10,9,8,0,7,5,5,6,3,8,21,15,26,39,57,64,99,106,144,181,183,173,129,109,124,136,116,109,116,132,125,125,130,125,111,158,143,136,164,147,131,140,146,141,151,155,173,183,211,214,186,206,202,214,217,263,250,256,261,260,218,182,170,167,142,128,101,98,95,101,71,80,77,75,123,125,91,91,89,87,87,62,84,4035.0,205
4035,BARKERS_RD W of BURKE_RD,045 J09,-37.8188,145.05739,6313,376,7,1,2006-10-21 00:15:00,71,54,50,36,31,40,19,19,26,19,17,12,24,15,17,11,7,7,9,12,5,14,13,12,11,13,18,23,20,22,43,53,62,55,89,96,132,132,136,145,127,127,136,155,155,163,171,177,175,212,181,169,171,180,148,163,172,166,157,153,174,150,117,151,167,156,147,146,158,178,187,157,129,141,134,122,99,100,92,60,76,72,78,63,68,56,62,47,71,61,83,106,88,87,80,71,4035.0,65
4035,BARKERS_RD W of BURKE_RD,045 J09,-37.8188,145.05739,6313,376,7,1,2006-10-22 00:15:00,87,56,66,60,59,51,33,26,38,31,29,28,20,18,25,19,13,14,17,9,8,9,17,14,12,19,16,23,11,18,22,27,23,39,34,48,66,64,57,72,78,90,106,109,95,113,133,123,139,134,166,132,122,143,139,143,138,125,152,156,130,138,155,170,158,171,167,162,154,149,146,155,130,129,128,105,84,69,80,68,53,81,64,48,68,63,58,55,48,56,36,32,44,28,21,25,4035.0,40
4035,BARKERS_RD W of BURKE_RD,045 J09,-37.8188,145.05739,6313,376,7,1,2006-10-23 00:15:00,17,15,9,9,11,8,5,5,6,5,4,0,3,4,3,6,2,4,2,5,5,6,7,8,17,20,34,47,48,80,83,138,158,215,142,138,99,97,93,93,98,109,98,125,126,111,125,108,132,110,115,142,112,121,118,148,113,133,135,149,190,218,230,191,209,209,240,202,239,241,247,242,249,238,204,184,154,151,112,107,88,95,84,65,93,94,76,79,78,59,49,46,29,37,28,28,4035.0,163
4035,BARKERS_RD W of BURKE_RD,045 J09,-37.8188,145.05739,6313,376,7,1,2006-10-24 00:15:00,23,12,11,12,16,10,8,4,4,6,4,3,6,3,1,2,1,4,4,3,9,5,10,14,10,18,38,50,62,98,105,142,186,179,172,144,129,82,103,114,110,110,116,109,110,125,121,126,100,137,120,128,133,133,133,145,123,134,144,145,185,207,232,199,209,221,264,233,222,278,239,284,223,237,211,201,180,175,133,110,111,88,118,105,107,93,107,94,101,77,75,61,59,35,42,41,4035.0,203
4035,BARKERS_RD W of BURKE_RD,045 J09,-37.8188,145.05739,6313,376,7,1,2006-10-25 00:15:00,25,26,21,15,10,14,8,13,3,9,9,7,4,10,2,9,1,5,5,5,7,7,10,18,12,20,40,48,80,111,114,146,141,178,166,181,129,123,121,92,131,114,102,115,120,114,130,134,170,127,126,148,125,120,129,156,141,159,157,160,185,239,247,218,179,254,217,227,236,279,247,268,212,235,265,186,176,158,157,128,106,126,104,74,97,102,101,78,104,85,64,63,45,50,40,22,4035.0,225
4035,BARKERS_RD W of BURKE_RD,045 J09,-37.8188,145.05739,6313,376,7,1,2006-10-26 00:15:00,22,24,12,13,11,7,8,9,12,3,5,3,4,4,5,5,0,4,4,6,3,5,12,9,18,30,33,41,54,86,107,132,185,203,179,144,102,125,114,112,126,111,113,111,113,120,138,114,126,132,161,152,141,147,149,145,185,175,149,145,205,245,221,211,228,240,216,240,234,257,243,245,248,256,222,231,206,184,154,116,134,144,97,102,102,92,105,85,90,90,78,67,62,46,49,32,4035.0,193
4035,BARKERS_RD W of BURKE_RD,045 J09,-37.8188,145.05739,6313,376,7,1,2006-10-27 00:15:00,31,29,25,25,20,14,12,14,6,7,12,6,14,8,3,2,3,8,9,9,3,6,11,10,17,20,28,66,53,87,90,138,186,186,199,120,111,120,120,108,114,112,116,111,116,124,127,118,140,140,171,145,143,153,155,148,145,151,159,161,186,239,247,229,216,198,236,232,247,245,256,233,236,230,183,173,175,145,112,116,102,90,94,64,90,99,96,73,81,74,85,91,65,84,66,63,4035.0,177
4035,BARKERS_RD W of BURKE_RD,045 J09,-37.8188,145.05739,6313,376,7,1,2006-10-28 00:15:00,54,61,46,47,39,46,27,34,24,23,12,26,18,13,17,14,9,11,7,10,8,5,11,6,9,18,22,19,26,33,41,41,64,72,64,84,85,112,168,148,123,135,151,138,155,169,175,156,156,184,165,167,178,150,174,176,148,160,172,144,170,150,176,171,162,172,152,143,183,164,162,141,140,160,101,111,107,111,89,74,77,69,66,48,60,68,66,52,67,68,68,88,89,77,78,71,4035.0,74
4035,BARKERS_RD W of BURKE_RD,045 J09,-37.8188,145.05739,6313,376,7,1,2006-10-29 00:15:00,73,76,64,55,42,31,35,0,0,0,0,26,31,38,21,28,25,23,18,17,9,21,25,17,19,13,17,22,14,20,20,24,23,20,49,40,53,46,66,72,49,87,98,81,89,94,103,114,150,130,115,115,127,122,139,122,115,143,135,130,136,150,145,145,148,173,159,136,159,171,139,148,143,129,108,121,84,87,65,73,64,63,69,62,73,76,47,56,67,51,53,48,48,31,31,18,4035.0,40
4035,BARKERS_RD W of BURKE_RD,045 J09,-37.8188,145.05739,6313,376,7,1,2006-10-30 00:15:00,29,17,14,12,10,8,2,11,7,5,5,3,8,5,4,4,0,4,2,3,5,7,14,13,14,19,39,30,53,69,88,140,162,200,184,112,116,95,90,104,103,105,97,115,106,108,112,109,136,112,142,137,128,124,118,139,141,132,175,147,176,190,242,203,236,224,216,202,269,225,272,264,245,261,203,214,173,151,115,88,123,97,86,92,71,76,76,80,57,48,63,41,42,34,26,29,4035.0,157
4035,BARKERS_RD W of BURKE_RD,045 J09,-37.8188,145.05739,6313,376,7,1,2006-10-31 00:15:00,14,20,10,15,8,9,10,12,5,7,5,8,5,2,1,2,1,2,4,3,3,2,6,11,18,12,34,46,54,67,90,121,170,186,182,112,97,109,128,109,110,90,101,116,101,115,126,144,122,127,129,116,123,134,159,116,158,152,146,156,164,228,235,207,203,223,240,236,237,244,225,254,215,273,222,208,190,162,123,115,105,123,101,93,110,96,89,76,77,86,63,53,62,35,32,22,4035.0,157
4040,BURKE_RD N of RIVERSDALE_RD,059 J01,-37.83256,145.05545,6382,380,1,1,2006-10-01 00:15:00,72,77,62,56,51,54,43,36,32,31,24,22,22,19,16,16,14,17,17,13,16,9,19,20,29,29,37,43,34,30,47,47,48,53,93,92,91,72,120,111,96,129,117,120,129,111,119,135,115,123,128,142,108,129,117,130,126,125,121,120,112,133,104,137,121,138,118,134,155,121,144,131,119,112,114,110,116,88,80,89,76,76,70,73,91,89,93,70,63,67,48,43,48,35,29,29,4040.0,77
4040,BURKE_RD N of RIVERSDALE_RD,059 J01,-37.83256,145.05545,6382,380,1,1,2006-10-02 00:15:00,30,21,24,17,15,12,13,11,9,5,10,2,6,12,4,8,8,14,4,14,18,26,31,35,58,94,113,146,130,155,166,155,129,106,143,125,98,128,118,112,121,97,111,109,98,115,109,111,109,100,101,114,105,114,113,90,114,119,110,117,113,108,116,101,94,135,114,125,107,119,134,131,127,122,90,74,115,122,96,82,80,74,83,95,83,97,69,68,60,78,52,38,33,35,22,16,4040.0,321
4040,BURKE_RD N of RIVERSDALE_RD,059 J01,-37.83256,145.05545,6382,380,1,1,2006-10-03 00:15:00,24,18,13,19,12,7,6,2,4,5,9,10,4,10,7,6,2,8,13,20,18,34,29,60,69,110,125,146,145,170,185,146,157,119,131,145,118,96,127,124,127,121,110,121,113,107,110,114,77,116,119,101,103,113,113,102,96,162,100,97,118,104,112,98,83,102,123,129,111,129,114,119,139,131,104,124,107,100,128,107,108,84,77,87,81,108,89,80,109,75,92,52,64,53,47,34,4040.0,355
4040,BURKE_RD N of RIVERSDALE_RD,059 J01,-37.83256,145.05545,6382,380,1,1,2006-10-04 00:15:00,25,21,22,20,14,15,11,9,7,10,5,10,12,11,6,8,7,11,4,18,19,36,42,40,81,88,151,138,141,180,151,153,136,118,91,139,101,105,128,91,88,106,108,116,108,103,79,133,108,102,103,120,88,117,111,95,113,104,113,112,108,95,88,113,94,102,113,127,124,92,135,142,118,141,101,104,102,110,126,93,102,90,87,101,107,126,84,99,98,95,86,68,61,51,41,33,4040.0,331
4040,BURKE_RD N of RIVERSDALE_RD,059 J01,-37.83256,145.05545,6382,380,1,1,2006-10-05 00:15:00,24,22,28,14,18,19,8,5,5,4,7,11,9,17,9,10,12,10,15,17,22,28,29,47,77,110,136,140,150,132,185,143,112,124,130,112,137,93,124,130,113,103,114,113,115,132,112,103,121,99,113,94,117,96,124,109,124,117,101,107,109,123,117,81,104,136,138,125,107,130,123,126,122,124,123,118,125,118,105,87,104,112,76,127,102,91,94,104,84,79,83,78,54,44,50,38,4040.0,317
4040,BURKE_RD N of RIVERSDALE_RD,059 J01,-37.83256,145.05545,6382,380,1,1,2006-10-06 00:15:00,41,33,28,29,21,9,12,21,9,10,2,15,13,16,10,8,12,14,11,18,17,29,30,46,68,96,149,122,146,157,148,109,116,135,130,125,134,133,113,123,114,121,122,122,114,96,110,114,108,101,108,96,92,124,115,104,123,99,89,111,84,89,84,92,94,86,103,113,121,146,95,94,143,119,114,122,113,138,122,114,116,84,88,101,96,106,103,88,100,96,114,94,93,85,73,80,4040.0,305
4040,BURKE_RD N of RIVERSDALE_RD,059 J01,-37.83256,145.05545,6382,380,1,1,2006-10-07 00:15:00,64,66,66,56,45,32,29,26,19,32,14,16,17,20,26,18,17,13,22,13,19,13,23,22,26,37,56,67,62,69,76,85,91,109,106,119,146,98,115,120,95,112,94,127,113,114,131,118,98,106,115,96,97,115,106,96,107,120,126,122,113,126,120,112,134,144,119,124,120,151,141,111,123,118,112,97,119,131,134,133,113,120,97,74,103,91,122,82,107,93,113,112,112,108,128,94,4040.0,145
4040,BURKE_RD N of RIVERSDALE_RD,059 J01,-37.83256,145.05545,6382,380,1,1,2006-10-08 00:15:00,84,100,67,60,34,55,37,44,29,25,25,28,22,21,9,10,26,19,11,14,22,18,23,26,30,25,60,43,55,57,67,62,94,112,89,93,122,102,119,132,127,106,135,120,144,142,141,130,120,107,111,122,105,119,144,121,127,117,127,116,97,136,129,127,145,128,125,126,145,126,140,137,115,116,102,97,109,99,72,85,75,80,98,73,76,80,91,88,73,70,58,50,51,24,43,23,4040.0,124
4040,BURKE_RD N of RIVERSDALE_RD,059 J01,-37.83256,145.05545,6382,380,1,1,2006-10-09 00:15:00,20,17,9,12,14,8,6,9,11,3,9,1,7,7,7,8,7,8,9,24,16,34,31,44,42,90,143,142,152,165,150,122,149,137,117,123,135,126,111,114,127,112,101,95,112,132,102,137,110,104,114,107,111,140,128,100,113,116,101,115,108,84,109,98,95,88,130,129,127,104,120,131,110,122,105,115,107,97,109,70,86,94,59,85,87,108,83,62,73,60,66,50,48,33,27,32,4040.0,315
4040,BURKE_RD N of RIVERSDALE_RD,059 J01,-37.83256,145.05545,6382,380,1,1,2006-10-10 00:15:00,28,24,13,15,12,13,9,6,7,6,10,8,8,6,6,8,10,14,20,23,13,36,34,46,66,113,140,152,154,152,173,135,122,124,126,131,104,137,126,138,102,100,118,103,113,118,103,110,91,112,135,97,91,116,124,115,105,110,114,96,93,92,105,106,96,104,130,126,116,112,102,142,131,105,100,101,124,128,84,119,114,85,78,109,114,93,84,92,92,86,87,91,69,50,41,45,4040.0,325
4040,BURKE_RD N of RIVERSDALE_RD,059 J01,-37.83256,145.05545,6382,380,1,1,2006-10-11 00:15:00,22,16,21,13,17,12,11,16,2,7,6,4,12,11,7,7,10,12,7,24,19,34,40,48,70,116,143,139,147,168,164,136,141,119,100,107,116,132,105,115,107,129,106,123,109,129,125,121,119,118,126,94,115,121,101,116,118,96,111,98,129,104,123,93,95,135,120,145,118,120,136,106,140,112,108,104,105,100,100,87,94,85,79,95,95,85,88,105,94,89,85,63,77,60,46,42,4040.0,332
4040,BURKE_RD N of RIVERSDALE_RD,059 J01,-37.83256,145.05545,6382,380,1,1,2006-10-12 00:15:00,34,26,22,24,18,7,13,8,6,9,5,10,5,11,6,7,8,14,17,16,20,29,28,45,87,126,140,142,131,139,166,161,133,116,121,139,111,116,124,112,125,115,124,119,127,111,119,119,120,107,89,107,120,104,94,117,112,119,89,118,123,101,92,97,89,107,140,125,93,128,128,113,118,116,118,107,124,102,107,104,74,102,87,107,123,115,124,95,84,98,98,70,53,52,42,34,4040.0,305
4040,BURKE_RD N of RIVERSDALE_RD,059 J01,-37.83256,145.05545,6382,380,1,1,2006-10-13 00:15:00,35,37,24,25,18,14,16,13,10,13,7,11,14,9,8,8,6,8,11,15,20,31,35,42,71,89,146,143,132,167,160,134,135,153,126,125,109,124,142,113,80,103,131,123,124,115,78,118,114,138,100,94,94,101,108,101,101,104,92,96,107,96,99,101,87,112,94,131,106,101,132,137,109,149,117,87,100,123,105,93,104,94,101,83,105,82,89,74,86,87,96,87,68,75,79,60,4040.0,327
4040,BURKE_RD N of RIVERSDALE_RD,059 J01,-37.83256,145.05545,6382,380,1,1,2006-10-14 00:15:00,59,72,55,42,35,34,29,18,22,15,15,17,15,20,16,25,15,10,20,12,24,23,26,34,26,54,54,44,53,67,78,100,95,108,114,103,98,112,104,108,104,124,133,120,113,111,128,117,104,127,127,119,98,129,124,125,110,128,98,118,108,90,122,126,130,103,121,136,134,129,143,154,141,118,137,109,122,105,135,106,99,107,95,113,107,102,109,92,106,100,103,110,118,108,98,91,4040.0,145
4040,BURKE_RD N of RIVERSDALE_RD,059 J01,-37.83256,145.05545,6382,380,1,1,2006-10-15 00:15:00,108,83,65,50,63,49,31,37,40,32,25,29,34,25,22,22,12,17,18,13,25,22,28,24,29,37,50,45,33,35,64,54,59,88,78,93,102,99,100,120,104,131,116,119,141,139,111,111,101,129,124,132,106,113,127,120,122,121,125,108,127,121,115,119,129,138,129,139,153,146,130,122,138,113,113,98,100,84,95,69,70,90,78,86,98,92,81,72,70,78,50,36,43,40,28,32,4040.0,99
4040,BURKE_RD N of RIVERSDALE_RD,059 J01,-37.83256,145.05545,6382,380,1,1,2006-10-16 00:15:00,27,21,21,19,14,6,11,6,8,9,7,4,3,9,7,7,6,7,10,16,20,24,34,40,57,119,133,136,157,151,150,159,148,127,118,139,104,138,91,117,113,97,118,114,114,113,114,103,104,105,115,105,104,118,110,102,121,104,112,93,117,114,113,90,101,126,105,107,140,103,138,115,109,141,99,94,113,94,89,107,88,91,93,86,111,99,85,79,74,68,65,61,55,41,30,23,4040.0,301
4040,BURKE_RD N of RIVERSDALE_RD,059 J01,-37.83256,145.05545,6382,380,1,1,2006-10-17 00:15:00,34,25,14,6,14,7,11,6,5,5,4,5,12,6,5,9,11,6,14,15,18,22,29,61,64,94,139,144,149,162,138,158,122,124,166,105,130,105,110,116,120,110,117,113,145,106,113,109,116,114,113,102,106,101,98,109,114,106,93,117,111,112,98,94,119,108,132,111,107,108,112,126,130,123,85,104,134,121,122,107,91,71,94,88,101,106,78,95,108,79,101,62,66,48,39,35,4040.0,300
4040,BURKE_RD N of RIVERSDALE_RD,059 J01,-37.83256,145.05545,6382,380,1,1,2006-10-18 00:15:00,33,25,23,18,21,15,16,13,6,5,4,6,10,10,5,5,8,10,14,17,24,31,47,46,80,96,138,156,164,158,148,141,172,106,136,132,89,125,125,107,114,105,120,113,129,121,128,106,113,120,128,94,116,129,119,108,110,102,125,126,112,124,116,103,97,107,101,123,105,135,109,126,134,106,135,126,125,132,129,99,99,85,72,78,112,95,91,101,85,108,93,64,66,74,45,65,4040.0,306
4040,BURKE_RD N of RIVERSDALE_RD,059 J01,-37.83256,145.05545,6382,380,1,1,2006-10-19 00:15:00,45,34,30,15,9,16,8,12,9,3,17,7,12,2,7,12,13,10,11,17,19,36,44,46,77,113,96,167,156,148,161,129,155,127,141,150,129,98,97,127,129,115,126,104,115,123,94,126,128,110,96,110,117,99,129,113,117,119,99,111,113,94,102,107,106,102,131,118,147,130,113,128,116,104,122,106,119,112,106,112,95,104,85,104,101,101,94,103,93,110,69,81,55,68,46,43,4040.0,309
4040,BURKE_RD N of RIVERSDALE_RD,059 J01,-37.83256,145.05545,6382,380,1,1,2006-10-20 00:15:00,32,29,27,24,21,13,14,13,11,4,8,17,13,11,11,8,5,14,14,19,21,32,32,56,67,100,157,139,125,153,170,117,165,134,118,102,115,116,119,111,115,105,98,119,114,121,102,99,117,107,122,85,117,128,97,135,109,118,124,116,123,85,101,100,80,84,123,103,119,135,127,119,140,129,110,142,133,113,118,114,127,94,114,84,107,96,83,74,98,83,89,103,93,67,76,60,4040.0,323
4040,BURKE_RD N of RIVERSDALE_RD,059 J01,-37.83256,145.05545,6382,380,1,1,2006-10-21 00:15:00,65,68,39,52,36,24,19,32,30,18,16,13,12,17,22,18,17,13,10,13,24,22,21,29,32,56,54,62,60,69,88,99,109,102,123,101,108,123,136,121,113,121,134,129,115,104,121,120,96,123,132,125,102,104,125,150,121,116,100,131,133,93,124,110,120,113,114,127,144,132,145,136,136,132,129,126,131,128,93,116,110,93,107,98,93,106,111,118,93,109,97,111,117,111,120,100,4040.0,157
4040,BURKE_RD N of RIVERSDALE_RD,059 J01,-37.83256,145.05545,6382,380,1,1,2006-10-22 00:15:00,111,74,68,65,64,56,48,27,29,35,21,27,27,30,20,21,15,16,12,14,18,12,22,29,24,28,34,38,29,48,67,69,67,74,76,85,107,102,115,109,134,123,119,100,139,139,112,123,147,119,121,106,137,123,133,125,123,127,121,142,127,111,142,113,116,129,135,128,124,152,116,132,137,130,104,81,104,94,90,79,99,58,92,97,99,111,83,68,80,63,69,51,50,29,22,32,4040.0,115
4040,BURKE_RD N of RIVERSDALE_RD,059 J01,-37.83256,145.05545,6382,380,1,1,2006-10-23 00:15:00,31,22,14,20,14,10,10,10,6,8,5,6,8,6,5,13,5,14,4,17,27,25,34,43,67,89,135,165,156,146,147,136,141,121,123,114,102,121,118,108,118,120,104,125,109,108,103,115,121,108,120,120,84,103,106,106,121,113,125,114,104,112,126,97,97,107,133,118,122,118,107,92,133,113,107,91,110,103,84,94,62,82,65,87,84,91,92,81,78,65,64,47,36,29,26,27,4040.0,293
4040,BURKE_RD N of RIVERSDALE_RD,059 J01,-37.83256,145.05545,6382,380,1,1,2006-10-24 00:15:00,27,19,19,14,13,10,6,10,3,6,4,7,15,9,3,8,5,11,9,21,15,33,43,53,76,105,126,137,148,179,167,173,135,84,146,135,91,100,119,119,125,119,111,90,116,122,103,113,108,97,97,112,104,110,132,126,86,115,129,89,107,93,95,109,100,114,83,96,116,85,116,117,131,145,96,124,115,88,81,110,83,72,90,90,86,102,79,96,110,90,95,63,67,54,44,31,4040.0,346
4040,BURKE_RD N of RIVERSDALE_RD,059 J01,-37.83256,145.05545,6382,380,1,1,2006-10-25 00:15:00,43,33,20,21,13,9,9,11,7,5,7,11,6,3,5,5,7,7,10,15,20,35,40,47,68,89,148,138,155,146,159,141,113,128,126,108,120,123,100,110,92,108,105,110,114,116,110,108,97,135,124,132,124,100,103,109,114,91,99,111,103,107,87,97,102,114,120,109,124,126,111,137,135,125,116,119,114,103,107,83,111,104,73,91,93,101,89,92,111,75,57,58,48,47,39,28,4040.0,305
4040,BURKE_RD N of RIVERSDALE_RD,059 J01,-37.83256,145.05545,6382,380,1,1,2006-10-26 00:15:00,33,31,21,15,15,17,7,8,6,14,6,11,9,8,8,11,10,12,11,19,20,34,34,45,81,66,147,145,133,142,153,143,149,123,140,121,102,107,134,113,120,120,102,115,111,125,134,111,97,107,122,117,111,90,104,127,106,122,113,93,111,108,91,97,103,99,98,136,107,118,116,105,147,141,103,123,128,111,102,94,107,77,119,96,100,112,109,101,101,99,74,83,73,56,48,27,4040.0,295
4040,BURKE_RD N of RIVERSDALE_RD,059 J01,-37.83256,145.05545,6382,380,1,1,2006-10-27 00:15:00,46,28,24,20,21,10,18,11,20,8,11,13,14,9,9,7,6,10,8,8,28,32,26,67,74,88,120,137,163,171,151,127,127,131,124,128,110,136,120,124,101,101,116,137,111,117,122,112,109,103,107,106,106,80,95,101,116,114,122,125,125,104,84,104,89,88,117,117,113,135,103,100,98,131,120,101,137,107,96,103,118,111,91,96,92,87,96,90,116,89,100,87,93,78,77,57,4040.0,322
4040,BURKE_RD N of RIVERSDALE_RD,059 J01,-37.83256,145.05545,6382,380,1,1,2006-10-28 00:15:00,59,59,53,59,32,39,34,35,16,25,20,13,20,19,16,16,16,16,12,11,22,25,7,31,19,40,56,41,60,72,77,85,85,83,112,83,104,112,110,93,111,113,110,100,79,88,96,118,86,108,101,102,83,91,121,115,118,102,95,88,105,93,105,128,108,127,135,149,126,137,140,147,153,116,121,144,139,137,125,117,120,120,89,92,86,89,74,110,109,93,114,105,114,98,102,91,4040.0,149
4040,BURKE_RD N of RIVERSDALE_RD,059 J01,-37.83256,145.05545,6382,380,1,1,2006-10-29 00:15:00,108,105,65,48,51,48,47,27,29,32,21,39,35,36,35,30,27,18,22,18,16,16,18,26,26,33,38,42,45,35,50,49,61,59,53,82,87,106,104,106,74,121,127,122,124,130,124,120,126,135,106,132,105,129,114,136,107,115,114,111,131,117,116,140,140,133,143,137,146,152,145,147,135,124,115,114,102,94,82,91,71,85,114,68,91,76,72,83,108,77,66,78,66,38,25,37,4040.0,85
4040,BURKE_RD N of RIVERSDALE_RD,059 J01,-37.83256,145.05545,6382,380,1,1,2006-10-30 00:15:00,36,18,19,14,11,15,14,11,5,4,9,9,6,7,10,5,10,9,13,18,16,30,32,41,54,89,113,147,141,190,179,171,129,127,133,138,118,139,114,95,112,125,113,118,116,112,114,121,96,109,97,104,129,121,122,112,91,122,116,121,106,118,101,94,118,111,122,122,109,110,117,125,107,124,112,86,143,101,76,73,101,76,87,103,115,72,103,77,63,69,68,61,59,43,36,24,4040.0,369
4040,BURKE_RD N of RIVERSDALE_RD,059 J01,-37.83256,145.05545,6382,380,1,1,2006-10-31 00:15:00,42,19,23,17,16,12,10,5,8,4,7,3,9,11,4,12,8,3,8,17,21,33,28,41,64,84,133,135,136,177,175,168,118,120,157,104,140,103,99,108,94,131,115,108,138,125,100,113,102,122,103,92,121,117,112,107,100,114,112,119,95,114,114,115,71,114,106,90,120,125,99,134,111,101,145,118,124,109,90,116,96,103,82,67,87,82,78,97,119,77,82,60,50,55,42,38,4040.0,352
4040,RIVERSDALE_RD E of BURKE_RD,059 J01,-37.83294,145.05594,14517,380,3,1,2006-10-01 00:15:00,30,25,33,27,24,20,23,27,18,5,10,12,9,10,8,11,14,6,17,15,9,12,11,11,14,17,22,20,34,25,34,33,35,57,47,58,61,89,100,95,111,123,98,108,105,104,93,123,127,112,144,137,151,98,101,86,86,96,101,105,87,92,86,97,67,90,120,75,96,73,77,92,78,81,64,62,65,49,39,43,41,35,44,45,31,36,49,35,38,21,23,23,24,20,16,8,4040.0,59
4040,RIVERSDALE_RD E of BURKE_RD,059 J01,-37.83294,145.05594,14517,380,3,1,2006-10-02 00:15:00,16,10,10,5,7,7,3,4,4,2,5,1,4,9,6,1,6,7,3,8,7,20,21,35,33,56,52,97,94,182,134,197,187,182,186,149,136,108,116,111,113,92,99,113,99,92,113,111,114,105,70,108,107,103,99,94,117,94,88,94,111,100,79,69,133,96,132,104,94,123,112,96,79,95,110,99,93,89,48,67,54,49,40,33,33,37,30,21,35,37,27,25,14,15,18,11,4040.0,316
4040,RIVERSDALE_RD E of BURKE_RD,059 J01,-37.83294,145.05594,14517,380,3,1,2006-10-03 00:15:00,17,7,14,7,4,4,3,0,2,4,5,9,1,1,4,3,6,10,3,11,15,37,20,31,60,66,82,88,126,169,178,183,190,204,168,167,150,146,130,116,105,120,100,107,108,94,121,96,108,101,99,98,109,110,107,123,116,132,112,137,137,106,134,96,119,112,130,134,128,135,123,124,102,95,116,86,77,76,84,53,36,60,51,47,56,41,47,44,41,40,25,21,25,23,24,16,4040.0,347
4040,RIVERSDALE_RD E of BURKE_RD,059 J01,-37.83294,145.05594,14517,380,3,1,2006-10-04 00:15:00,12,14,9,6,4,3,5,7,8,4,1,2,1,3,4,2,2,6,5,2,12,24,34,38,39,77,69,96,129,184,156,179,214,218,190,151,152,144,125,112,108,109,126,111,120,107,119,113,99,115,90,94,111,102,86,105,111,93,94,87,111,120,97,80,119,104,115,87,125,129,119,122,106,80,104,110,80,100,65,66,69,29,49,54,41,38,46,32,47,38,19,31,25,23,21,18,4040.0,340
4040,RIVERSDALE_RD E of BURKE_RD,059 J01,-37.83294,145.05594,14517,380,3,1,2006-10-05 00:15:00,15,17,7,5,5,6,2,2,3,6,2,2,4,4,3,5,1,8,7,6,5,25,27,26,53,60,89,111,105,181,162,215,189,198,204,166,146,142,125,102,100,112,102,118,114,111,113,128,123,102,101,101,117,116,100,86,89,83,106,133,122,106,109,139,140,88,105,112,122,115,128,96,122,118,94,101,83,89,67,75,65,59,53,56,61,54,31,35,54,39,34,29,31,19,15,11,4040.0,343
4040,RIVERSDALE_RD E of BURKE_RD,059 J01,-37.83294,145.05594,14517,380,3,1,2006-10-06 00:15:00,15,9,10,9,13,9,6,5,3,5,7,6,8,8,11,3,6,2,7,5,11,15,12,40,35,74,66,109,107,146,196,207,177,191,187,167,138,157,108,135,126,101,115,109,120,121,94,108,112,128,99,102,103,94,105,78,95,122,123,101,97,100,97,81,118,114,109,95,91,129,133,161,125,124,132,120,110,108,93,82,77,71,69,51,56,61,44,41,43,43,31,37,40,38,36,25,4040.0,342
4040,RIVERSDALE_RD E of BURKE_RD,059 J01,-37.83294,145.05594,14517,380,3,1,2006-10-07 00:15:00,36,24,22,17,18,17,15,22,25,12,11,11,8,10,12,11,7,12,4,7,8,10,14,23,20,26,38,32,34,43,55,56,65,83,105,83,96,116,105,110,131,112,106,140,115,98,126,111,133,140,106,187,122,121,120,125,119,96,116,92,94,109,104,110,109,99,132,110,109,102,73,102,98,101,100,99,78,100,75,81,69,46,45,37,51,49,45,55,49,52,37,36,41,44,46,27,4040.0,98
4040,RIVERSDALE_RD E of BURKE_RD,059 J01,-37.83294,145.05594,14517,380,3,1,2006-10-08 00:15:00,25,29,27,31,24,25,17,14,18,18,9,15,17,14,16,7,7,11,13,10,9,14,15,15,23,28,21,19,25,27,31,51,32,41,66,72,68,112,105,112,93,78,102,114,102,89,124,109,143,115,146,129,124,153,97,84,78,95,100,78,100,74,86,88,97,114,100,88,81,90,76,99,100,86,83,59,67,53,47,44,27,37,33,36,45,43,25,31,23,22,17,10,11,15,15,12,4040.0,58
4040,RIVERSDALE_RD E of BURKE_RD,059 J01,-37.83294,145.05594,14517,380,3,1,2006-10-09 00:15:00,10,11,5,2,11,3,2,4,4,3,1,6,1,8,9,3,3,2,7,5,8,24,26,35,44,50,57,102,107,131,162,217,207,203,200,174,127,127,132,73,82,84,96,91,96,95,119,91,100,113,96,131,96,117,110,102,95,101,95,121,108,126,78,106,153,105,115,116,139,124,131,107,109,96,92,89,83,90,75,42,54,48,29,42,46,30,24,33,33,25,23,23,31,10,9,13,4040.0,293
4040,RIVERSDALE_RD E of BURKE_RD,059 J01,-37.83294,145.05594,14517,380,3,1,2006-10-10 00:15:00,11,17,9,6,9,2,6,0,2,0,5,2,2,2,4,5,5,2,5,5,13,27,23,38,54,63,84,104,144,152,173,226,210,238,168,178,174,123,134,130,104,133,109,100,140,107,94,135,143,101,83,107,112,98,105,110,113,110,89,108,130,120,101,122,148,122,125,149,139,157,139,123,90,116,114,100,93,91,86,53,71,47,64,57,44,48,39,36,42,28,49,27,31,19,17,17,4040.0,325
4040,RIVERSDALE_RD E of BURKE_RD,059 J01,-37.83294,145.05594,14517,380,3,1,2006-10-11 00:15:00,17,9,7,10,9,3,3,1,2,3,2,5,4,3,4,7,5,2,13,7,13,23,34,34,46,66,79,95,155,135,190,217,165,220,188,182,163,123,129,140,107,135,123,102,101,98,128,109,121,105,100,103,110,120,110,125,88,83,91,106,119,102,82,82,132,87,118,107,122,129,146,126,99,136,114,106,79,64,68,57,67,51,49,50,42,35,39,47,45,51,41,27,24,25,18,20,4040.0,325
4040,RIVERSDALE_RD E of BURKE_RD,059 J01,-37.83294,145.05594,14517,380,3,1,2006-10-12 00:15:00,18,10,13,6,7,4,4,7,8,2,4,6,3,4,10,2,4,10,8,9,16,16,23,40,53,59,89,105,148,163,162,220,176,225,177,167,152,143,140,113,142,120,105,114,143,113,91,129,96,121,113,92,100,151,96,94,73,80,100,106,101,94,105,79,101,134,108,116,104,99,99,148,144,103,117,124,63,55,91,81,67,53,56,47,64,59,51,46,46,41,33,19,29,23,11,13,4040.0,325
4040,RIVERSDALE_RD E of BURKE_RD,059 J01,-37.83294,145.05594,14517,380,3,1,2006-10-13 00:15:00,18,8,11,15,6,7,3,7,2,2,7,6,8,3,6,5,5,6,9,7,15,16,23,37,47,70,88,83,87,119,188,223,174,200,169,154,139,144,104,134,136,109,116,100,129,139,120,136,109,124,113,116,128,118,118,97,87,128,122,112,123,107,95,93,119,116,127,101,128,128,119,132,116,102,96,115,118,123,115,94,83,55,50,63,62,49,41,33,56,41,38,30,28,34,27,25,4040.0,307
4040,RIVERSDALE_RD E of BURKE_RD,059 J01,-37.83294,145.05594,14517,380,3,1,2006-10-14 00:15:00,30,27,36,14,18,28,15,27,18,19,15,10,21,7,11,6,11,11,3,4,8,17,13,32,17,23,39,42,49,38,59,52,65,72,99,105,126,85,116,104,122,140,101,136,146,122,145,109,146,136,123,108,133,129,100,125,120,102,119,145,100,117,106,101,120,126,110,124,121,144,123,88,99,124,123,113,106,103,73,75,55,60,59,57,59,49,61,50,45,39,40,43,39,29,24,28,4040.0,97
4040,RIVERSDALE_RD E of BURKE_RD,059 J01,-37.83294,145.05594,14517,380,3,1,2006-10-15 00:15:00,37,29,34,25,21,18,16,30,16,10,17,15,13,11,16,9,18,19,20,16,24,18,15,13,11,24,26,15,26,36,41,50,45,40,70,80,83,100,88,105,91,114,132,132,91,94,104,149,125,132,127,132,112,97,105,110,103,100,98,111,116,98,96,120,120,89,93,105,114,86,74,87,84,79,75,55,53,50,54,36,36,30,46,41,39,38,24,47,23,30,21,19,13,17,14,11,4040.0,77
4040,RIVERSDALE_RD E of BURKE_RD,059 J01,-37.83294,145.05594,14517,380,3,1,2006-10-16 00:15:00,9,14,14,7,4,1,7,6,2,6,2,1,6,5,4,5,3,4,8,5,7,18,26,33,48,63,74,81,119,161,165,167,218,219,202,142,139,135,125,151,89,85,116,109,109,88,104,105,104,93,88,114,112,104,97,105,97,110,82,76,128,113,114,120,124,100,113,114,135,101,118,116,100,107,112,97,79,99,74,47,58,43,43,42,35,48,37,38,33,32,26,27,27,9,22,10,4040.0,326
4040,RIVERSDALE_RD E of BURKE_RD,059 J01,-37.83294,145.05594,14517,380,3,1,2006-10-17 00:15:00,15,11,7,19,7,4,4,2,2,4,6,1,1,4,3,1,5,10,8,1,17,19,32,37,39,71,82,122,103,156,223,156,232,217,200,149,151,158,121,133,90,113,109,105,113,116,101,101,83,111,103,112,95,105,108,100,94,108,109,109,110,83,126,155,132,127,113,111,130,148,134,142,96,120,97,101,79,96,100,56,68,50,44,66,64,40,47,35,31,37,36,36,38,16,17,15,4040.0,379
4040,RIVERSDALE_RD E of BURKE_RD,059 J01,-37.83294,145.05594,14517,380,3,1,2006-10-18 00:15:00,17,12,11,11,5,3,9,4,4,4,8,1,4,4,3,1,3,2,5,5,8,31,33,28,42,63,89,99,114,142,206,159,214,241,183,196,191,134,122,127,120,123,143,109,105,111,130,121,123,69,100,92,86,88,110,88,123,108,99,115,108,94,122,128,128,118,103,99,102,129,127,117,95,109,95,149,95,93,52,92,65,55,48,31,57,41,41,52,48,51,29,17,34,22,17,11,4040.0,348
4040,RIVERSDALE_RD E of BURKE_RD,059 J01,-37.83294,145.05594,14517,380,3,1,2006-10-19 00:15:00,12,22,14,2,8,5,5,5,4,4,3,2,5,4,2,3,7,7,4,10,18,26,19,37,43,67,82,113,113,164,203,185,192,199,163,187,148,160,133,134,102,123,128,118,100,115,95,114,102,102,114,97,115,104,116,123,109,91,113,99,107,117,125,127,136,114,116,130,106,134,103,124,94,106,105,116,140,106,75,64,57,41,48,56,66,42,50,45,41,34,41,27,32,21,18,19,4040.0,367
4040,RIVERSDALE_RD E of BURKE_RD,059 J01,-37.83294,145.05594,14517,380,3,1,2006-10-20 00:15:00,20,8,17,9,8,9,6,12,4,5,10,3,3,6,7,6,5,5,5,3,12,16,24,32,38,69,82,91,128,123,179,237,171,118,171,160,144,118,129,140,103,109,98,115,116,133,150,117,127,132,109,148,98,94,123,119,100,111,120,111,100,125,110,112,124,95,127,124,131,100,146,132,131,102,105,108,109,99,69,69,59,57,56,59,56,44,50,52,35,37,58,31,33,37,28,27,4040.0,302
4040,RIVERSDALE_RD E of BURKE_RD,059 J01,-37.83294,145.05594,14517,380,3,1,2006-10-21 00:15:00,21,30,29,15,21,17,17,15,22,13,10,8,10,9,3,14,6,9,3,4,5,8,14,18,18,31,37,27,28,37,56,62,86,70,84,89,106,96,105,125,120,130,116,109,121,127,148,134,116,137,140,121,124,106,113,125,120,112,118,112,107,81,108,114,102,101,101,123,140,111,118,99,99,93,86,87,104,94,73,65,79,43,44,37,50,40,46,42,39,31,36,43,44,37,33,24,4040.0,93
4040,RIVERSDALE_RD E of BURKE_RD,059 J01,-37.83294,145.05594,14517,380,3,1,2006-10-22 00:15:00,27,27,28,24,21,15,21,16,12,13,15,11,9,17,14,16,6,12,11,10,12,15,10,15,9,14,16,16,20,33,34,52,52,38,44,78,80,89,98,103,87,100,113,128,112,102,116,139,119,111,147,135,132,113,101,92,78,83,96,97,58,82,85,119,94,88,83,118,97,68,82,76,74,70,63,79,71,50,57,33,40,34,43,45,38,39,38,19,21,31,19,24,21,12,6,12,4040.0,67
4040,RIVERSDALE_RD E of BURKE_RD,059 J01,-37.83294,145.05594,14517,380,3,1,2006-10-23 00:15:00,10,7,5,5,6,6,0,8,5,1,6,0,4,2,2,9,6,6,3,2,9,15,25,39,45,55,64,99,107,166,186,195,233,195,156,179,148,123,105,117,102,80,105,103,97,111,108,116,99,75,96,98,118,94,96,105,108,97,100,82,92,103,111,133,111,96,86,112,106,105,128,117,109,83,90,96,83,72,64,58,59,39,36,35,39,43,37,35,37,32,27,16,23,15,13,12,4040.0,352
4040,RIVERSDALE_RD E of BURKE_RD,059 J01,-37.83294,145.05594,14517,380,3,1,2006-10-24 00:15:00,8,12,4,11,8,2,6,4,5,3,6,3,2,3,7,5,3,6,8,4,9,25,27,31,49,63,65,89,146,156,165,190,231,198,153,183,156,156,134,139,115,105,124,107,98,94,109,119,89,103,103,98,101,83,86,101,108,102,105,117,88,121,122,115,96,108,104,104,174,148,103,140,114,89,87,117,82,98,85,61,71,51,69,48,56,49,52,35,37,30,31,30,25,26,14,20,4040.0,321
4040,RIVERSDALE_RD E of BURKE_RD,059 J01,-37.83294,145.05594,14517,380,3,1,2006-10-25 00:15:00,13,9,12,5,4,2,1,4,5,5,3,1,6,2,3,2,9,7,9,6,13,25,41,36,34,55,71,94,118,153,148,203,202,182,165,173,180,144,112,137,129,99,132,77,119,108,122,125,142,107,89,117,109,99,83,130,86,99,101,87,111,139,120,99,101,110,116,125,143,120,141,101,107,103,103,100,94,84,56,66,44,45,44,38,40,42,48,46,33,32,26,22,18,27,24,17,4040.0,301
4040,RIVERSDALE_RD E of BURKE_RD,059 J01,-37.83294,145.05594,14517,380,3,1,2006-10-26 00:15:00,12,9,12,7,7,5,7,3,3,3,1,4,4,4,2,3,6,2,7,7,12,20,24,46,35,81,62,120,124,192,148,227,185,207,167,162,147,128,121,130,105,90,106,77,112,128,123,112,117,90,122,104,97,106,117,117,113,132,101,113,90,130,85,94,98,118,91,117,111,81,140,119,127,117,121,108,111,108,101,63,58,58,38,61,53,53,51,39,41,26,31,33,35,24,29,21,4040.0,340
4040,RIVERSDALE_RD E of BURKE_RD,059 J01,-37.83294,145.05594,14517,380,3,1,2006-10-27 00:15:00,15,6,10,12,10,5,4,10,5,5,2,6,2,8,6,1,4,3,8,12,14,10,25,37,52,62,76,105,142,145,158,231,207,211,170,167,149,132,123,145,118,129,120,104,77,115,99,93,109,136,109,104,79,146,119,111,111,116,119,112,91,101,93,116,148,148,81,118,136,109,145,135,114,123,135,110,76,77,84,85,49,44,67,60,58,39,43,39,37,37,41,32,40,26,19,22,4040.0,303
4040,RIVERSDALE_RD E of BURKE_RD,059 J01,-37.83294,145.05594,14517,380,3,1,2006-10-28 00:15:00,23,22,20,22,22,19,12,14,18,11,12,5,12,9,10,13,10,4,7,5,11,6,7,24,22,35,28,48,28,50,49,61,70,91,83,86,90,115,101,113,112,124,113,150,133,131,110,153,138,139,104,106,143,143,145,131,137,128,147,139,128,108,110,102,106,118,114,126,138,143,118,103,70,101,113,95,124,81,84,77,59,68,54,55,53,64,66,43,41,41,34,42,41,45,32,36,4040.0,99
4040,RIVERSDALE_RD E of BURKE_RD,059 J01,-37.83294,145.05594,14517,380,3,1,2006-10-29 00:15:00,21,37,21,19,23,24,19,27,18,10,10,16,20,17,7,13,10,15,9,10,13,14,10,8,18,19,14,22,15,34,35,38,41,51,49,67,55,64,79,97,71,84,88,96,102,102,88,71,115,109,139,128,142,115,128,98,121,100,80,97,95,84,85,84,83,84,93,83,100,92,89,109,78,91,73,72,79,40,40,46,44,37,66,40,40,63,36,34,26,21,31,25,14,15,17,9,4040.0,69
4040,RIVERSDALE_RD E of BURKE_RD,059 J01,-37.83294,145.05594,14517,380,3,1,2006-10-30 00:15:00,17,16,10,5,6,1,4,5,3,2,4,5,5,9,5,5,5,4,7,6,5,16,16,30,38,51,70,68,109,148,158,189,201,217,193,151,157,123,116,111,111,120,107,92,93,105,109,87,94,86,104,102,97,111,93,95,96,89,84,110,108,106,92,99,128,97,112,125,117,133,126,120,108,115,83,91,78,85,60,54,51,47,43,43,43,46,45,34,30,40,25,23,25,19,15,13,4040.0,306
4040,RIVERSDALE_RD E of BURKE_RD,059 J01,-37.83294,145.05594,14517,380,3,1,2006-10-31 00:15:00,9,5,7,1,6,4,4,3,3,4,5,4,4,4,4,1,3,3,5,6,10,38,30,38,44,52,72,104,132,128,187,227,203,186,207,184,160,139,140,130,84,103,116,127,108,116,116,115,146,143,107,118,92,117,112,127,119,108,109,119,135,116,106,113,131,119,123,105,124,118,145,123,133,111,106,116,65,75,83,73,70,62,53,62,54,56,43,51,50,39,44,14,19,20,17,18,4040.0,315
4040,CAMBERWELL_RD SE of BURKE_RD,059 J01,-37.83312,145.05571,14501,380,4,1,2006-10-01 00:15:00,31,36,21,30,19,19,18,19,25,18,12,15,15,10,11,8,7,4,11,10,7,7,16,12,14,16,15,20,13,17,21,34,20,31,46,55,48,55,74,63,82,73,76,95,75,76,79,77,64,115,59,82,72,98,93,83,56,78,81,71,79,69,68,60,71,72,63,53,57,64,91,63,75,65,52,57,49,32,33,44,39,35,22,26,18,28,27,28,16,23,26,8,14,11,12,8,4040.0,38
4040,CAMBERWELL_RD SE of BURKE_RD,059 J01,-37.83312,145.05571,14501,380,4,1,2006-10-02 00:15:00,16,11,6,7,5,6,1,3,5,3,6,3,4,6,2,3,6,9,10,10,7,17,21,24,48,40,80,87,123,113,179,183,193,188,201,170,91,110,91,86,79,92,78,77,90,82,79,84,67,98,86,64,79,78,75,59,80,66,73,65,73,81,61,77,47,88,93,82,77,86,82,88,83,66,71,70,53,68,56,53,45,40,48,37,31,31,30,42,20,14,27,21,17,8,9,9,4040.0,292
4040,CAMBERWELL_RD SE of BURKE_RD,059 J01,-37.83312,145.05571,14501,380,4,1,2006-10-03 00:15:00,4,4,7,5,6,5,2,3,6,3,4,3,3,0,8,6,6,4,14,12,9,14,18,42,43,55,82,115,126,137,140,208,199,198,159,151,136,98,96,87,90,101,77,83,64,82,81,74,81,79,67,77,77,67,48,81,65,83,58,75,74,85,62,81,64,73,79,95,110,99,116,84,106,68,77,75,104,81,44,62,50,42,39,40,47,41,55,39,38,46,27,23,17,17,15,15,4040.0,277
4040,CAMBERWELL_RD SE of BURKE_RD,059 J01,-37.83312,145.05571,14501,380,4,1,2006-10-04 00:15:00,15,8,10,6,4,3,6,6,3,7,4,8,2,3,5,3,9,2,8,8,9,17,28,37,56,58,91,115,95,115,152,169,203,149,198,154,138,126,120,104,67,90,94,75,86,73,76,87,90,81,67,62,76,67,66,55,57,71,71,77,56,74,73,75,67,66,91,84,83,83,89,94,74,83,69,77,74,77,64,40,44,42,37,41,34,32,35,41,28,36,23,26,27,12,11,15,4040.0,267
4040,CAMBERWELL_RD SE of BURKE_RD,059 J01,-37.83312,145.05571,14501,380,4,1,2006-10-05 00:15:00,7,12,9,5,8,5,5,6,7,7,6,6,2,10,5,7,8,8,10,9,10,18,29,37,43,48,96,87,121,121,131,149,201,205,194,163,147,106,102,104,104,84,94,71,85,62,84,84,78,83,74,84,71,77,71,84,78,64,71,96,62,77,77,64,97,73,82,94,94,90,92,94,119,71,83,106,76,60,60,66,72,50,37,44,38,46,43,47,52,35,34,29,21,24,20,20,4040.0,252
4040,CAMBERWELL_RD SE of BURKE_RD,059 J01,-37.83312,145.05571,14501,380,4,1,2006-10-06 00:15:00,14,13,9,6,11,10,5,6,6,4,5,7,10,5,8,12,11,6,10,8,15,19,32,34,51,56,81,112,109,133,140,159,176,208,143,166,144,103,93,84,96,92,86,79,84,64,73,87,82,85,78,84,76,75,97,89,86,68,85,89,78,71,89,88,72,96,97,82,91,97,93,114,101,108,99,100,94,92,100,88,54,48,35,64,43,41,28,34,38,53,40,34,28,35,40,26,4040.0,273
4040,CAMBERWELL_RD SE of BURKE_RD,059 J01,-37.83312,145.05571,14501,380,4,1,2006-10-07 00:15:00,23,16,11,12,16,16,12,10,22,8,13,15,10,12,7,8,4,12,13,11,17,13,16,11,16,27,36,44,25,30,35,50,51,50,72,77,75,76,91,102,84,109,85,95,82,83,105,80,97,99,80,75,79,78,79,97,85,89,63,69,72,82,99,71,74,90,39,86,70,68,71,83,74,84,93,97,92,84,72,75,55,47,54,55,50,55,57,41,40,39,42,46,40,37,36,42,4040.0,65
4040,CAMBERWELL_RD SE of BURKE_RD,059 J01,-37.83312,145.05571,14501,380,4,1,2006-10-08 00:15:00,30,29,33,23,17,19,16,20,11,21,16,12,14,8,10,11,7,9,8,7,11,9,6,11,18,10,21,23,13,23,30,26,33,27,41,42,50,48,67,95,78,95,65,69,83,84,83,84,69,90,106,94,69,97,78,90,75,73,61,75,58,82,84,75,58,62,61,66,60,64,65,72,47,64,81,65,69,46,44,32,34,40,32,28,33,34,29,23,29,17,20,16,17,12,12,13,4040.0,53
4040,CAMBERWELL_RD SE of BURKE_RD,059 J01,-37.83312,145.05571,14501,380,4,1,2006-10-09 00:15:00,10,4,9,3,4,7,2,8,6,1,7,1,6,4,6,5,10,3,10,10,12,18,18,30,43,55,87,90,114,102,184,179,205,194,174,183,122,110,92,94,69,64,87,62,72,71,85,84,78,71,66,73,79,72,65,81,85,72,78,60,76,95,79,73,70,71,79,72,108,118,93,83,114,92,66,63,72,75,49,59,42,37,28,32,41,30,35,33,20,28,24,17,12,20,14,9,4040.0,286
4040,CAMBERWELL_RD SE of BURKE_RD,059 J01,-37.83312,145.05571,14501,380,4,1,2006-10-10 00:15:00,9,10,3,7,3,6,3,3,3,4,5,6,5,2,4,6,6,7,6,10,20,16,20,35,45,61,76,114,104,111,177,168,185,231,195,144,155,131,86,97,93,96,88,78,85,74,95,77,83,72,73,79,97,81,60,65,81,66,76,75,61,76,78,73,76,82,85,87,97,95,112,102,100,76,84,111,92,86,69,46,52,56,48,34,44,43,43,46,46,33,36,28,21,30,20,7,4040.0,288
4040,CAMBERWELL_RD SE of BURKE_RD,059 J01,-37.83312,145.05571,14501,380,4,1,2006-10-11 00:15:00,14,12,14,4,6,7,6,8,2,7,1,1,5,4,6,6,4,4,2,4,13,13,29,37,40,53,93,102,123,136,137,184,181,213,127,191,136,113,102,103,104,88,82,101,73,83,76,93,75,84,74,68,68,64,50,80,54,71,70,68,87,92,67,78,78,86,78,92,88,99,95,86,95,84,105,90,87,92,57,65,56,50,36,33,46,38,43,27,25,35,32,18,15,15,14,12,4040.0,273
4040,CAMBERWELL_RD SE of BURKE_RD,059 J01,-37.83312,145.05571,14501,380,4,1,2006-10-12 00:15:00,10,5,9,9,10,3,7,5,4,4,6,9,5,2,2,5,8,3,10,12,5,11,19,38,47,49,73,133,112,108,161,187,173,187,188,166,146,127,106,92,86,86,82,75,60,65,72,93,71,88,100,83,59,60,76,84,65,73,91,79,59,80,81,79,70,70,90,78,91,103,93,106,98,85,72,74,66,81,75,62,49,50,52,43,55,50,52,51,33,39,30,30,21,22,23,14,4040.0,269
